datetime,time,open,high,low,close,volume,EMA20,EMA50,RSI,MACD,Hist,vol_ratio,POC,fundingRate
2026-03-25 16:00:00,1774454400000,0.2703,0.2727,0.2696,0.2705,15062658.7,0.2705,0.2705,,0.0,0.0,,,
2026-03-25 20:00:00,1774468800000,0.2706,0.2714,0.2683,0.2705,7789813.7,0.2705,0.2705,,0.0,0.0,,,
2026-03-26 00:00:00,1774483200000,0.2704,0.2708,0.2657,0.2663,14720136.7,0.2701,0.2703352941176471,,-0.0003350427350427,-0.0002680341880342,,,
2026-03-26 04:00:00,1774497600000,0.2664,0.2666,0.2609,0.2621,19231802.0,0.2621,0.2621,,0.0,0.0,,,
2026-03-26 08:00:00,1774512000000,0.2621,0.2621,0.2568,0.2573,27881104.7,0.2616428571428571,0.2619117647058823,,-0.000382905982906,-0.0003063247863248,,,
2026-03-26 12:00:00,1774526400000,0.2573,0.2598,0.2544,0.256,28353954.7,0.2611054421768707,0.2616799307958478,,-0.0007822436506197,-0.0005645299632308,,,
2026-03-26 16:00:00,1774540800000,0.2561,0.2567,0.2531,0.2536,18758008.9,0.2603906381600259,0.261363070764638,,-0.0012776535765992,-0.0008479519113682,,,
2026-03-26 20:00:00,1774555200000,0.2536,0.2575,0.2526,0.2547,38493662.4,0.2598486726209758,0.2611017738719071,,-0.0015634858140293,-0.0009070273190387,,,
2026-03-27 00:00:00,1774569600000,0.2547,0.2562,0.2534,0.2544,14653100.1,0.259329751418978,0.2608389592102637,,-0.00179354257197,-0.0009096672615834,,,
2026-03-27 04:00:00,1774584000000,0.2545,0.2557,0.2526,0.2547,14016423.7,0.2547,0.2547,,0.0,0.0,,0.2547,
2026-03-27 08:00:00,1774598400000,0.2548,0.2554,0.2442,0.2474,56152824.7,0.2540047619047619,0.2544137254901961,,-0.0005823361823361,-0.0004658689458689,,0.2474,
2026-03-27 12:00:00,1774612800000,0.2473,0.2498,0.2459,0.2477,35357829.3,0.2534043083900227,0.2541504421376394,,-0.0010080145453364,-0.0007132378470953,,0.2477,
2026-03-27 16:00:00,1774627200000,0.2477,0.2487,0.2452,0.2466,16434514.1,0.2527562790195443,0.2538543463675359,,-0.0014177851768,-0.0008984067828472,,0.2466,
2026-03-27 20:00:00,1774641600000,0.2466,0.2472,0.245,0.2461,9014372.3,0.2521223476843496,0.2535502543531227,,-0.0017625594871855,-0.0009945448745861,,0.2461,
2026-03-28 00:00:00,1774656000000,0.2461,0.2473,0.2446,0.2448,15782380.3,0.2514249812382211,0.2532071071235885,,-0.0021162993658387,-0.0010786278025914,,0.2448,
2026-03-28 04:00:00,1774670400000,0.2448,0.2485,0.244,0.2484,10306826.0,0.2484,0.2484,,0.0,0.0,,0.2484,
2026-03-28 08:00:00,1774684800000,0.2485,0.2493,0.2472,0.2485,7906424.1,0.2484095238095238,0.2484039215686274,,7.977207977211132e-06,6.3817663817689055e-06,,0.2485,
2026-03-28 12:00:00,1774699200000,0.2485,0.253,0.2467,0.2513,21423698.4,0.2486848072562358,0.2485174932718185,,0.0002374980722559,0.0001887221045283,,0.2513,
2026-03-28 16:00:00,1774713600000,0.2514,0.2518,0.2493,0.2498,8185807.9,0.2487910160889753,0.2485677876533158,,0.0002949574608246,0.0001969451944776,,0.2498,
2026-03-28 20:00:00,1774728000000,0.2499,0.2507,0.245,0.246,9663824.6,0.2485252050328824,0.2484670900982838,,3.348025858274095e-05,-5.162560621137474e-05,,0.246,
2026-03-29 00:00:00,1774742400000,0.2459,0.2474,0.245,0.2467,22798318.5,0.2483513759821317,0.2483977924473707,,-0.0001159218828726,-0.0001608221981334,,0.2467,
2026-03-29 04:00:00,1774756800000,0.2467,0.2467,0.2428,0.2451,19001114.3,0.2451,0.2451,,0.0,0.0,,0.2451,
2026-03-29 08:00:00,1774771200000,0.2452,0.2454,0.2414,0.2437,15803828.3,0.2449666666666667,0.2450450980392157,,-0.0001116809116809,-8.934472934472027e-05,,0.2437,
2026-03-29 12:00:00,1774785600000,0.2437,0.2437,0.2402,0.2415,16779125.6,0.2446365079365079,0.2449060745866974,,-0.0003734060600157,-0.0002808559021436,,0.2415,
2026-03-29 16:00:00,1774800000000,0.2415,0.2422,0.2395,0.24,15430498.2,0.2441949357520786,0.2447136795048661,,-0.0006938641556055,-0.0004810511981867,,0.24,
2026-03-29 20:00:00,1774814400000,0.2399,0.242,0.2328,0.2398,34830999.0,0.2437763704423568,0.2445209861909498,,-0.0009529824452488,-0.000592135590264,,0.2398,
2026-03-30 00:00:00,1774828800000,0.2398,0.2477,0.2394,0.2462,22549575.6,0.2440071923049895,0.2445868298697361,,-0.0006345938408923,-0.000218997588726,,0.2462,
2026-03-30 04:00:00,1774843200000,0.2462,0.2494,0.2457,0.2487,18778150.0,0.2487,0.2487,,0.0,0.0,,0.2487,
2026-03-30 08:00:00,1774857600000,0.2487,0.2529,0.2476,0.2506,26023073.4,0.2488809523809524,0.2487745098039215,,0.0001515669515669,0.0001212535612535,,0.2506,
2026-03-30 12:00:00,1774872000000,0.2507,0.2517,0.2473,0.2484,16904101.1,0.2488351473922902,0.2487598231449442,,9.309015348904492e-05,5.0221410540522976e-05,,0.2484,
2026-03-30 16:00:00,1774886400000,0.2485,0.2489,0.2425,0.2437,18117840.4,0.2483460857358816,0.2485613987078876,,-0.000328714633079,-0.000297266700822,,0.2437,
2026-03-30 20:00:00,1774900800000,0.2436,0.2462,0.2426,0.2434,10040887.8,0.247875029951512,0.2483589909154214,,-0.0006793740569362,-0.0005183408997434,,0.2434,
2026-03-31 00:00:00,1774915200000,0.2435,0.2494,0.2433,0.2461,14624328.8,0.2477059794799394,0.2482704030363853,,-0.0007309804538963,-0.0004559578373628,,0.2461,
2026-03-31 04:00:00,1774929600000,0.2462,0.2465,0.2431,0.2436,20930332.4,0.2436,0.2436,,0.0,0.0,,0.2436,
2026-03-31 08:00:00,1774944000000,0.2437,0.2442,0.2396,0.2411,24181020.3,0.2433619047619047,0.2435019607843137,,-0.0001994301994301,-0.0001595441595441,,0.2411,
2026-03-31 12:00:00,1774958400000,0.2411,0.2455,0.2375,0.238,23437917.4,0.2428512471655328,0.2432861976163014,,-0.0006006996696455,-0.0004486509038075,,0.238,
2026-03-31 16:00:00,1774972800000,0.2379,0.2423,0.2342,0.241,38891569.4,0.2426749379116726,0.243196542807819,,-0.0006689227626102,-0.0004134991974178,,0.241,
2026-03-31 20:00:00,1774987200000,0.2409,0.2427,0.2383,0.2418,20152474.8,0.2425916104915133,0.2431417764231986,,-0.0006509331885785,-0.0003164076987089,,0.2418,
2026-04-01 00:00:00,1775001600000,0.2418,0.2464,0.2413,0.2456,18149445.7,0.2428781237780358,0.2432381773477791,,-0.0003262868478007,6.590913655132728e-06,,0.2456,
2026-04-01 04:00:00,1775016000000,0.2456,0.2548,0.2439,0.2498,44415960.8,0.2498,0.2498,,0.0,0.0,,0.2498,
2026-04-01 08:00:00,1775030400000,0.2499,0.2501,0.2458,0.2482,28367791.0,0.249647619047619,0.2497372549019608,,-0.0001276353276353,-0.0001021082621083,,0.2482,
2026-04-01 12:00:00,1775044800000,0.2483,0.2512,0.2454,0.2491,28459670.4,0.2495954648526077,0.2497122645136486,,-0.0001543851105105,-0.0001030864359867,,0.2491,
2026-04-01 16:00:00,1775059200000,0.2493,0.2523,0.2481,0.2495,15560535.3,0.2495863729618831,0.2497039404150741,,-0.0001416747112188,-7.230082935608361e-05,,0.2495,
2026-04-01 20:00:00,1775073600000,0.2495,0.2506,0.2472,0.2484,11616751.8,0.2494733850607514,0.2496528054968359,,-0.0002178511823012,-0.0001187818403507,,0.2484,
2026-04-02 00:00:00,1775088000000,0.2484,0.2507,0.2378,0.2391,67856023.3,0.2484854436263941,0.2492389699871561,,-0.0010169313099891,-0.0007342895744309,,0.2391,
2026-04-02 04:00:00,1775102400000,0.2391,0.2393,0.2357,0.239,37118006.6,0.239,0.239,,0.0,0.0,,0.239,
2026-04-02 08:00:00,1775116800000,0.2389,0.2394,0.2361,0.2369,24158881.6,0.2387999999999999,0.2389176470588235,,-0.0001675213675213,-0.0001340170940171,,0.2369,
2026-04-02 12:00:00,1775131200000,0.2369,0.2434,0.2348,0.2397,31378846.2,0.2388857142857142,0.2389483275663206,,-7.349940341394579e-05,-3.1996103927736104e-05,,0.2397,
2026-04-02 16:00:00,1775145600000,0.2397,0.2427,0.238,0.2397,23921465.6,0.2389632653061224,0.238977804916661,,1.002128617977327e-06,3.4004342483349604e-05,,0.2397,
2026-04-02 20:00:00,1775160000000,0.2397,0.2409,0.2387,0.2394,11100036.9,0.2390048590864917,0.2389943615865958,,3.5429230596045747e-05,5.4745155569134416e-05,,0.2394,
2026-04-03 00:00:00,1775174400000,0.2394,0.2415,0.2388,0.2413,8713458.8,0.2413,0.2413,,0.0,0.0,,0.2413,
2026-04-03 04:00:00,1775188800000,0.2413,0.2452,0.2411,0.2435,14718944.7,0.2435,0.2435,,0.0,0.0,,0.2435,
2026-04-03 08:00:00,1775203200000,0.2436,0.2466,0.2427,0.2456,18435355.8,0.2437,0.2435823529411764,,0.0001675213675213,0.0001340170940171,,0.2456,
2026-04-03 12:00:00,1775217600000,0.2456,0.2514,0.2447,0.2461,35952986.3,0.2439285714285714,0.2436810841983852,,0.0003367472666618,0.000242594394526,,0.2461,
2026-04-03 16:00:00,1775232000000,0.2461,0.2506,0.2458,0.2476,20410616.6,0.2442782312925169,0.2438347671709975,,0.0005851522045449,0.0003927994659273,,0.2476,
2026-04-03 20:00:00,1775246400000,0.2475,0.2487,0.2451,0.2463,8755354.9,0.2444707806932296,0.2439314429682134,,0.000669399352977,0.0003816372914875,,0.2463,
2026-04-04 00:00:00,1775260800000,0.2463,0.247,0.2445,0.2468,7413841.8,0.2446926111033982,0.2440439354008324,,0.0007676625108314,0.0003839203594735,,0.2468,
2026-04-04 04:00:00,1775275200000,0.2468,0.2474,0.244,0.2453,11038160.3,0.2453,0.2453,,0.0,0.0,,0.2453,
2026-04-04 08:00:00,1775289600000,0.2454,0.2459,0.2432,0.245,6520376.8,0.2452714285714285,0.2452882352941176,,-2.393162393160564e-05,-1.914529914528452e-05,,0.245,
2026-04-04 12:00:00,1775304000000,0.245,0.2468,0.2435,0.2452,6390270.9,0.2452646258503401,0.2452847750865052,,-2.645433072781533e-05,-1.7334404753195363e-05,,0.2452,
2026-04-04 16:00:00,1775318400000,0.2452,0.25,0.245,0.2479,10497908.2,0.2455156138645934,0.2453873329262501,,0.0001872552788275,0.0001571001638417,,0.2479,
2026-04-04 20:00:00,1775332800000,0.2479,0.2485,0.2464,0.2479,8433617.6,0.2457426982584417,0.2454858688899265,,0.0003525576193188,0.0002579220034664,,0.2479,
2026-04-05 00:00:00,1775347200000,0.2479,0.2487,0.2466,0.2467,7991463.0,0.2458338698528758,0.2455334818746353,,0.0003823237536716,0.0002301505102553,,0.2467,
2026-04-05 04:00:00,1775361600000,0.2466,0.2469,0.2415,0.2421,9239463.9,0.2421,0.2421,,0.0,0.0,,0.2421,
2026-04-05 08:00:00,1775376000000,0.242,0.2432,0.24,0.2426,9474722.6,0.242147619047619,0.2421196078431372,,3.988603988605566e-05,3.1908831908844526e-05,,0.2426,
2026-04-05 12:00:00,1775390400000,0.2425,0.2458,0.2403,0.2436,12405070.7,0.2436,0.2436,,0.0,0.0,,0.2436,
2026-04-05 16:00:00,1775404800000,0.2435,0.2443,0.2426,0.2437,5874054.7,0.2436095238095238,0.2436039215686274,,7.977207977211132e-06,6.3817663817689055e-06,,0.2437,
2026-04-05 20:00:00,1775419200000,0.2437,0.251,0.2421,0.2508,23524002.5,0.2442943310657596,0.2438861207227989,,0.0005805180152758,0.0004631380589443,,0.2508,
2026-04-06 00:00:00,1775433600000,0.2509,0.2594,0.2509,0.2569,51092568.6,0.2454948709642587,0.244396468929748,,0.001509083969538,0.0011133632105652,,0.2569,
2026-04-06 04:00:00,1775448000000,0.257,0.2587,0.2543,0.2552,28686588.5,0.2552,0.2552,,0.0,0.0,,0.2552,
2026-04-06 08:00:00,1775462400000,0.2553,0.2601,0.2549,0.2556,24777666.1,0.2552380952380952,0.2552156862745098,,3.1908831908789015e-05,2.552706552703121e-05,,0.2556,
2026-04-06 12:00:00,1775476800000,0.2557,0.257,0.2537,0.2543,15430854.1,0.2551487528344671,0.2551797770088427,,-4.715870812738165e-05,-4.283237960731157e-05,,0.2543,
2026-04-06 16:00:00,1775491200000,0.2544,0.2545,0.2512,0.2521,13456635.8,0.2548583954216606,0.2550590014398685,,-0.0002840673653281,-0.0002237928294464,,0.2521,
2026-04-06 20:00:00,1775505600000,0.2522,0.2529,0.2448,0.2461,14384762.2,0.2540242625243596,0.2547076680500698,,-0.0009450748048406,-0.0007078402151671,,0.2461,
2026-04-07 00:00:00,1775520000000,0.246,0.2465,0.2435,0.2452,16182025.4,0.2531838565696587,0.254334818322616,,-0.0015239829149447,-0.001029398660217,,0.2452,
2026-04-07 04:00:00,1775534400000,0.2451,0.246,0.2424,0.2434,12406315.9,0.2434,0.2434,,0.0,0.0,,0.2434,
2026-04-07 08:00:00,1775548800000,0.2434,0.2457,0.2413,0.2423,23456034.0,0.2432952380952381,0.243356862745098,,-8.774928774932245e-05,-7.019943019945796e-05,,0.2423,
2026-04-07 12:00:00,1775563200000,0.2423,0.2436,0.24,0.2423,24462680.7,0.2432004535147392,0.243315417147251,,-0.0001554987378349,-0.0001103591042281,,0.2423,
2026-04-07 16:00:00,1775577600000,0.2423,0.247,0.2417,0.2466,12864284.8,0.2435242198466688,0.2434442243179471,,0.0001362132170874,0.0001450822805554,,0.2466,
2026-04-07 20:00:00,1775592000000,0.2468,0.2664,0.2458,0.2627,79967954.1,0.2453504846231765,0.2441993527760668,,0.0016475406664758,0.001325127783955,,0.2627,
2026-04-08 00:00:00,1775606400000,0.2627,0.2644,0.2595,0.2607,37257834.8,0.246812343230493,0.244846436980927,,0.0026533095722192,0.0018647173517587,,0.2607,
2026-04-08 04:00:00,1775620800000,0.2606,0.2637,0.2602,0.2612,16938822.6,0.2612,0.2612,,0.0,0.0,,0.2612,
2026-04-08 08:00:00,1775635200000,0.2611,0.2615,0.2559,0.2577,18498512.0,0.2608666666666666,0.2610627450980392,,-0.0002792022792023,-0.0002233618233618,,0.2577,
2026-04-08 12:00:00,1775649600000,0.2577,0.2597,0.2519,0.2542,30566958.6,0.260231746031746,0.2607936178392925,,-0.0007739709904951,-0.0005745044277237,,0.2542,
2026-04-08 16:00:00,1775664000000,0.2541,0.2563,0.252,0.253,16175913.2,0.2595430083144368,0.2604879857671634,,-0.0012485166077133,-0.0008392400359535,,0.253,
2026-04-08 20:00:00,1775678400000,0.253,0.2546,0.2498,0.2508,15613345.0,0.2508,0.2508,,0.0,0.0,,0.2508,
2026-04-09 00:00:00,1775692800000,0.2507,0.2508,0.2477,0.2491,11928364.2,0.2506380952380952,0.2507333333333333,,-0.0001356125356125,-0.00010849002849,,0.2491,
2026-04-09 04:00:00,1775707200000,0.2491,0.2517,0.2485,0.2506,11077010.9,0.2506,0.2506,,0.0,0.0,,0.2506,
2026-04-09 08:00:00,1775721600000,0.2506,0.2523,0.2493,0.2507,13381844.8,0.2506095238095238,0.2506039215686274,,7.977207977183376e-06,6.3817663817467006e-06,,0.2507,
2026-04-09 12:00:00,1775736000000,0.2506,0.2557,0.2488,0.2546,19846269.3,0.2509895691609977,0.2507606305267205,,0.0003252473600052,0.0002589215347278,,0.2546,
2026-04-09 16:00:00,1775750400000,0.2547,0.2569,0.2529,0.2557,16004602.9,0.251438181621855,0.2509543312903785,,0.0006578636060669,0.0004732302246316,,0.2557,
2026-04-09 20:00:00,1775764800000,0.2557,0.2611,0.2534,0.2541,17143824.3,0.2516916881340593,0.2510776908476186,,0.0007833280312598,0.0004789557198596,,0.2541,
2026-04-10 00:00:00,1775779200000,0.2541,0.255,0.2513,0.2517,14228339.8,0.2516924797403394,0.2511020951281041,,0.0006812465634621,0.0003014994016495,,0.2517,
2026-04-10 04:00:00,1775793600000,0.2517,0.254,0.2498,0.2507,13315870.0,0.2507,0.2507,,0.0,0.0,,0.2507,
2026-04-10 08:00:00,1775808000000,0.2507,0.252,0.2498,0.2513,15392319.7,0.2507571428571428,0.2507235294117647,,4.786324786321128e-05,3.829059829056903e-05,,0.2513,
2026-04-10 12:00:00,1775822400000,0.2513,0.2566,0.2507,0.254,25547545.2,0.2510659863945578,0.2508520184544406,,0.000300202108749,0.0002325035673411,,0.254,
2026-04-10 16:00:00,1775836800000,0.254,0.2584,0.2536,0.2581,19564726.8,0.2581,0.2581,,0.0,0.0,,0.2581,
2026-04-10 20:00:00,1775851200000,0.258,0.2589,0.2538,0.2542,14983504.9,0.2577285714285714,0.2579470588235294,,-0.000311111111111,-0.0002488888888888,,0.2542,
2026-04-11 00:00:00,1775865600000,0.2542,0.2553,0.2524,0.2532,14758882.8,0.2572972789115646,0.2577608996539792,,-0.0006310857866412,-0.0004550908515352,,0.2532,
2026-04-11 04:00:00,1775880000000,0.2531,0.2543,0.2496,0.2506,15845009.2,0.2506,0.2506,,0.0,0.0,,0.2506,
2026-04-11 08:00:00,1775894400000,0.2506,0.2508,0.2492,0.2497,19375056.9,0.2505142857142857,0.2505647058823529,,-7.179487179487243e-05,-5.743589743589794e-05,,0.2497,
2026-04-11 12:00:00,1775908800000,0.2498,0.2504,0.2464,0.2482,27210691.7,0.2502938775510204,0.2504719723183391,,-0.0002468843597048,-0.0001860203082766,,0.2482,
2026-04-11 16:00:00,1775923200000,0.2483,0.2554,0.248,0.2544,31468828.0,0.2506849368318756,0.2506260126195807,,0.0001133376581401,0.0001393613676546,,0.2544,
2026-04-11 20:00:00,1775937600000,0.2545,0.2551,0.2486,0.2495,25402565.3,0.2505720857050303,0.2505818552619501,,3.388097669476675e-06,2.352944574717064e-05,,0.2495,
2026-04-12 00:00:00,1775952000000,0.2495,0.2506,0.2423,0.2438,36251308.5,0.249927125161694,0.2503159001536383,,-0.0005374941858636,-0.0004138822702287,,0.2438,
2026-04-12 04:00:00,1775966400000,0.2438,0.244,0.2413,0.2415,27957693.1,0.2415,0.2415,,0.0,0.0,,0.2415,
2026-04-12 08:00:00,1775980800000,0.2415,0.2415,0.2385,0.2406,39604311.0,0.2414142857142857,0.2414647058823529,,-7.179487179484467e-05,-5.7435897435875737e-05,,0.2406,
2026-04-12 12:00:00,1775995200000,0.2406,0.2411,0.2373,0.2384,34135449.1,0.2411272108843537,0.2413445213379469,,-0.0003027248155453,-0.000230692672949,,0.2384,
2026-04-12 16:00:00,1776009600000,0.2383,0.24,0.2377,0.2381,18469414.0,0.2408389050858438,0.241217285207047,,-0.000504134602637,-0.0003456819680326,,0.2381,
2026-04-12 20:00:00,1776024000000,0.2381,0.2399,0.2354,0.2361,25359134.1,0.2403875807919539,0.2410166073557903,,-0.0008157333292457,-0.000525824555713,,0.2361,
2026-04-13 00:00:00,1776038400000,0.2362,0.2387,0.2358,0.2382,18215994.2,0.2401792397641488,0.2409061521653671,,-0.000883045911868,-0.0004745097106682,,0.2382,
2026-04-13 04:00:00,1776052800000,0.2382,0.2398,0.2372,0.2381,15118000.8,0.2381,0.2381,,0.0,0.0,,0.2381,
2026-04-13 08:00:00,1776067200000,0.2381,0.2395,0.2374,0.2382,11066057.1,0.2381095238095238,0.2381039215686274,,7.977207977211132e-06,6.3817663817689055e-06,,0.2382,
2026-04-13 12:00:00,1776081600000,0.2382,0.2433,0.2378,0.2394,36875493.7,0.2382324263038548,0.2381547481737793,,0.0001098627446205,8.661384242010684e-05,,0.2394,
2026-04-13 16:00:00,1776096000000,0.2393,0.2419,0.2374,0.2414,28339619.8,0.238534099989202,0.2382820129512782,,0.0003479797577215,0.0002597846844168,,0.2414,
2026-04-13 20:00:00,1776110400000,0.2414,0.249,0.2389,0.2486,42647563.1,0.2394927571330875,0.2386866398943653,,0.0011049320641941,0.0008133895927115,,0.2486,
2026-04-14 00:00:00,1776124800000,0.2487,0.249,0.2436,0.2447,24618244.4,0.2399886850251744,0.2389224579377235,,0.001374282936055,0.0008661923716579,,0.2447,
2026-04-14 04:00:00,1776139200000,0.2447,0.2457,0.2412,0.2434,20254267.6,0.2434,0.2434,,0.0,0.0,,0.2434,
2026-04-14 08:00:00,1776153600000,0.2435,0.2451,0.2423,0.2433,20131584.4,0.2433904761904761,0.2433960784313725,,-7.977207977211132e-06,-6.3817663817689055e-06,,0.2433,
2026-04-14 12:00:00,1776168000000,0.2434,0.2496,0.2428,0.2444,39028242.7,0.2434866213151927,0.2434354479046521,,7.361303885519699e-05,6.016678436051137e-05,,0.2444,
2026-04-14 16:00:00,1776182400000,0.2444,0.2462,0.2388,0.2404,24437363.4,0.2431926573804124,0.2433164107319206,,-0.0001823901927018,-0.0001566691577571,,0.2404,
2026-04-14 20:00:00,1776196800000,0.2404,0.2417,0.2386,0.2396,17864783.8,0.2428504995346589,0.2431706691345904,,-0.0004447016682213,-0.0003351845066214,,0.2396,
2026-04-15 00:00:00,1776211200000,0.2396,0.2413,0.2389,0.2396,13984699.4,0.2425409281504056,0.2430306428940182,,-0.0006451485317398,-0.0004285050961119,,0.2396,
2026-04-15 04:00:00,1776225600000,0.2397,0.2419,0.2381,0.2383,20208632.4,0.2383,0.2383,,0.0,0.0,,0.2383,
2026-04-15 08:00:00,1776240000000,0.2383,0.2426,0.2382,0.2416,13459917.0,0.2386142857142857,0.2384294117647059,,0.0002632478632478,0.0002105982905983,,0.2416,
2026-04-15 12:00:00,1776254400000,0.2416,0.2439,0.2399,0.2427,18914271.0,0.2390034013605442,0.2385968858131487,,0.000554245501254,0.0004012767428835,,0.2427,
2026-04-15 16:00:00,1776268800000,0.2426,0.2505,0.2423,0.249,36453007.3,0.2399554583738257,0.2390048510753782,,0.0012784830181961,0.0009004114078605,,0.249,
2026-04-15 20:00:00,1776283200000,0.2489,0.2499,0.2449,0.246,25378685.1,0.2405311290048899,0.2392791706410497,,0.0015920197278437,0.0009711584940064,,0.246,
2026-04-16 00:00:00,1776297600000,0.2461,0.25,0.2438,0.2492,23657349.3,0.241356735766329,0.2396682227727732,,0.0020747961273927,0.0011631479148444,,0.2492,
2026-04-16 04:00:00,1776312000000,0.2492,0.2518,0.2485,0.2501,33110767.6,0.2501,0.2501,,0.0,0.0,,0.2501,
2026-04-16 08:00:00,1776326400000,0.2501,0.2506,0.2469,0.2484,24949990.1,0.2499380952380952,0.2500333333333333,,-0.0001356125356125,-0.00010849002849,,0.2484,
2026-04-16 12:00:00,1776340800000,0.2484,0.2545,0.2454,0.2533,52000991.4,0.2502582766439909,0.2501614379084967,,0.0001505669596837,0.000142151573445,,0.2533,
2026-04-16 16:00:00,1776355200000,0.2533,0.2608,0.2506,0.2604,58942515.4,0.2512241550588489,0.2505629501473792,,0.000939447567569,0.0007448257450642,,0.2604,
2026-04-16 20:00:00,1776369600000,0.2603,0.2615,0.2567,0.2591,29804499.4,0.2519742355294347,0.2508977364161094,,0.0014431067610112,0.0009987879508051,,0.2591,
2026-04-17 00:00:00,1776384000000,0.2591,0.2599,0.254,0.255,24396505.9,0.2522624035742505,0.2510586094978306,,0.0014942003540384,0.0008399052350658,,0.255,
2026-04-17 04:00:00,1776398400000,0.255,0.2565,0.252,0.2561,19568633.4,0.2561,0.2561,,0.0,0.0,,0.2561,
2026-04-17 08:00:00,1776412800000,0.2562,0.2599,0.2543,0.2575,35619852.6,0.2562333333333333,0.2561549019607843,,0.0001116809116809,8.934472934472027e-05,,0.2575,
2026-04-17 12:00:00,1776427200000,0.2576,0.268,0.2568,0.2635,75221055.2,0.2569253968253968,0.2564429450211457,,0.0006765399631496,0.0005233630246507,,0.2635,
2026-04-17 16:00:00,1776441600000,0.2636,0.2663,0.2604,0.2611,30651751.7,0.2573229780801209,0.2566255746281596,,0.0009199305024696,0.0006134028511766,,0.2611,
2026-04-17 20:00:00,1776456000000,0.2612,0.262,0.2573,0.2586,26166630.3,0.2574445992153475,0.2567030030741142,,0.000900707358034,0.0004753437653928,,0.2586,
2026-04-18 00:00:00,1776470400000,0.2586,0.2596,0.2563,0.257,13660539.1,0.2574022564329334,0.2567146500123842,,0.0007477466909345,0.0002579064786346,,0.257,
2026-04-18 04:00:00,1776484800000,0.2571,0.2589,0.256,0.2586,12663592.6,0.2586,0.2586,,0.0,0.0,,0.2586,
2026-04-18 08:00:00,1776499200000,0.2587,0.2587,0.2496,0.251,29039079.0,0.2578761904761905,0.2583019607843137,,-0.0006062678062677,-0.0004850142450142,,0.251,
2026-04-18 12:00:00,1776513600000,0.251,0.2522,0.2497,0.2511,16213460.5,0.2572308390022675,0.2580195309496347,,-0.001066377707973,-0.0007560993173756,,0.2511,
2026-04-18 16:00:00,1776528000000,0.251,0.251,0.2473,0.2488,22921305.1,0.2564279019544325,0.2576579807163157,,-0.0015981860046599,-0.0010303260912499,,0.2488,
2026-04-18 20:00:00,1776542400000,0.2488,0.2508,0.248,0.2491,9951923.2,0.2557300065302009,0.2573223736294014,,-0.0019727003567119,-0.0011238723546415,,0.2491,
2026-04-19 00:00:00,1776556800000,0.2492,0.2498,0.2469,0.2482,11330880.4,0.2550128630511341,0.2569646334870719,,-0.0023154372381576,-0.0011732873888698,,0.2482,
2026-04-19 04:00:00,1776571200000,0.2482,0.249,0.2444,0.246,20667424.2,0.246,0.246,,0.0,0.0,,0.246,
2026-04-19 08:00:00,1776585600000,0.2459,0.2482,0.2445,0.2473,16489517.5,0.2461238095238095,0.2460509803921568,,0.0001037037037037,8.296296296297356e-05,,0.2473,
2026-04-19 12:00:00,1776600000000,0.2473,0.2509,0.2462,0.2488,29342291.1,0.2463786848072562,0.2461587850826605,,0.0003034293552812,0.0002261508916323,,0.2488,
2026-04-19 16:00:00,1776614400000,0.2489,0.2496,0.2443,0.2467,23012955.0,0.2464092862541842,0.246180009197066,,0.000288930314719,0.0001693214808561,,0.2467,
2026-04-19 20:00:00,1776628800000,0.2466,0.2466,0.2408,0.2424,34474681.4,0.2460274494680714,0.2460317735422791,,-6.874192862413309e-05,-0.0001506806099896,,0.2424,
2026-04-20 00:00:00,1776643200000,0.2424,0.2464,0.2419,0.2459,14665325.9,0.2460153114234932,0.2460266059523858,,-6.898380670075643e-05,-0.0001207379904529,,0.2459,
2026-04-20 04:00:00,1776657600000,0.2459,0.2492,0.2436,0.2467,15535279.6,0.2467,0.2467,,0.0,0.0,,0.2467,
2026-04-20 08:00:00,1776672000000,0.2467,0.2486,0.2443,0.2465,13984713.2,0.2466809523809524,0.2466921568627451,,-1.5954415954394507e-05,-1.2763532763515604e-05,,0.2465,
2026-04-20 12:00:00,1776686400000,0.2465,0.2494,0.2448,0.2478,21760753.9,0.2467875283446712,0.246735601691657,,7.543120591552155e-05,6.289767128512036e-05,,0.2478,
2026-04-20 16:00:00,1776700800000,0.2478,0.2502,0.2456,0.2489,18077260.2,0.2469887161213692,0.2468204800566901,,0.0002339193004755,0.0001771086126761,,0.2489,
2026-04-20 20:00:00,1776715200000,0.2488,0.2514,0.2476,0.2479,18708465.9,0.2470755050621911,0.246862814172114,,0.0002756530577465,0.0001750738959576,,0.2479,
2026-04-21 00:00:00,1776729600000,0.2479,0.2498,0.2465,0.247,11108879.4,0.2470683141038872,0.2468681940085017,,0.0002334142287394,0.0001062680535605,,0.247,
2026-04-21 04:00:00,1776744000000,0.247,0.2503,0.2469,0.2495,10728642.8,0.2495,0.2495,,0.0,0.0,,0.2495,
2026-04-21 08:00:00,1776758400000,0.2494,0.2525,0.2493,0.2502,17822654.9,0.2495666666666666,0.2495274509803921,,5.5840455840450165e-05,4.4672364672360135e-05,,0.2502,
2026-04-21 12:00:00,1776772800000,0.2502,0.2507,0.2475,0.2488,19901527.7,0.2494936507936508,0.249498923490965,,-1.2727169422355187e-05,-1.9116208472356177e-05,,0.2488,
2026-04-21 16:00:00,1776787200000,0.2488,0.2494,0.2441,0.2447,26940624.3,0.2490371126228269,0.2493107304128879,,-0.0003933687314439,-0.0003198062163951,,0.2447,
2026-04-21 20:00:00,1776801600000,0.2448,0.2501,0.2446,0.2499,18683507.8,0.2491192923730338,0.2493338390241473,,-0.000272294528111,-0.0001589856104498,,0.2499,
2026-04-22 00:00:00,1776816000000,0.2499,0.2554,0.2488,0.2542,34826683.0,0.2496031692898877,0.2495246688663376,,0.0001686871927692,0.0002255968883443,,0.2542,
2026-04-22 04:00:00,1776830400000,0.2543,0.2576,0.2533,0.2548,27884297.7,0.2548,0.2548,,0.0,0.0,,0.2548,
2026-04-22 08:00:00,1776844800000,0.2549,0.2564,0.2542,0.2556,11508590.4,0.2548761904761905,0.2548313725490196,,6.381766381763354e-05,5.105413105410683e-05,,0.2556,
2026-04-22 12:00:00,1776859200000,0.2557,0.2562,0.254,0.255,22096565.0,0.2548879818594105,0.2548379853902345,,6.522674328945932e-05,4.1970568420746086e-05,,0.255,
2026-04-22 16:00:00,1776873600000,0.2551,0.2556,0.2513,0.2524,14749189.2,0.2546510312061333,0.2547423781200292,,-0.0001418200091846,-0.0001320609472427,,0.2524,
2026-04-22 20:00:00,1776888000000,0.2524,0.2526,0.2481,0.2484,15799798.2,0.2540556949007873,0.2544936574094399,,-0.0006215082624428,-0.0004893993604007,,0.2484,
2026-04-23 00:00:00,1776902400000,0.2483,0.2496,0.2453,0.2464,27083327.7,0.2533265811007123,0.2541762590796579,,-0.0011497938367911,-0.0008141479477991,,0.2464,
2026-04-23 04:00:00,1776916800000,0.2464,0.2484,0.2461,0.2469,13414307.9,0.2469,0.2469,,0.0,0.0,,0.2469,
2026-04-23 08:00:00,1776931200000,0.2469,0.2481,0.2449,0.2476,20788573.5,0.2469666666666666,0.2469274509803921,,5.5840455840450165e-05,4.4672364672360135e-05,,0.2476,
2026-04-23 12:00:00,1776945600000,0.2475,0.2508,0.2467,0.2503,20185818.1,0.247284126984127,0.2470597078046905,,0.0003143383576432,0.0002425362131801,,0.2503,
2026-04-23 16:00:00,1776960000000,0.2504,0.2508,0.2446,0.2467,32117542.1,0.2472284958427815,0.2470456016162712,,0.0002261035130995,0.0001234410949091,,0.2467,
2026-04-23 20:00:00,1776974400000,0.2468,0.2504,0.2465,0.2499,12819098.2,0.2474829248101356,0.24715753880779,,0.0004096676261995,0.0002456041664073,,0.2499,
2026-04-24 00:00:00,1776988800000,0.2499,0.2519,0.2481,0.2485,16331683.2,0.2475797891139322,0.2472101843447394,,0.0004371361749109,0.0002184581720949,,0.2485,
2026-04-24 04:00:00,1777003200000,0.2485,0.2496,0.2472,0.249,8366048.7,0.249,0.249,,0.0,0.0,,0.249,
2026-04-24 08:00:00,1777017600000,0.2489,0.2519,0.248,0.2511,12629359.9,0.2492,0.2490823529411764,,0.0001675213675213,0.000134017094017,,0.2511,
2026-04-24 12:00:00,1777032000000,0.2511,0.2523,0.2489,0.2522,10421567.5,0.2494857142857142,0.2492046136101499,,0.000384610514525,0.0002808849928166,,0.2522,
2026-04-24 16:00:00,1777046400000,0.2522,0.2525,0.2506,0.2517,11258791.4,0.2496965986394557,0.2493024718999479,,0.0005104255383652,0.0003253600133254,,0.2517,
2026-04-24 20:00:00,1777060800000,0.2517,0.253,0.2499,0.2503,10152288.8,0.249754065435698,0.2493415906489696,,0.0004915008358085,0.0002451482486149,,0.2503,
2026-04-25 00:00:00,1777075200000,0.2503,0.2522,0.2496,0.2517,15207909.0,0.2499393925370601,0.2494340772901865,,0.0005827535522007,0.0002691207720057,,0.2517,
2026-04-25 04:00:00,1777089600000,0.2517,0.2529,0.2503,0.2514,20322620.9,0.2514,0.2514,,0.0,0.0,,0.2514,
2026-04-25 08:00:00,1777104000000,0.2514,0.2539,0.2512,0.2517,11373361.0,0.2514285714285714,0.2514117647058824,,2.393162393166115e-05,1.914529914532892e-05,,0.2517,
2026-04-25 12:00:00,1777118400000,0.2517,0.2537,0.2497,0.2502,15469142.7,0.2513115646258503,0.251364244521338,,-7.724937297587386e-05,-6.562855820976487e-05,,0.2502,
2026-04-25 16:00:00,1777132800000,0.2501,0.2507,0.2482,0.2491,10698201.9,0.2511009394233884,0.2512754506185404,,-0.0002433911868153,-0.0001854162976394,,0.2491,
2026-04-25 20:00:00,1777147200000,0.2491,0.2506,0.2489,0.2503,4279286.0,0.2510246594783037,0.2512371976531074,,-0.0002750590901161,-0.0001736673607521,,0.2503,
2026-04-26 00:00:00,1777161600000,0.2503,0.2503,0.2485,0.2494,5185877.3,0.2508699300041796,0.2511651506863189,,-0.0003685304207351,-0.0002137109530969,,0.2494,
2026-04-26 04:00:00,1777176000000,0.2495,0.2521,0.2489,0.2515,8340477.6,0.2515,0.2515,,0.0,0.0,,0.2515,
2026-04-26 08:00:00,1777190400000,0.2515,0.2544,0.25,0.2535,19219048.6,0.2516904761904762,0.251578431372549,,0.0001595441595441,0.0001276353276353,,0.2535,
2026-04-26 12:00:00,1777204800000,0.2536,0.2539,0.2514,0.2529,8544958.5,0.2518056689342403,0.2516302575932334,,0.0002348617300184,0.0001623623184876,,0.2529,
2026-04-26 16:00:00,1777219200000,0.2529,0.2537,0.2508,0.2524,8987494.6,0.2518622718928841,0.2516604435699693,,0.0002513086957174,0.0001430474273493,,0.2524,
2026-04-26 20:00:00,1777233600000,0.2525,0.2535,0.2507,0.2522,10486273.3,0.2518944364745142,0.2516816026456568,,0.0002453761623395,0.0001096919151771,,0.2522,
2026-04-27 00:00:00,1777248000000,0.2522,0.2561,0.2516,0.254,15815680.9,0.2520949663340843,0.2517725201889644,,0.0003815216001507,0.0001966698823906,,0.254,
2026-04-27 04:00:00,1777262400000,0.2541,0.2545,0.2463,0.247,28131107.2,0.247,0.247,,0.0,0.0,,0.247,
2026-04-27 08:00:00,1777276800000,0.2471,0.2482,0.2465,0.2478,14167288.7,0.2470761904761904,0.2470313725490196,,6.38176638176613e-05,5.105413105412904e-05,,0.2478,
2026-04-27 12:00:00,1777291200000,0.2478,0.2487,0.243,0.2446,31678963.7,0.2468403628117914,0.2469360246059208,,-0.0001421806641179,-0.0001239553575052,,0.2446,
2026-04-27 16:00:00,1777305600000,0.2446,0.2461,0.2441,0.2453,9329419.3,0.2466936615916207,0.2468718667782376,,-0.000246114617183,-0.0001823114484561,,0.2453,
2026-04-27 20:00:00,1777320000000,0.2454,0.2485,0.245,0.2482,6959531.5,0.2468371223924187,0.246923950433993,,-9.340059616919084e-05,-2.3677941953897447e-05,,0.2482,
2026-04-28 00:00:00,1777334400000,0.2481,0.2485,0.2465,0.2473,8468563.5,0.2468812059740932,0.2469386974757972,,-4.448333644418989e-05,2.01914542168828e-05,,0.2473,
2026-04-28 04:00:00,1777348800000,0.2474,0.2488,0.245,0.2471,14452275.5,0.2471,0.2471,,0.0,0.0,,0.2471,
2026-04-28 08:00:00,1777363200000,0.247,0.2472,0.245,0.2456,11152533.1,0.2469571428571428,0.2470411764705882,,-0.0001196581196581,-9.572649572648917e-05,,0.2456,
2026-04-28 12:00:00,1777377600000,0.2457,0.2474,0.2443,0.2465,14512685.1,0.2469136054421768,0.2470199538638985,,-0.0001402488616163,-9.305379014779902e-05,,0.2465,
2026-04-28 16:00:00,1777392000000,0.2466,0.2477,0.2452,0.2474,6902320.0,0.2469599287333981,0.2470348576339417,,-8.298805988432578e-05,-2.863439073260298e-05,,0.2474,
2026-04-28 20:00:00,1777406400000,0.2474,0.2482,0.2463,0.2468,5064187.4,0.2469446974254554,0.2470256475306498,,-8.504312337193065e-05,-2.455156337616628e-05,,0.2468,
2026-04-29 00:00:00,1777420800000,0.2468,0.2495,0.2461,0.2491,10130415.1,0.2471499643373168,0.2471069946863106,,9.7791720030882e-05,0.0001266266240213,,0.2491,
2026-04-29 04:00:00,1777435200000,0.2491,0.2506,0.2484,0.2495,18184980.3,0.2495,0.2495,,0.0,0.0,,0.2495,
2026-04-29 08:00:00,1777449600000,0.2495,0.254,0.2492,0.2513,26852432.9,0.2496714285714285,0.2495705882352941,,0.0001435897435897,0.0001148717948718,,0.2513,
2026-04-29 12:00:00,1777464000000,0.2513,0.2514,0.2434,0.2441,35230532.3,0.2491408163265306,0.2493560553633218,,-0.0003199064942654,-0.0002788995543867,,0.2441,
2026-04-29 16:00:00,1777478400000,0.2441,0.2453,0.2383,0.2417,52160109.2,0.2484321671525753,0.2490558178980935,,-0.0008708519057558,-0.0006638759727016,,0.2417,
2026-04-29 20:00:00,1777492800000,0.2417,0.245,0.2413,0.2446,15162302.7,0.24806719885233,0.2488810799413055,,-0.0010612410240943,-0.0006834120728321,,0.2446,
2026-04-30 00:00:00,1777507200000,0.2446,0.2478,0.2445,0.2468,20756191.0,0.2479465132473462,0.2487994689632151,,-0.0010228137974468,-0.0005159878769477,,0.2468,
2026-04-30 04:00:00,1777521600000,0.2467,0.247,0.2445,0.2468,8944593.8,0.2468,0.2468,,0.0,0.0,,0.2468,
2026-04-30 08:00:00,1777536000000,0.2467,0.2484,0.2454,0.2462,12309852.4,0.2467428571428571,0.2467764705882353,,-4.786324786326679e-05,-3.829059829061343e-05,,0.2462,
2026-04-30 12:00:00,1777550400000,0.2462,0.2483,0.245,0.2475,11386499.8,0.2468149659863945,0.2468048442906574,,1.8886210339158493e-05,2.276708792944948e-05,,0.2475,
2026-04-30 16:00:00,1777564800000,0.2475,0.2476,0.2453,0.2463,6861681.2,0.2467659216067379,0.2467850464753375,,-2.4758928793833235e-05,-1.6702440962833797e-05,,0.2463,
2026-04-30 20:00:00,1777579200000,0.2463,0.2474,0.2454,0.2463,7124291.3,0.2467215481203819,0.2467660250449321,,-5.867168533629785e-05,-4.0492158004238726e-05,,0.2463,
2026-05-01 00:00:00,1777593600000,0.2463,0.2504,0.246,0.2488,13588847.1,0.2469194959184408,0.2468457887686603,,0.0001148573137866,0.0001064294728949,,0.2488,
2026-05-01 04:00:00,1777608000000,0.2488,0.2499,0.2479,0.2486,9435873.9,0.2486,0.2486,,0.0,0.0,,0.2486,
2026-05-01 08:00:00,1777622400000,0.2487,0.2497,0.247,0.2478,8904993.7,0.2485238095238095,0.2485686274509803,,-6.38176638176613e-05,-5.105413105412904e-05,,0.2478,
2026-05-01 12:00:00,1777636800000,0.2479,0.2515,0.2477,0.2502,25106357.3,0.2486834467120181,0.2486326028450595,,7.836300030031329e-05,7.290122645107644e-05,,0.2502,
2026-05-01 16:00:00,1777651200000,0.2503,0.2509,0.2489,0.2498,9541322.1,0.2487897851203973,0.2486783831256455,,0.0001569562499619,0.0001211955808901,,0.2498,
2026-05-01 20:00:00,1777665600000,0.2498,0.2501,0.2475,0.2482,7247766.2,0.2487336151089309,0.2486596230030711,,8.91081549679873e-05,4.267798871696122e-05,,0.2482,
2026-05-02 00:00:00,1777680000000,0.2483,0.2488,0.2476,0.2481,6176095.7,0.2486732708128423,0.2486376770029507,,2.6958130058540863e-05,-1.557762895398817e-05,,0.2481,
2026-05-02 04:00:00,1777694400000,0.2481,0.2483,0.247,0.2476,6962826.7,0.2476,0.2476,,0.0,0.0,,0.2476,
2026-05-02 08:00:00,1777708800000,0.2476,0.2492,0.2474,0.2482,5931537.5,0.2476571428571428,0.2476235294117647,,4.786324786321128e-05,3.829059829056903e-05,,0.2482,
2026-05-02 12:00:00,1777723200000,0.2482,0.2502,0.2476,0.25,5730800.6,0.2478802721088435,0.2477167243367935,,0.0002284072369542,0.0001750676699052,,0.25,
2026-05-02 16:00:00,1777737600000,0.25,0.2514,0.2491,0.2513,9443830.7,0.2482059604794298,0.2478572449510369,,0.0004709598524876,0.0003340962283509,,0.2513,
2026-05-02 20:00:00,1777752000000,0.2513,0.2528,0.25,0.2501,11426813.2,0.2483863451956746,0.2479451961294276,,0.0005599003934041,0.0003384294154139,,0.2501,
2026-05-03 00:00:00,1777766400000,0.2502,0.2505,0.2475,0.2481,10485933.7,0.248359074224658,0.2479512668694501,,0.0004636583625735,0.0001937499076666,,0.2481,
2026-05-03 04:00:00,1777780800000,0.2481,0.2496,0.2475,0.2488,7691542.2,0.2488,0.2488,,0.0,0.0,,0.2488,
2026-05-03 08:00:00,1777795200000,0.2488,0.2505,0.2482,0.2496,8285046.3,0.2488761904761904,0.2488313725490196,,6.38176638176613e-05,5.105413105412904e-05,,0.2496,
2026-05-03 12:00:00,1777809600000,0.2497,0.2512,0.2495,0.2507,7507468.8,0.2490498866213152,0.2489046520569012,,0.0002008392789019,0.0001504605969107,,0.2507,
2026-05-03 16:00:00,1777824000000,0.2507,0.2514,0.2504,0.2509,6603707.7,0.2492260878954756,0.2489829009958462,,0.0003218580453765,0.0002171834907082,,0.2509,
2026-05-03 20:00:00,1777838400000,0.2509,0.2518,0.2485,0.2495,18022428.5,0.2492521747625732,0.249003179388166,,0.0003013245086214,0.0001573199631625,,0.2495,
2026-05-04 00:00:00,1777852800000,0.2495,0.2545,0.2473,0.2537,27351280.6,0.2496757771661376,0.2491873684317673,,0.0006168458173334,0.0003782730174996,,0.2537,
2026-05-04 04:00:00,1777867200000,0.2537,0.255,0.2509,0.2517,20548760.5,0.2517,0.2517,,0.0,0.0,,0.2517,
2026-05-04 08:00:00,1777881600000,0.2517,0.2535,0.247,0.2485,30957778.7,0.251395238095238,0.2515745098039215,,-0.0002552706552706,-0.0002042165242165,,0.2485,
2026-05-04 12:00:00,1777896000000,0.2485,0.2533,0.2482,0.2508,28467543.0,0.2513385487528344,0.2515441368704344,,-0.0002688841811348,-0.0001742640400645,,0.2508,
2026-05-04 16:00:00,1777910400000,0.2508,0.2528,0.2495,0.2511,15394976.6,0.2513158298239931,0.2515267197382605,,-0.0002525542178531,-0.0001263472614263,,0.2511,
2026-05-04 20:00:00,1777924800000,0.251,0.2516,0.2494,0.2499,8582549.9,0.2511809888883747,0.2514629268073483,,-0.0003326084720586,-0.0001651212125054,,0.2499,
2026-05-05 00:00:00,1777939200000,0.25,0.253,0.2497,0.2526,14731786.0,0.2513161328037676,0.2515075179129425,,-0.0001761540162703,-6.933405373663385e-06,,0.2526,
2026-05-05 04:00:00,1777953600000,0.2526,0.2583,0.252,0.2566,30314666.3,0.2566,0.2566,,0.0,0.0,,0.2566,
2026-05-05 08:00:00,1777968000000,0.2567,0.2599,0.2564,0.2585,31755862.4,0.2567809523809524,0.2566745098039216,,0.0001515669515669,0.0001212535612535,,0.2585,
2026-05-05 12:00:00,1777982400000,0.2585,0.2597,0.2558,0.2568,25098791.0,0.2567827664399093,0.2566794309880815,,0.0001329761933751,8.213024244936306e-05,,0.2568,
2026-05-05 16:00:00,1777996800000,0.2569,0.2589,0.2561,0.2587,11748718.3,0.2569653601122989,0.2567586689885489,,0.0002684623378871,0.0001740931095691,,0.2587,
2026-05-05 20:00:00,1778011200000,0.2587,0.2657,0.2584,0.262,42514750.9,0.2574448496254133,0.2569642113811549,,0.0006348009144946,0.0004323453489413,,0.262,
2026-05-06 00:00:00,1778025600000,0.2619,0.2644,0.26,0.264,18723934.3,0.2580691496610882,0.2572401246603252,,0.0010741282789081,0.0006973381706838,,0.264,
2026-05-06 04:00:00,1778040000000,0.264,0.2653,0.262,0.265,20920339.3,0.265,0.265,,0.0,0.0,,0.265,
2026-05-06 08:00:00,1778054400000,0.265,0.2738,0.2647,0.2718,65133934.0,0.2656476190476191,0.2652666666666667,,0.0005424501424501,0.0004339601139601,,0.2718,
2026-05-06 12:00:00,1778068800000,0.2718,0.2723,0.2628,0.2676,44294150.2,0.2658335600907029,0.2653581699346405,,0.0006262221897549,0.0004141857290119,,0.2676,
2026-05-06 16:00:00,1778083200000,0.2676,0.2683,0.2649,0.2664,12487199.2,0.2658875067487313,0.2653990260156351,,0.0005889926292131,0.000301564934776,,0.2664,
2026-05-06 20:00:00,1778097600000,0.2664,0.2689,0.2643,0.267,11451362.0,0.2659934584869474,0.2654618093091396,,0.0006009752512476,0.0002508380454485,,0.267,
2026-05-07 00:00:00,1778112000000,0.2669,0.2674,0.2632,0.2638,19492277.6,0.2657845576786667,0.2653966403166243,,0.0003482439693517,-1.5145891579062575e-06,,0.2638,
2026-05-07 04:00:00,1778126400000,0.2637,0.2687,0.2635,0.2684,16374031.2,0.2684,0.2684,,0.0,0.0,,0.2684,
2026-05-07 08:00:00,1778140800000,0.2684,0.2689,0.2657,0.268,13653139.4,0.2683619047619048,0.2683843137254902,,-3.190883190890004e-05,-2.552706552712003e-05,,0.268,
2026-05-07 12:00:00,1778155200000,0.2679,0.2704,0.2611,0.2618,31010792.5,0.2677369614512472,0.2681261053440985,,-0.0005511318901632,-0.0004358000990251,,0.2618,
2026-05-07 16:00:00,1778169600000,0.2619,0.2643,0.2596,0.263,18495960.1,0.2672858222654141,0.2679250816051142,,-0.0008559233815003,-0.0005924732722897,,0.263,
2026-05-07 20:00:00,1778184000000,0.2631,0.2647,0.2608,0.2627,9875646.1,0.2668490772877556,0.2677201764441294,,-0.0011088976452942,-0.0006763580288669,,0.2627,
2026-05-08 00:00:00,1778198400000,0.2627,0.2634,0.2601,0.2619,9948625.5,0.2663777365936837,0.2674919342306341,,-0.0013582775084343,-0.0007405903136056,,0.2619,
2026-05-08 04:00:00,1778212800000,0.2619,0.2627,0.2605,0.262,9482493.0,0.262,0.262,,0.0,0.0,,0.262,
2026-05-08 08:00:00,1778227200000,0.2621,0.2648,0.2617,0.2644,9668354.3,0.2622285714285714,0.2620941176470588,,0.000191452991453,0.0001531623931624,,0.2644,
2026-05-08 12:00:00,1778241600000,0.2644,0.2697,0.2628,0.2696,16606095.4,0.2629306122448979,0.2623884659746252,,0.0007540847882728,0.0005726353519858,,0.2696,
2026-05-08 16:00:00,1778256000000,0.2697,0.2734,0.2677,0.2718,23079116.8,0.2637753158406219,0.2627575457403261,,0.0013617981927525,0.0009442790051724,,0.2718,
2026-05-08 20:00:00,1778270400000,0.2718,0.2788,0.271,0.2734,28627782.0,0.2646919524272293,0.2631748968877644,,0.0019500431883676,0.00122601920063,,0.2734,
2026-05-09 00:00:00,1778284800000,0.2735,0.2785,0.2731,0.2763,16263874.4,0.2657974807674932,0.2636896068137344,,0.0026200352141246,0.0015168089811095,,0.2763,
2026-05-09 04:00:00,1778299200000,0.2763,0.2781,0.2741,0.2752,12362245.3,0.2752,0.2752,,0.0,0.0,,0.2752,
2026-05-09 08:00:00,1778313600000,0.2752,0.2767,0.2722,0.2736,7895149.4,0.275047619047619,0.2751372549019608,,-0.0001276353276353,-0.0001021082621082,,0.2736,
2026-05-09 12:00:00,1778328000000,0.2736,0.2742,0.27,0.2704,10134369.7,0.2746049886621315,0.2749514801999231,,-0.0004814506375759,-0.000364738857639,,0.2704,
2026-05-09 16:00:00,1778342400000,0.2705,0.2731,0.2695,0.2727,8684982.2,0.2744235611704999,0.2748631868587496,,-0.0005696939643091,-0.0003623857474978,,0.2727,
2026-05-09 20:00:00,1778356800000,0.2727,0.2728,0.2704,0.2708,4657783.1,0.2740784601066428,0.2747038461976221,,-0.0007839051865154,-0.0004612775757633,,0.2708,
2026-05-10 00:00:00,1778371200000,0.2708,0.2719,0.2688,0.27,9217347.6,0.2736900353345815,0.2745193816408526,,-0.0010066187630417,-0.0005471929218316,,0.27,
2026-05-10 04:00:00,1778385600000,0.27,0.2713,0.2682,0.2707,8420410.3,0.2707,0.2707,,0.0,0.0,,0.2707,
2026-05-10 08:00:00,1778400000000,0.2706,0.2736,0.2705,0.2728,12709622.7,0.2709,0.2707823529411765,,0.0001675213675214,0.0001340170940171,,0.2728,
2026-05-10 12:00:00,1778414400000,0.2727,0.2825,0.272,0.2815,25349657.8,0.2719095238095237,0.2712026528258362,,0.0009908783207928,0.0007658992378308,,0.2815,
2026-05-10 16:00:00,1778428800000,0.2816,0.2887,0.2802,0.287,44754612.6,0.2733467120181405,0.2718221566365877,,0.002063412932948,0.0014707470799888,,0.287,
2026-05-10 20:00:00,1778443200000,0.2871,0.2882,0.2751,0.2824,39910833.8,0.2742089299211748,0.2722369740233882,,0.0025132515842611,0.0015364685850415,,0.2824,
2026-05-11 00:00:00,1778457600000,0.2824,0.2829,0.274,0.2765,22449517.1,0.2744271270715391,0.2724041515126671,,0.0023663929596858,0.0011116879683729,,0.2765,
2026-05-11 04:00:00,1778472000000,0.2765,0.2799,0.2753,0.2778,12538977.1,0.2778,0.2778,,0.0,0.0,,0.2778,
2026-05-11 08:00:00,1778486400000,0.2777,0.2812,0.2758,0.2794,15981794.3,0.2779523809523809,0.2778627450980392,,0.0001276353276353,0.0001021082621082,,0.2794,
2026-05-11 12:00:00,1778500800000,0.2794,0.2836,0.2777,0.2824,25669844.2,0.2783759637188208,0.2780406766628219,,0.0004654962216215,0.0003519753248755,,0.2824,
2026-05-11 16:00:00,1778515200000,0.2824,0.283,0.2794,0.2812,9322613.7,0.2786449195551236,0.2781645716956524,,0.0006291707542703,0.0004125198860195,,0.2812,
2026-05-11 20:00:00,1778529600000,0.2813,0.282,0.2792,0.2804,10958384.8,0.2788120700736833,0.2782522355507249,,0.000686418086069,0.0003758137742545,,0.2804,
2026-05-12 00:00:00,1778544000000,0.2803,0.2819,0.2764,0.2772,14778912.2,0.2786585395904754,0.2782109714114808,,0.0004681769006,0.0001260580710284,,0.2772,
2026-05-12 04:00:00,1778558400000,0.2771,0.2784,0.275,0.2769,12976793.7,0.2769,0.2769,,0.0,0.0,,0.2769,
2026-05-12 08:00:00,1778572800000,0.2768,0.2777,0.2734,0.2745,16290222.9,0.2766714285714285,0.2768058823529412,,-0.0001914529914529,-0.0001531623931623,,0.2745,
2026-05-12 12:00:00,1778587200000,0.2744,0.2754,0.2679,0.2691,25405532.5,0.2759503401360544,0.27650369088812,,-0.0007700392042272,-0.0005853988847493,,0.2691,
2026-05-12 16:00:00,1778601600000,0.2691,0.2726,0.2672,0.272,18828968.9,0.275574117265954,0.2763270755591741,,-0.000983233083703,-0.00063887421138,,0.272,
2026-05-12 20:00:00,1778616000000,0.2721,0.273,0.2707,0.2711,8633096.7,0.2751480108596727,0.2761220922039124,,-0.0012108552618256,-0.0006931971116021,,0.2711,
2026-05-13 00:00:00,1778630400000,0.2712,0.2744,0.2709,0.2741,14689307.4,0.2750482003016086,0.2760427944704256,,-0.0011360765664877,-0.0004947347330114,,0.2741,
2026-05-13 04:00:00,1778644800000,0.2742,0.2749,0.2725,0.2733,8609277.4,0.2733,0.2733,,0.0,0.0,,0.2733,
2026-05-13 08:00:00,1778659200000,0.2733,0.2777,0.2703,0.2706,16136491.0,0.2730428571428571,0.2731941176470588,,-0.0002153846153845,-0.0001723076923076,,0.2706,
2026-05-13 12:00:00,1778673600000,0.2706,0.2716,0.2612,0.262,41825126.2,0.271991156462585,0.2727551326412918,,-0.0010677186061801,-0.0008197133464825,,0.262,
2026-05-13 16:00:00,1778688000000,0.262,0.266,0.2619,0.2639,15367167.4,0.271220570132815,0.2724078725377117,,-0.0015717669624309,-0.0010590093621867,,0.2639,
2026-05-13 20:00:00,1778702400000,0.2638,0.2664,0.263,0.2648,14089810.6,0.2706090872630231,0.2721095245950564,,-0.0018769698972437,-0.0010913698375995,,0.2648,
2026-05-14 00:00:00,1778716800000,0.2648,0.2662,0.2623,0.263,10391997.5,0.2698844122855923,0.2717522883364267,,-0.002238288778966,-0.0011621509754575,,0.263,
2026-05-14 04:00:00,1778731200000,0.2629,0.2667,0.2625,0.2645,8976724.7,0.2645,0.2645,,0.0,0.0,,0.2645,
2026-05-14 08:00:00,1778745600000,0.2645,0.2658,0.2637,0.264,6201242.8,0.264452380952381,0.2644803921568627,,-3.98860398860279e-05,-3.190883190882232e-05,,0.264,
2026-05-14 12:00:00,1778760000000,0.264,0.2709,0.2638,0.2703,21073859.3,0.2650092970521542,0.2647086120722799,,0.0004318828580936,0.0003518880528566,,0.2703,
2026-05-14 16:00:00,1778774400000,0.2703,0.2804,0.2694,0.274,47279869.4,0.2658655544757585,0.2650729802263081,,0.0010917373182419,0.000809394010404,,0.274,
2026-05-14 20:00:00,1778788800000,0.274,0.2744,0.2698,0.2706,25746172.4,0.2663164540494958,0.2652897260997863,,0.0013250507862414,0.0008341659827227,,0.2706,
2026-05-15 00:00:00,1778803200000,0.2705,0.2729,0.2684,0.2698,10464857.5,0.2666482203304962,0.2654665995860691,,0.0014289282806998,0.0007504347817449,,0.2698,
2026-05-15 04:00:00,1778817600000,0.2698,0.2701,0.2649,0.2683,13276855.0,0.2683,0.2683,,0.0,0.0,,0.2683,
2026-05-15 08:00:00,1778832000000,0.2684,0.2687,0.2661,0.2672,8297950.7,0.2681952380952381,0.268256862745098,,-8.774928774929469e-05,-7.019943019943575e-05,,0.2672,
2026-05-15 12:00:00,1778846400000,0.2671,0.2672,0.2568,0.2583,44416867.1,0.2672528344671201,0.2678663975394079,,-0.0008654702478064,-0.0006783363122052,,0.2583,
2026-05-15 16:00:00,1778860800000,0.2582,0.2628,0.2577,0.261,17996452.3,0.2666573264226325,0.2675971270476664,,-0.0012495482621211,-0.0008499314612159,,0.261,
2026-05-15 20:00:00,1778875200000,0.2611,0.262,0.2601,0.2616,8313500.3,0.2661756762871436,0.2673619455948168,,-0.001488360971204,-0.000870995336239,,0.2616,
2026-05-16 00:00:00,1778889600000,0.2615,0.2625,0.2607,0.2612,6275614.2,0.2657018023550347,0.2671203006695298,,-0.0016904123988763,-0.0008584374111291,,0.2612,
2026-05-16 04:00:00,1778904000000,0.2612,0.2613,0.2532,0.2554,23276081.1,0.2554,0.2554,,0.0,0.0,,0.2554,
2026-05-16 08:00:00,1778918400000,0.2554,0.2562,0.2521,0.2541,18556780.8,0.2552761904761905,0.2553490196078432,,-0.0001037037037037,-8.296296296297356e-05,,0.2541,
2026-05-16 12:00:00,1778932800000,0.254,0.2561,0.2537,0.2556,9227447.4,0.255307029478458,0.255358861976163,,-6.411311596499214e-05,-3.4697900179398995e-05,,0.2556,
2026-05-16 16:00:00,1778947200000,0.2556,0.2565,0.255,0.2551,8976948.0,0.2552873123852716,0.2553487105261174,,-7.225025530394058e-05,-3.426803161467795e-05,,0.2551,
2026-05-16 20:00:00,1778961600000,0.2552,0.2558,0.254,0.2551,8858354.3,0.2552694731104838,0.2553389571721521,,-7.78021421899977e-05,-3.185593480058805e-05,,0.2551,
2026-05-17 00:00:00,1778976000000,0.255,0.2555,0.2527,0.2544,10319912.9,0.2551866661475805,0.2553021353222638,,-0.0001371057328592,-7.292762037591188e-05,,0.2544,
2026-05-17 04:00:00,1778990400000,0.2543,0.2569,0.2542,0.2562,6095047.9,0.2562,0.2562,,0.0,0.0,,0.2562,
2026-05-17 08:00:00,1779004800000,0.2563,0.2582,0.2555,0.2566,6750113.4,0.2562380952380952,0.2562156862745098,,3.1908831908844526e-05,2.5527065527075626e-05,,0.2566,
2026-05-17 12:00:00,1779019200000,0.2566,0.2572,0.2535,0.2552,10134729.3,0.2561392290249433,0.2561758554402153,,-5.513591610450952e-05,-4.921414598902274e-05,,0.2552,
2026-05-17 16:00:00,1779033600000,0.2552,0.2556,0.253,0.2553,6482735.9,0.2560593024511391,0.25614150816805,,-0.0001147278307462,-8.704484850463956e-05,,0.2553,
2026-05-17 20:00:00,1779048000000,0.2553,0.256,0.2452,0.2521,43340546.1,0.2556822260272211,0.2559830176516559,,-0.0004153798683631,-0.0003101575088972,,0.2521,
2026-05-18 00:00:00,1779062400000,0.2521,0.2531,0.2488,0.2502,19828733.1,0.2551601092627238,0.2557562326457086,,-0.000797766736942,-0.0005540355019808,,0.2502,
2026-05-18 04:00:00,1779076800000,0.2502,0.252,0.247,0.2494,23596572.7,0.2494,0.2494,,0.0,0.0,,0.2494,
2026-05-18 08:00:00,1779091200000,0.2494,0.2521,0.2479,0.2506,11916961.1,0.2495142857142857,0.2494470588235294,,9.572649572653358e-05,7.658119658122686e-05,,0.2506,
2026-05-18 12:00:00,1779105600000,0.2506,0.2525,0.2462,0.2482,29182018.8,0.2493891156462585,0.24939815455594,,-2.1818004723950235e-05,-3.277064309540557e-05,,0.2482,
2026-05-18 16:00:00,1779120000000,0.2483,0.2514,0.2464,0.2508,19488390.2,0.2495234855847101,0.2494531288870796,,9.374477133020088e-05,6.623370636699643e-05,,0.2508,
2026-05-18 20:00:00,1779134400000,0.2509,0.253,0.2497,0.2516,9745421.7,0.2497212488623567,0.2495373199111157,,0.0002470347551751,0.0001756189521695,,0.2516,
2026-05-19 00:00:00,1779148800000,0.2517,0.2536,0.2505,0.2515,14327174.5,0.2498906537326085,0.2496142877577386,,0.0003563413265046,0.0002279404187992,,0.2515,
2026-05-19 04:00:00,1779163200000,0.2516,0.2532,0.2506,0.2526,11020631.4,0.2526,0.2526,,0.0,0.0,,0.2526,
2026-05-19 08:00:00,1779177600000,0.2525,0.2525,0.2481,0.2486,18594517.5,0.2522190476190476,0.252443137254902,,-0.0003190883190883,-0.0002552706552706,,0.2486,
2026-05-19 12:00:00,1779192000000,0.2486,0.2512,0.2471,0.2485,20666144.5,0.2518648526077097,0.2522885044213764,,-0.0005734271637405,-0.0004076875999382,,0.2485,
2026-05-19 16:00:00,1779206400000,0.2485,0.2501,0.248,0.2484,8008469.9,0.2515348666450707,0.2521360140519106,,-0.0007741379148071,-0.0004867186808039,,0.2484,
2026-05-19 20:00:00,1779220800000,0.2484,0.2498,0.2475,0.2482,5248239.6,0.2512172602979211,0.2519816605596788,,-0.0009385222592063,-0.0005208824201625,,0.2482,
2026-05-20 00:00:00,1779235200000,0.2482,0.2488,0.2469,0.2482,13352757.5,0.2509299021743096,0.2518333601455738,,-0.0010566180018643,-0.0005111825302563,,0.2482,
2026-05-20 04:00:00,1779249600000,0.2483,0.251,0.2478,0.2491,12976665.2,0.2491,0.2491,,0.0,0.0,,0.2491,
2026-05-20 08:00:00,1779264000000,0.2492,0.2506,0.2483,0.2488,7489160.6,0.2490714285714285,0.2490882352941176,,-2.3931623931633395e-05,-1.9145299145306715e-05,,0.2488,
2026-05-20 12:00:00,1779278400000,0.2489,0.2515,0.2473,0.2502,20863604.3,0.2491789115646258,0.2491318339100346,,6.927216499863498e-05,5.924679182796933e-05,,0.2502,
2026-05-20 16:00:00,1779292800000,0.2503,0.2514,0.2481,0.2502,19716255.2,0.2492761580822805,0.2491737227763077,,0.0001415056501719,0.000105184221601,,0.2502,
2026-05-20 20:00:00,1779307200000,0.2503,0.2509,0.2483,0.2492,8825850.7,0.2492689049315871,0.2491747532556682,,0.0001167141567872,6.431418257307476e-05,,0.2492,
2026-05-21 00:00:00,1779321600000,0.2492,0.2523,0.2489,0.2521,13439765.8,0.2495385330333407,0.2492894688142695,,0.0003272995775623,0.0002199196826785,,0.2521,
2026-05-21 04:00:00,1779336000000,0.2522,0.2527,0.2476,0.2492,20547692.4,0.2492,0.2492,,0.0,0.0,,0.2492,
2026-05-21 08:00:00,1779350400000,0.2491,0.2505,0.2458,0.2467,17024003.3,0.2489619047619047,0.2491019607843137,,-0.0001994301994302,-0.0001595441595441,,0.2467,
2026-05-21 12:00:00,1779364800000,0.2467,0.2497,0.2463,0.2485,16762981.0,0.2489179138321995,0.2490783544790465,,-0.0002098164787623,-0.000135944351101,,0.2485,
2026-05-21 16:00:00,1779379200000,0.2486,0.2537,0.2478,0.2524,28409401.4,0.2492495410862757,0.2492086150877114,,9.554830499461377e-05,0.0001355363461247,,0.2524,
2026-05-21 20:00:00,1779393600000,0.2524,0.2532,0.2499,0.2507,10969201.7,0.2493876800304399,0.2492671007705462,,0.0001980928130094,0.0001904646833116,,0.2507,
2026-05-22 00:00:00,1779408000000,0.2507,0.252,0.2491,0.2517,8499028.2,0.2496079009799219,0.249362508583466,,0.000355948563585,0.0002786563471097,,0.2517,
2026-05-22 04:00:00,1779422400000,0.2518,0.253,0.2494,0.2516,13514691.7,0.2516,0.2516,,0.0,0.0,,0.2516,
2026-05-22 08:00:00,1779436800000,0.2516,0.2528,0.2507,0.2526,10546528.3,0.2516952380952381,0.2516392156862745,,7.977207977211132e-05,6.381766381768905e-05,,0.2526,
2026-05-22 12:00:00,1779451200000,0.2526,0.2546,0.248,0.2497,33647871.3,0.2515052154195011,0.251563168012303,,-8.997654239817354e-05,-8.474476668207664e-05,,0.2497,
2026-05-22 16:00:00,1779465600000,0.2497,0.2503,0.2424,0.2443,50061467.3,0.2508190044271676,0.2512783378941735,,-0.0006527143342136,-0.000517986046798,,0.2443,
2026-05-22 20:00:00,1779480000000,0.2444,0.2468,0.241,0.2424,18434551.2,0.2500171944817231,0.2509301677806765,,-0.0012377343781236,-0.0008824048725664,,0.2424,
2026-05-23 00:00:00,1779494400000,0.2424,0.2442,0.2416,0.2438,15495574.5,0.249425080721559,0.2506505533579048,,-0.0015702972686157,-0.0009719742104468,,0.2438,
2026-05-23 04:00:00,1779508800000,0.2438,0.2438,0.2358,0.2378,36205830.2,0.2378,0.2378,,0.0,0.0,,0.2378,
2026-05-23 08:00:00,1779523200000,0.2378,0.2394,0.2369,0.2382,19436169.1,0.2378380952380952,0.2378156862745098,,3.1908831908844526e-05,2.5527065527075626e-05,,0.2382,
2026-05-23 12:00:00,1779537600000,0.2381,0.2438,0.2378,0.2423,24324074.1,0.2382630385487528,0.2379915417147251,,0.0003836105226418,0.000301783005008,,0.2423,
2026-05-23 16:00:00,1779552000000,0.2424,0.2454,0.2418,0.2443,13752901.1,0.2388379872583954,0.2382389322357163,,0.0008143328099951,0.000586004233889,,0.2443,
2026-05-23 20:00:00,1779566400000,0.2443,0.2508,0.2438,0.246,29684423.8,0.2395200837099768,0.2385432878343156,,0.0012781256811694,0.0008398376840507,,0.246,
2026-05-24 00:00:00,1779580800000,0.2461,0.247,0.2448,0.2454,11547032.9,0.240080075737598,0.2388121785074797,,0.0015790673815918,0.0009126235075784,,0.2454,
2026-05-24 04:00:00,1779595200000,0.2454,0.2465,0.2451,0.2454,6945010.4,0.2454,0.2454,,0.0,0.0,,0.2454,
2026-05-24 08:00:00,1779609600000,0.2455,0.2467,0.2451,0.2457,10079856.4,0.2454285714285714,0.2454117647058823,,2.393162393160564e-05,1.914529914528452e-05,,0.2457,
2026-05-24 12:00:00,1779624000000,0.2457,0.2457,0.241,0.243,10790823.0,0.2451972789115646,0.2453171856978085,,-0.0001729758687023,-0.0001422097547909,,0.243,
2026-05-24 16:00:00,1779638400000,0.2429,0.2436,0.242,0.2425,5527541.7,0.2449403952057013,0.2452067078273062,,-0.000365162925681,-0.0002675174494157,,0.2425,
2026-05-24 20:00:00,1779652800000,0.2426,0.2428,0.2385,0.2423,17357788.2,0.2446889289956345,0.2450927192850589,,-0.0005275298458133,-0.0003439074956384,,0.2423,
2026-05-25 00:00:00,1779667200000,0.2424,0.2433,0.2404,0.241,9308668.6,0.2443376024246217,0.2449322204895664,,-0.0007524323633436,-0.0004550480105349,,0.241,
2026-05-25 04:00:00,1779681600000,0.241,0.2451,0.2407,0.2451,17097129.2,0.2451,0.2451,,0.0,0.0,,0.2451,
2026-05-25 08:00:00,1779696000000,0.2451,0.2462,0.244,0.2449,17055641.2,0.2450809523809524,0.2450921568627451,,-1.5954415954394507e-05,-1.2763532763515604e-05,,0.2449,
2026-05-25 12:00:00,1779710400000,0.245,0.2473,0.2444,0.2461,11533525.6,0.2451780045351474,0.2451316801230296,,6.745399793836593e-05,5.651590490339586e-05,,0.2461,
2026-05-25 16:00:00,1779724800000,0.2461,0.248,0.245,0.2455,9187350.4,0.2452086707698952,0.2451461240397736,,8.417051596898428e-05,5.858593834721138e-05,,0.2455,
2026-05-25 20:00:00,1779739200000,0.2454,0.2461,0.2423,0.2437,8350831.2,0.245064987839429,0.2450894132931158,,-4.728144871893325e-05,-5.829282107256492e-05,,0.2437,
2026-05-26 00:00:00,1779753600000,0.2436,0.2438,0.2394,0.2408,17272674.5,0.2446587985213882,0.2449212010071112,,-0.0003810710911528,-0.0003136659708051,,0.2408,
2026-05-26 04:00:00,1779768000000,0.2409,0.243,0.2405,0.2412,14038368.1,0.2412,0.2412,,0.0,0.0,,0.2412,
2026-05-26 08:00:00,1779782400000,0.2413,0.2457,0.2412,0.2443,14396903.7,0.2414952380952381,0.2413215686274509,,0.0002472934472934,0.0001978347578347,,0.2443,
2026-05-26 12:00:00,1779796800000,0.2443,0.2473,0.2412,0.2427,26978831.4,0.241609977324263,0.2413756247597077,,0.0003105883880812,0.000208903758898,,0.2427,
2026-05-26 16:00:00,1779811200000,0.2427,0.2428,0.2381,0.2402,30099562.2,0.2414756937695713,0.2413295218279545,,0.0001572087731648,4.4419315185284525e-05,,0.2402,
2026-05-26 20:00:00,1779825600000,0.2403,0.241,0.2392,0.2401,6956708.9,0.2413446753153264,0.2412813052856818,,2.727079825118328e-05,-6.841492778266734e-05,,0.2401,
2026-05-27 00:00:00,1779840000000,0.2401,0.2419,0.2392,0.2401,10426322.5,0.2412261348091048,0.2412349795882041,,-7.48432367751739e-05,-0.0001364231702472,,0.2401,
2026-05-27 04:00:00,1779854400000,0.2401,0.2409,0.237,0.2404,16562694.4,0.2404,0.2404,,0.0,0.0,,0.2404,
2026-05-27 08:00:00,1779868800000,0.2404,0.2413,0.2389,0.2396,9403218.0,0.2403238095238095,0.2403686274509804,,-6.38176638176613e-05,-5.105413105412904e-05,,0.2396,
2026-05-27 12:00:00,1779883200000,0.2397,0.2435,0.2374,0.2415,28774904.5,0.240435827664399,0.2404129950019223,,3.847696041425763e-05,4.099239454223191e-05,,0.2415,
2026-05-27 16:00:00,1779897600000,0.2415,0.242,0.2378,0.241,13671526.7,0.2404895583630277,0.2404360148057685,,7.82977975143373e-05,6.465058531384925e-05,,0.241,
2026-05-27 20:00:00,1779912000000,0.241,0.2413,0.236,0.2372,26271094.9,0.2401762670903584,0.2403091122643658,,-0.0001945297266666,-0.0001665415510937,,0.2372,
2026-05-28 00:00:00,1779926400000,0.2372,0.2384,0.2316,0.2322,27615019.8,0.2394166226055624,0.2399911078618417,,-0.0008049270208065,-0.0006215510761869,,0.2322,
2026-05-28 04:00:00,1779940800000,0.2322,0.2323,0.228,0.2315,37203796.2,0.2315,0.2315,,0.0,0.0,,0.2315,
2026-05-28 08:00:00,1779955200000,0.2315,0.2321,0.2294,0.2302,16795368.0,0.2313761904761904,0.2314490196078431,,-0.0001037037037037,-8.296296296297356e-05,,0.2302,
2026-05-28 12:00:00,1779969600000,0.2302,0.2341,0.2291,0.233,26271339.1,0.2315308390022675,0.2315098423683199,,3.959058773875257e-05,4.826506278359677e-05,,0.233,
2026-05-28 16:00:00,1779984000000,0.233,0.2377,0.2316,0.2345,20649664.4,0.2318136162401468,0.2316271034519152,,0.0002710651398633,0.0002237916919265,,0.2345,
2026-05-28 20:00:00,1779998400000,0.2345,0.2363,0.2336,0.2349,9508026.5,0.232107557550609,0.2317554523361538,,0.0004812396164296,0.0003471729347943,,0.2349,
2026-05-29 00:00:00,1780012800000,0.2349,0.236,0.2328,0.2334,8001377.9,0.2322306473076939,0.2318199444014027,,0.0005207638973129,0.000309357772542,,0.2334,
2026-05-29 04:00:00,1780027200000,0.2334,0.237,0.2325,0.2349,7405081.6,0.2349,0.2349,,0.0,0.0,,0.2349,
2026-05-29 08:00:00,1780041600000,0.2349,0.236,0.2328,0.2335,5645814.6,0.2347666666666666,0.2348450980392157,,-0.0001116809116809,-8.934472934472027e-05,,0.2335,
2026-05-29 12:00:00,1780056000000,0.2335,0.2381,0.2298,0.2358,25127745.4,0.2348650793650794,0.2348825451749327,,-1.443170104134528e-05,6.323585035867831e-06,,0.2358,
2026-05-29 16:00:00,1780070400000,0.2358,0.2363,0.2306,0.2329,27405179.8,0.2346779289493575,0.2348047983053275,,-0.0001694138670526,-0.0001189268647803,,0.2329,
2026-05-29 20:00:00,1780084800000,0.2329,0.234,0.2317,0.2329,10430440.5,0.234508602382752,0.2347301003325695,,-0.0002889079986335,-0.0001907367970889,,0.2329,
2026-05-30 00:00:00,1780099200000,0.233,0.2394,0.2327,0.2364,30068452.1,0.2346887354891566,0.2347955865940374,,-0.0001000340789475,-1.4903019224189924e-06,,0.2364,
2026-05-30 04:00:00,1780113600000,0.2365,0.2371,0.2339,0.2353,15681958.2,0.2353,0.2353,,0.0,0.0,,0.2353,
2026-05-30 08:00:00,1780128000000,0.2353,0.2356,0.234,0.2353,6402099.0,0.2353,0.2353,,0.0,0.0,,0.2353,
2026-05-30 12:00:00,1780142400000,0.2353,0.237,0.2349,0.2365,10560689.3,0.2354142857142857,0.2353470588235294,,9.572649572647808e-05,7.658119658118245e-05,,0.2365,
2026-05-30 16:00:00,1780156800000,0.2365,0.2379,0.2358,0.2372,7912858.2,0.2355843537414966,0.235419723183391,,0.0002254754425694,0.0001650641147393,,0.2372,
2026-05-30 20:00:00,1780171200000,0.2373,0.2384,0.2353,0.236,11069097.7,0.2356239390994493,0.2354424791369835,,0.0002288345839128,0.0001347386048661,,0.236,
2026-05-31 00:00:00,1780185600000,0.236,0.2385,0.2356,0.2381,9318629.4,0.2358597544233113,0.2355466956414155,,0.0003963799558039,0.0002418271814058,,0.2381,
2026-05-31 04:00:00,1780200000000,0.2381,0.2388,0.2363,0.2366,6169457.1,0.2366,0.2366,,0.0,0.0,,0.2366,
2026-05-31 08:00:00,1780214400000,0.2366,0.2381,0.2356,0.2371,6296446.0,0.236647619047619,0.2366196078431372,,3.98860398860279e-05,3.190883190882232e-05,,0.2371,
2026-05-31 12:00:00,1780228800000,0.2371,0.2381,0.2335,0.2338,19977289.6,0.2363764172335601,0.2365090349865436,,-0.0001925666187774,-0.0001604350614037,,0.2338,
2026-05-31 16:00:00,1780243200000,0.2339,0.2343,0.2319,0.2328,12196442.4,0.2360358060684591,0.2363635826341301,,-0.0004522652360348,-0.0003361069429289,,0.2328,
2026-05-31 20:00:00,1780257600000,0.2329,0.2371,0.2328,0.2357,9221133.6,0.2360038245381296,0.2363375597857329,,-0.0004192397625352,-0.0002424651755434,,0.2357,
2026-06-01 00:00:00,1780272000000,0.2357,0.2376,0.2328,0.2369,14554160.0,0.2360891745821173,0.2363596162647238,,-0.0002928609469725,-9.28690879845732e-05,,0.2369,
2026-06-01 04:00:00,1780286400000,0.2369,0.2376,0.2307,0.231,19474292.0,0.231,0.231,,0.0,0.0,,0.231,
2026-06-01 08:00:00,1780300800000,0.231,0.2324,0.2294,0.2302,22928125.0,0.2309238095238095,0.2309686274509804,,-6.38176638176613e-05,-5.105413105412904e-05,,0.2302,
2026-06-01 12:00:00,1780315200000,0.2303,0.2316,0.2254,0.227,40777198.1,0.2305501133786848,0.2308129950019223,,-0.0003683606464233,-0.0002844776909278,,0.227,
2026-06-01 16:00:00,1780329600000,0.227,0.2319,0.2262,0.2314,16832022.9,0.2306310549616672,0.2308360148057685,,-0.0002517677052007,-0.0001343077997641,,0.2314,
2026-06-01 20:00:00,1780344000000,0.2314,0.2317,0.2284,0.2311,9736193.9,0.2306757163938894,0.2308463671663266,,-0.0001814824355226,-5.121802406887513e-05,,0.2311,
2026-06-02 00:00:00,1780358400000,0.2311,0.2313,0.2247,0.228,18601272.9,0.230420886261138,0.2307347449245099,,-0.0003716409001848,-0.0001931011909848,,0.228,
2026-06-02 04:00:00,1780372800000,0.228,0.2286,0.2227,0.224,25561419.4,0.224,0.224,,0.0,0.0,,0.224,
2026-06-02 08:00:00,1780387200000,0.224,0.2247,0.2224,0.2232,13214752.8,0.2239238095238095,0.2239686274509804,,-6.38176638176613e-05,-5.105413105412904e-05,,0.2232,
2026-06-02 12:00:00,1780401600000,0.2231,0.2239,0.2138,0.2154,79647725.3,0.2231120181405895,0.2236326028450596,,-0.0007353122133748,-0.000578038944489,,0.2154,
2026-06-02 16:00:00,1780416000000,0.2153,0.2193,0.2119,0.2157,61602646.1,0.2224061116510096,0.2233215203805474,,-0.001229100681394,-0.0008574619300066,,0.2157,
2026-06-02 20:00:00,1780430400000,0.2157,0.2184,0.2094,0.213,39286817.2,0.2215102914937706,0.2229167548754279,,-0.0018173497582593,-0.0011565688054975,,0.213,
2026-06-03 00:00:00,1780444800000,0.213,0.2146,0.2074,0.2088,27766019.9,0.2202997875419829,0.222363156645019,,-0.0025925608611223,-0.0015454239266884,,0.2088,
2026-06-03 04:00:00,1780459200000,0.2088,0.2182,0.2088,0.2171,29747773.1,0.2171,0.2171,,0.0,0.0,,0.2171,
2026-06-03 08:00:00,1780473600000,0.2172,0.2184,0.2154,0.2162,30101087.2,0.2170142857142857,0.2170647058823529,,-7.179487179490018e-05,-5.743589743592015e-05,,0.2162,
2026-06-03 12:00:00,1780488000000,0.2161,0.2165,0.2116,0.212,43937466.6,0.2165367346938775,0.2168660899653979,,-0.0004622689750895,-0.0003583280005844,,0.212,
2026-06-03 16:00:00,1780502400000,0.212,0.2122,0.2043,0.2048,53163796.1,0.2154189504373177,0.2163929099667548,,-0.001337286930946,-0.0009866767651528,,0.2048,
2026-06-03 20:00:00,1780516800000,0.2048,0.2066,0.2001,0.2004,60138820.9,0.2139885742051922,0.2157657370268821,,-0.0023585997233585,-0.0016063916460522,,0.2004,
2026-06-04 00:00:00,1780531200000,0.2004,0.2019,0.1877,0.1998,114872694.3,0.2126372814237453,0.2151396296924946,,-0.003179758182105,-0.0019420400838389,,0.1998,
2026-06-04 04:00:00,1780545600000,0.1999,0.2012,0.1947,0.1948,36622578.1,0.1948,0.1948,,0.0,0.0,,0.1948,
2026-06-04 08:00:00,1780560000000,0.1949,0.1957,0.1871,0.1903,65914067.8,0.1943714285714285,0.1946235294117647,,-0.0003589743589743,-0.0002871794871794,,0.1903,
2026-06-04 12:00:00,1780574400000,0.1902,0.1927,0.1871,0.1889,60049929.1,0.1938503401360544,0.19439907727797,,-0.0007478121119146,-0.0005408137920958,,0.1889,
2026-06-04 16:00:00,1780588800000,0.1889,0.1906,0.1857,0.1866,44915067.3,0.1931598315516683,0.1940932311102065,,-0.0012274107831708,-0.0008163299706816,,0.1866,
2026-06-04 20:00:00,1780603200000,0.1866,0.1868,0.1788,0.1798,57571504.1,0.1918874666419855,0.1935327122431396,,-0.0021316272830647,-0.0013764371764604,,0.1798,
2026-06-05 00:00:00,1780617600000,0.1798,0.1798,0.1581,0.1584,148798442.5,0.1886981841046536,0.19215495882184,,-0.0045228894720635,-0.0030141594923673,,0.1584,
2026-06-05 04:00:00,1780632000000,0.1585,0.1692,0.1583,0.1635,109824516.2,0.1635,0.1635,,0.0,0.0,,0.1635,
2026-06-05 08:00:00,1780646400000,0.1634,0.1664,0.1587,0.1624,71585515.2,0.1633952380952381,0.163456862745098,,-8.774928774932245e-05,-7.019943019945796e-05,,0.1624,
2026-06-05 12:00:00,1780660800000,0.1623,0.1652,0.1564,0.1573,87300452.7,0.1628147392290249,0.163215417147251,,-0.0005623363446725,-0.0004358291896981,,0.1573,
2026-06-05 16:00:00,1780675200000,0.1572,0.1638,0.1544,0.1606,85629410.1,0.1626038116834035,0.1631128517689275,,-0.0006645075562828,-0.0004304003210467,,0.1606,
2026-06-05 20:00:00,1780689600000,0.1606,0.1639,0.1551,0.1567,59446172.8,0.1620415439040317,0.1628613673858323,,-0.0010480946017747,-0.0006511898932309,,0.1567,
2026-06-06 00:00:00,1780704000000,0.1567,0.1624,0.1538,0.1552,48978757.5,0.1613899682941239,0.1625609216059957,,-0.0014563397844049,-0.0008475480606889,,0.1552,
2026-06-06 04:00:00,1780718400000,0.1551,0.1584,0.1486,0.1574,120842732.6,0.1574,0.1574,,0.0,0.0,,0.1574,
2026-06-06 08:00:00,1780732800000,0.1574,0.1603,0.1536,0.1563,50133782.8,0.1572952380952381,0.157356862745098,,-8.774928774926694e-05,-7.019943019941355e-05,,0.1563,
2026-06-06 12:00:00,1780747200000,0.1564,0.1617,0.155,0.1585,54504477.9,0.157409977324263,0.157401691657055,,1.9999837663681182e-05,3.003975617082766e-05,,0.1585,
2026-06-06 16:00:00,1780761600000,0.1584,0.1602,0.1567,0.1569,33698248.9,0.1573614080552856,0.1573820174744254,,-2.344457789785204e-05,-1.072372751256445e-05,,0.1569,
2026-06-06 20:00:00,1780776000000,0.1569,0.1587,0.1556,0.1573,22968153.6,0.1573555596690679,0.1573788011028793,,-2.530621883184425e-05,-1.006829475724533e-05,,0.1573,
2026-06-07 00:00:00,1780790400000,0.1574,0.1622,0.1568,0.1614,34695522.0,0.15774074446249,0.1575364951772762,,0.0003005891476025,0.0002526616573417,,0.1614,
2026-06-07 04:00:00,1780804800000,0.1614,0.1631,0.1597,0.1624,37594959.7,0.1624,0.1624,,0.0,0.0,,0.1624,
2026-06-07 08:00:00,1780819200000,0.1624,0.167,0.1617,0.1647,52848524.6,0.1626190476190476,0.1624901960784313,,0.0001834757834758,0.0001467806267806,,0.1647,
2026-06-07 12:00:00,1780833600000,0.1647,0.165,0.1605,0.1622,38058467.2,0.1625791383219954,0.1624788158400615,,0.0001257035251337,7.120669475086938e-05,,0.1622,
2026-06-07 16:00:00,1780848000000,0.1623,0.164,0.158,0.1586,35769456.9,0.1622001727675197,0.162326705414961,,-0.0002081716462183,-0.000210134781281,,0.1586,
2026-06-07 20:00:00,1780862400000,0.1585,0.1688,0.1581,0.1653,51771525.5,0.1624953944087083,0.1624433052026096,,6.70905032489344e-05,5.2101894549048566e-05,,0.1653,
2026-06-08 00:00:00,1780876800000,0.1653,0.1666,0.1615,0.1641,27156176.8,0.1626482139888313,0.1625082736260367,,0.0001862606715979,0.0001370176503184,,0.1641,
2026-06-08 04:00:00,1780891200000,0.1641,0.1644,0.16,0.1639,22705186.7,0.1639,0.1639,,0.0,0.0,,0.1639,
2026-06-08 08:00:00,1780905600000,0.1639,0.1683,0.1623,0.1676,41308768.8,0.1642523809523809,0.1640450980392157,,0.0002951566951566,0.0002361253561253,,0.1676,
2026-06-08 12:00:00,1780920000000,0.1677,0.1714,0.1649,0.1693,48813230.2,0.1647331065759637,0.1642511726259131,,0.0006586537446936,0.0004796979245298,,0.1693,
2026-06-08 16:00:00,1780934400000,0.1694,0.1727,0.1672,0.1719,35438117.0,0.1654156678544433,0.1645511266405832,,0.0011433462621975,0.0007715123536269,,0.1719,
2026-06-08 20:00:00,1780948800000,0.1719,0.1745,0.1688,0.1704,24500613.0,0.1658903661540202,0.1647804942233054,,0.001390403405402,0.0008148555974652,,0.1704,
2026-06-09 00:00:00,1780963200000,0.1704,0.1708,0.1657,0.1664,28207678.1,0.1659389027107801,0.164844004253764,,0.0012490333220962,0.0005387884113274,,0.1664,
2026-06-09 04:00:00,1780977600000,0.1663,0.1711,0.1651,0.1703,22171826.4,0.1703,0.1703,,0.0,0.0,,0.1703,
2026-06-09 08:00:00,1780992000000,0.1703,0.1705,0.1667,0.1674,19816377.3,0.1700238095238095,0.1701862745098039,,-0.000231339031339,-0.0001850712250712,,0.1674,
2026-06-09 12:00:00,1781006400000,0.1674,0.1698,0.1627,0.1631,37288851.4,0.1693643990929705,0.1699083813917724,,-0.0007529711609483,-0.0005653626837444,,0.1631,
2026-06-09 16:00:00,1781020800000,0.163,0.169,0.1608,0.1685,39810748.0,0.1692820753698304,0.1698531507489578,,-0.0007223072036798,-0.0004277589811807,,0.1685,
2026-06-09 20:00:00,1781035200000,0.1686,0.1699,0.1649,0.1653,16022407.6,0.1689028300965133,0.1696745958176261,,-0.0009453219698806,-0.0005206189979052,,0.1653,
2026-06-10 00:00:00,1781049600000,0.1653,0.1669,0.1613,0.1624,22302001.6,0.1682835129444644,0.1693893175502682,,-0.0013406147699537,-0.0007327294383826,,0.1624,
2026-06-10 04:00:00,1781064000000,0.1624,0.163,0.1597,0.1614,27481394.4,0.1614,0.1614,,0.0,0.0,,0.1614,
2026-06-10 08:00:00,1781078400000,0.1613,0.1616,0.1586,0.1596,27282386.4,0.1612285714285714,0.1613294117647058,,-0.0001435897435897,-0.0001148717948718,,0.1596,
2026-06-10 12:00:00,1781092800000,0.1595,0.1668,0.1591,0.165,51433567.9,0.1615877551020408,0.161473356401384,,0.0001763167506756,0.0001640277595149,,0.165,-1.117e-05
2026-06-10 16:00:00,1781107200000,0.165,0.1652,0.1603,0.1608,34162140.0,0.1615127308066083,0.1614469502679965,,8.990369916656027e-05,6.209176640462744e-05,,0.1608,-1.117e-05
2026-06-10 20:00:00,1781121600000,0.1608,0.1617,0.1582,0.1607,23479139.8,0.1614353278726456,0.161417658100624,,1.3199414375497652e-05,-1.169001470914815e-05,,0.1607,1.016e-05
2026-06-11 00:00:00,1781136000000,0.1607,0.1673,0.1607,0.1665,29291874.3,0.1619176775990603,0.1616169656260898,,0.0004156311067542,0.0003125933421357,,0.1665,2.6e-06
2026-06-11 04:00:00,1781150400000,0.1666,0.1678,0.1641,0.1668,28334343.6,0.1668,0.1668,,0.0,0.0,,0.1668,
2026-06-11 08:00:00,1781164800000,0.1668,0.1681,0.1654,0.1669,25658608.8,0.1668095238095238,0.1668039215686274,,7.977207977211132e-06,6.3817663817689055e-06,,0.1669,
2026-06-11 12:00:00,1781179200000,0.1669,0.1674,0.1642,0.1662,30648469.8,0.1667514739229025,0.1667802383698577,,-4.170420694638022e-05,-3.463971883345795e-05,,0.1662,
2026-06-11 16:00:00,1781193600000,0.1662,0.1719,0.1641,0.1694,49180318.2,0.1670037145016737,0.1668829741200594,,0.0001751175244604,0.0001457456100587,,0.1694,
2026-06-11 20:00:00,1781208000000,0.1694,0.172,0.1675,0.1707,22412934.9,0.1673557416919905,0.1670326614094688,,0.0004467001627483,0.0003338625986772,,0.1707,
2026-06-12 00:00:00,1781222400000,0.1707,0.1719,0.1688,0.1718,18589603.9,0.1677790043879914,0.1672196158639994,,0.0007421372706633,0.0005034397652738,,0.1718,
2026-06-12 04:00:00,1781236800000,0.1719,0.1736,0.1681,0.1692,22564263.5,0.1692,0.1692,,0.0,0.0,,0.1692,
2026-06-12 08:00:00,1781251200000,0.1692,0.1723,0.1692,0.1714,21982301.4,0.1694095238095238,0.1692862745098039,,0.0001754985754985,0.0001403988603988,,0.1714,
2026-06-12 12:00:00,1781265600000,0.1713,0.1743,0.1677,0.1705,58083874.7,0.1695133786848072,0.1693338715878508,,0.0002392026038749,0.0001632823110202,,0.1705,
2026-06-12 16:00:00,1781280000000,0.1705,0.1744,0.1696,0.1708,31668670.7,0.1696359140481589,0.1693913668196998,,0.0003103188357496,0.0001875188343158,,0.1708,
2026-06-12 20:00:00,1781294400000,0.1709,0.1713,0.1687,0.1697,16377758.4,0.1696420174721438,0.1694034700816723,,0.0002747509964975,0.000121560796051,,0.1697,
2026-06-13 00:00:00,1781308800000,0.1697,0.1734,0.1695,0.1704,24132301.5,0.1697142062843206,0.1694425496863126,,0.0002995938461263,0.0001171229165438,,0.1704,
2026-06-13 04:00:00,1781323200000,0.1705,0.1742,0.169,0.1732,21489265.0,0.1732,0.1732,,0.0,0.0,,0.1732,
2026-06-13 08:00:00,1781337600000,0.1731,0.1739,0.1721,0.1734,13697713.4,0.1732190476190476,0.1732078431372549,,1.5954415954422263e-05,1.2763532763537813e-05,,0.1734,
2026-06-13 12:00:00,1781352000000,0.1735,0.1758,0.1731,0.175,14772014.8,0.1733886621315192,0.173278123798539,,0.0001559078254234,0.000122173553786,,0.175,
2026-06-13 16:00:00,1781366400000,0.175,0.1751,0.1715,0.1722,15532604.8,0.1732754562142317,0.1732358444338904,,4.041938184032312e-05,5.348088162334004e-06,,0.1722,
2026-06-13 20:00:00,1781380800000,0.1721,0.1735,0.1712,0.1718,16177702.3,0.173134936574781,0.173179536809032,,-8.243246862332798e-05,-9.400300984105369e-05,,0.1718,
2026-06-14 00:00:00,1781395200000,0.1718,0.1737,0.1714,0.1731,15566485.8,0.1731316092819447,0.1731764177184817,,-7.404081336123691e-05,-6.848908366317009e-05,,0.1731,
2026-06-14 04:00:00,1781409600000,0.1731,0.1733,0.1709,0.1711,11135853.8,0.1711,0.1711,,0.0,0.0,,0.1711,
2026-06-14 08:00:00,1781424000000,0.1711,0.1719,0.1695,0.1698,16709002.7,0.1709761904761905,0.1710490196078431,,-0.0001037037037037,-8.296296296297356e-05,,0.1698,
2026-06-14 12:00:00,1781438400000,0.1698,0.17,0.1654,0.167,28790169.9,0.1705975056689342,0.1708902345251826,,-0.0004071330589849,-0.0003091138545953,,0.167,
2026-06-14 16:00:00,1781452800000,0.167,0.1677,0.1658,0.1661,15935296.1,0.1701691717957024,0.1707023821908617,,-0.0007120177896584,-0.000491198868215,,0.1661,
2026-06-14 20:00:00,1781467200000,0.1661,0.1839,0.1658,0.183,64645589.0,0.1713911554342069,0.1711846417127887,,0.0004053747181006,0.0005009549116351,,0.183,
2026-06-15 00:00:00,1781481600000,0.183,0.187,0.1794,0.1813,60833263.0,0.1723348549166634,0.1715813224299343,,0.0011405924980474,0.0009889381532656,,0.1813,
2026-06-15 04:00:00,1781496000000,0.1812,0.182,0.1795,0.1802,20481521.5,0.1802,0.1802,,0.0,0.0,,0.1802,
2026-06-15 08:00:00,1781510400000,0.1803,0.1856,0.18,0.1852,34324932.2,0.1806761904761904,0.1803960784313725,,0.0003988603988603,0.0003190883190883,,0.1852,
2026-06-15 12:00:00,1781524800000,0.1852,0.19,0.1844,0.1889,63385788.2,0.181459410430839,0.1807295655517108,,0.0010019691398608,0.000737757648071,,0.1889,
2026-06-15 16:00:00,1781539200000,0.1889,0.1897,0.185,0.1862,34303493.4,0.1819108951517114,0.1809440923928202,,0.0012476871661163,0.0007867805394612,,0.1862,
2026-06-15 20:00:00,1781553600000,0.1862,0.1866,0.1768,0.1786,41529174.5,0.1815955718039294,0.1808521672009449,,0.0008197148258195,0.0002870465593315,,0.1786,
2026-06-16 00:00:00,1781568000000,0.1785,0.1793,0.1755,0.1772,21101291.2,0.1811769459178409,0.1807089449577706,,0.000363386470022,-0.0001354254371727,,0.1772,
2026-06-16 04:00:00,1781582400000,0.1773,0.1793,0.1757,0.1788,16948307.8,0.1788,0.1788,,0.0,0.0,,0.1788,
2026-06-16 08:00:00,1781596800000,0.1787,0.1814,0.1783,0.1788,24157979.4,0.1788,0.1788,,0.0,0.0,,0.1788,
2026-06-16 12:00:00,1781611200000,0.1789,0.1814,0.1728,0.1741,32861887.0,0.1783523809523809,0.1786156862745098,,-0.0003749287749287,-0.000299943019943,,0.1741,
2026-06-16 16:00:00,1781625600000,0.1741,0.1766,0.1719,0.1732,29868668.0,0.1778616780045351,0.1784033064206074,,-0.0007361985698168,-0.0005289702518648,,0.1732,
2026-06-16 20:00:00,1781640000000,0.1733,0.1756,0.172,0.1724,26205414.7,0.1773415181945794,0.1781678826394071,,-0.0010746726419391,-0.0006939554591897,,0.1724,
2026-06-17 00:00:00,1781654400000,0.1723,0.175,0.171,0.173,27963775.4,0.1769280402712861,0.1779652205751167,,-0.0012797486512436,-0.0007192251747954,,0.173,
2026-06-17 04:00:00,1781668800000,0.1731,0.1738,0.1703,0.1713,23131890.0,0.1713,0.1713,,0.0,0.0,,0.1713,
2026-06-17 08:00:00,1781683200000,0.1713,0.1714,0.1678,0.1688,31353842.6,0.1710619047619047,0.1712019607843137,,-0.0001994301994301,-0.0001595441595441,,0.1688,
2026-06-17 12:00:00,1781697600000,0.1689,0.1715,0.167,0.1714,49810848.2,0.17109410430839,0.1712097270280661,,-0.0001459988149446,-8.489022004688705e-05,,0.1714,
2026-06-17 16:00:00,1781712000000,0.1714,0.1729,0.1648,0.1656,60485850.9,0.1705708562790195,0.1709897377328479,,-0.0005651508776418,-0.0004032338261952,,0.1656,
2026-06-17 20:00:00,1781726400000,0.1655,0.1675,0.1637,0.1669,24551225.7,0.1702212509191129,0.1708293558609715,,-0.0007834021988132,-0.0004971881178933,,0.1669,
2026-06-18 00:00:00,1781740800000,0.1669,0.1689,0.1665,0.1669,10902775.8,0.1699049413077688,0.1706752634742667,,-0.0009454691632772,-0.0005274040658858,,0.1669,
2026-06-18 04:00:00,1781755200000,0.1669,0.1673,0.1639,0.1669,20320287.2,0.1669,0.1669,,0.0,0.0,,0.1669,
2026-06-18 08:00:00,1781769600000,0.1669,0.1675,0.1646,0.165,17481470.0,0.1667190476190476,0.1668254901960784,,-0.0001515669515669,-0.0001212535612535,,0.165,
2026-06-18 12:00:00,1781784000000,0.1651,0.1665,0.1598,0.1604,41718112.4,0.1661172335600906,0.1665735101883891,,-0.0006355402959391,-0.0004841815245006,,0.1604,
2026-06-18 16:00:00,1781798400000,0.1603,0.1634,0.1601,0.163,23244489.8,0.1658203541734153,0.1664333725339424,,-0.00080007165924,-0.0005189703102411,,0.163,
2026-06-18 20:00:00,1781812800000,0.1631,0.1642,0.1624,0.1637,10358956.4,0.1656184156807091,0.16632618145418,,-0.0008640199164217,-0.0004663348539383,,0.1637,
2026-06-19 00:00:00,1781827200000,0.1637,0.1651,0.1611,0.1621,17700255.6,0.1652833284730225,0.1661604488481337,,-0.0010319107741404,-0.0005073805693256,,0.1621,
2026-06-19 04:00:00,1781841600000,0.1622,0.1624,0.1586,0.1596,19936627.5,0.1596,0.1596,,0.0,0.0,,0.1596,
2026-06-19 08:00:00,1781856000000,0.1597,0.1611,0.1591,0.1599,13256973.6,0.1596285714285714,0.1596117647058823,,2.393162393166115e-05,1.914529914532892e-05,,0.1599,
2026-06-19 12:00:00,1781870400000,0.1599,0.1629,0.1587,0.1618,16997083.9,0.1598353741496598,0.1596975778546712,,0.0001939756982492,0.0001513514987703,,0.1618,
2026-06-19 16:00:00,1781884800000,0.1619,0.1624,0.1603,0.1608,11089934.8,0.1599272432782637,0.1597408100956645,,0.0002452184835607,0.0001620754272654,,0.1608,
2026-06-19 20:00:00,1781899200000,0.1609,0.1624,0.1604,0.1621,7938894.7,0.1601341724898576,0.1598333273468149,,0.0003862751560006,0.0002425056797643,,0.1621,
2026-06-20 00:00:00,1781913600000,0.1621,0.164,0.1616,0.1625,9650600.9,0.1603594893955855,0.1599379027449791,,0.000524296478784,0.0003044216020381,,0.1625,
2026-06-20 04:00:00,1781928000000,0.1625,0.1651,0.1623,0.1629,11163019.1,0.1629,0.1629,,0.0,0.0,,0.1629,
2026-06-20 08:00:00,1781942400000,0.1629,0.164,0.1622,0.1629,7734232.8,0.1629,0.1629,,0.0,0.0,,0.1629,
2026-06-20 12:00:00,1781956800000,0.1629,0.1633,0.16,0.1623,20391691.5,0.1628428571428571,0.1628764705882353,,-4.7863247863239033e-05,-3.829059829059122e-05,,0.1623,
2026-06-20 16:00:00,1781971200000,0.1623,0.1625,0.1601,0.1613,13812271.7,0.1626959183673469,0.162814648212226,,-0.0001645895731365,-0.0001240135388511,,0.1613,
2026-06-20 20:00:00,1781985600000,0.1614,0.1639,0.1612,0.1633,9527261.3,0.1627534499514091,0.1628336816156681,,-9.462199808704665e-05,-4.32367710412933e-05,,0.1633,
2026-06-21 00:00:00,1782000000000,0.1633,0.1636,0.162,0.1626,8986845.9,0.1627388356703225,0.16282451763074,,-9.456623987919022e-05,-3.454481026674951e-05,,0.1626,
2026-06-21 04:00:00,1782014400000,0.1627,0.1628,0.1601,0.1616,15689935.3,0.1616,0.1616,,0.0,0.0,,0.1616,
2026-06-21 08:00:00,1782028800000,0.1616,0.1626,0.16,0.161,13076458.7,0.1615428571428571,0.1615764705882353,,-4.7863247863239033e-05,-3.829059829059122e-05,,0.161,
2026-06-21 12:00:00,1782043200000,0.1609,0.1629,0.1603,0.1623,8832848.3,0.1616149659863945,0.1616048442906574,,1.8886210339214005e-05,2.276708792948945e-05,,0.1623,
2026-06-21 16:00:00,1782057600000,0.1624,0.1625,0.1609,0.162,6639379.7,0.1616516358924522,0.1616203405929846,,4.703594300106695e-05,4.073345647307392e-05,,0.162,
2026-06-21 20:00:00,1782072000000,0.162,0.1623,0.1563,0.1566,31559457.7,0.1611705277122186,0.1614234644912989,,-0.0003622146760587,-0.0002948137300693,,0.1566,
2026-06-22 00:00:00,1782086400000,0.1566,0.163,0.1566,0.1582,23624278.7,0.160887620311055,0.1612970541190911,,-0.000551089495253,-0.0003869508394109,,0.1582,
2026-06-22 04:00:00,1782100800000,0.1582,0.1621,0.1579,0.1618,12636019.9,0.1618,0.1618,,0.0,0.0,,0.1618,
2026-06-22 08:00:00,1782115200000,0.1618,0.1624,0.1598,0.1617,14595440.7,0.1617904761904761,0.1617960784313725,,-7.977207977211132e-06,-6.3817663817689055e-06,,0.1617,
2026-06-22 12:00:00,1782129600000,0.1617,0.1633,0.1589,0.1595,22610644.5,0.161572335600907,0.1617060361399462,,-0.0001896348243926,-0.0001504315062377,,0.1595,
2026-06-22 16:00:00,1782144000000,0.1596,0.1601,0.1577,0.159,15168447.2,0.1613273512579635,0.1615999170756346,,-0.0003696841270042,-0.0002643846470795,,0.159,
2026-06-22 20:00:00,1782158400000,0.159,0.1601,0.1572,0.1585,12226835.0,0.161058079709586,0.1614783517001195,,-0.0005464215107939,-0.0003528976246953,,0.1585,
2026-06-23 00:00:00,1782172800000,0.1586,0.16,0.1576,0.1599,13556890.6,0.1609477864039112,0.1614164555550167,,-0.000566983033583,-0.0002987673179875,,0.1599,
2026-06-23 04:00:00,1782187200000,0.16,0.1601,0.1536,0.1546,32808562.9,0.1546,0.1546,,0.0,0.0,,0.1546,
2026-06-23 08:00:00,1782201600000,0.1547,0.1548,0.1508,0.1537,38398814.8,0.1545142857142857,0.1545647058823529,,-7.179487179487243e-05,-5.743589743589794e-05,,0.1537,
2026-06-23 12:00:00,1782216000000,0.1536,0.1537,0.1498,0.151,54155190.4,0.1541795918367347,0.1544249134948096,,-0.0003426108554313,-0.0002626015048579,,0.151,
2026-06-23 16:00:00,1782230400000,0.151,0.152,0.1493,0.1501,36546866.4,0.1537910592808551,0.1542553090440328,,-0.0006226790949707,-0.0004341357955178,,0.1501,
2026-06-23 20:00:00,1782244800000,0.1502,0.1524,0.1499,0.1515,15944945.9,0.1535728631588689,0.1541472577089727,,-0.0007233288086272,-0.0004278284073394,,0.1515,
2026-06-24 00:00:00,1782259200000,0.1514,0.1544,0.1512,0.1522,20220627.6,0.1534421142865957,0.154070894661562,,-0.0007381019027042,-0.0003540812011331,,0.1522,
2026-06-24 04:00:00,1782273600000,0.1522,0.1531,0.1502,0.1506,15461314.1,0.1506,0.1506,,0.0,0.0,,0.1506,
2026-06-24 08:00:00,1782288000000,0.1506,0.1513,0.1458,0.1483,59331749.5,0.1503809523809524,0.1505098039215686,,-0.0001834757834757,-0.0001467806267806,,0.1483,
2026-06-24 12:00:00,1782302400000,0.1483,0.1489,0.1435,0.1439,63334909.7,0.1497637188208617,0.1502505959246443,,-0.000676130875561,-0.0005115485750927,,0.1439,
2026-06-24 16:00:00,1782316800000,0.1439,0.1445,0.1396,0.1412,78126445.6,0.1489481265522082,0.1498956705942661,,-0.0012697936300374,-0.0008841690636552,,0.1412,
2026-06-24 20:00:00,1782331200000,0.1412,0.1494,0.1408,0.1477,48978305.2,0.1488292573567598,0.1498095658650792,,-0.0012019249205242,-0.0006530402833136,,0.1477,
2026-06-25 00:00:00,1782345600000,0.1477,0.1492,0.147,0.1475,24033452.4,0.1487026614180208,0.149718994654684,,-0.0011510086960277,-0.0004816992470537,,0.1475,
2026-06-25 04:00:00,1782360000000,0.1475,0.1508,0.1471,0.1499,20125840.2,0.1499,0.1499,,0.0,0.0,,0.1499,
2026-06-25 08:00:00,1782374400000,0.1499,0.1501,0.1473,0.1476,14681630.2,0.1496809523809524,0.1498098039215686,,-0.0001834757834757,-0.0001467806267806,,0.1476,
2026-06-25 12:00:00,1782388800000,0.1477,0.1489,0.1382,0.1432,74436590.9,0.1490637188208616,0.1495505959246444,,-0.000676130875561,-0.0005115485750927,,0.1432,
2026-06-25 16:00:00,1782403200000,0.1432,0.1452,0.1406,0.1411,25672468.3,0.148305269409351,0.1492192000060309,,-0.0012219303821741,-0.0008458784653646,,0.1411,
2026-06-25 20:00:00,1782417600000,0.1412,0.1444,0.1412,0.1438,15072350.4,0.14787619613227,0.1490066823587355,,-0.0014202413302936,-0.0008353515307872,,0.1438,
2026-06-26 00:00:00,1782432000000,0.1438,0.1444,0.1385,0.1427,30979153.6,0.1473832250720538,0.1487593614819224,,-0.0016471773571074,-0.0008498300460809,,0.1427,
2026-06-26 04:00:00,1782446400000,0.1428,0.1473,0.1415,0.1466,29569913.5,0.1466,0.1466,,0.0,0.0,,0.1466,
2026-06-26 08:00:00,1782460800000,0.1467,0.1469,0.1427,0.1433,18926642.0,0.1462857142857143,0.1464705882352941,,-0.0002632478632478,-0.0002105982905983,,0.1433,
2026-06-26 12:00:00,1782475200000,0.1434,0.1483,0.1412,0.1481,46249678.7,0.1464585034013605,0.1465344867358708,,-8.359023059881232e-05,-2.4752526359388404e-05,,0.1481,
2026-06-26 16:00:00,1782489600000,0.1481,0.15,0.1465,0.1477,29304637.8,0.1465767411726595,0.1465801931383857,,2.6210937209975027e-05,6.803891315951917e-05,,0.1477,
2026-06-26 20:00:00,1782504000000,0.1477,0.1494,0.1464,0.1484,24722783.7,0.1467503848705015,0.1466515581133509,,0.0001677792488868,0.0001676857798691,,0.1484,
2026-06-27 00:00:00,1782518400000,0.1485,0.1497,0.1473,0.1483,21350075.5,0.146897967263787,0.1467162028932195,,0.0002688053705837,0.0002149695212527,,0.1483,
2026-06-27 04:00:00,1782532800000,0.1483,0.1491,0.1471,0.1476,12704818.7,0.1476,0.1476,,0.0,0.0,,0.1476,
2026-06-27 08:00:00,1782547200000,0.1476,0.1478,0.1464,0.1472,11760587.2,0.1475619047619047,0.1475843137254902,,-3.190883190881677e-05,-2.5527065527053416e-05,,0.1472,
2026-06-27 12:00:00,1782561600000,0.1473,0.1494,0.1467,0.1489,14434064.5,0.1476893424036281,0.147635909265667,,7.906754003619842e-05,6.835944513436943e-05,,0.1489,
2026-06-27 16:00:00,1782576000000,0.1489,0.1491,0.1448,0.1453,18946885.9,0.1474617859842349,0.1475443049807389,,-0.0001220657017736,-0.0001062190373404,,0.1453,
2026-06-27 20:00:00,1782590400000,0.1453,0.1461,0.1438,0.1453,10408848.2,0.147255901604784,0.1474562930207099,,-0.0002782576638552,-0.0002099287995375,,0.1453,
2026-06-28 00:00:00,1782604800000,0.1453,0.146,0.1446,0.1454,6016467.7,0.147079149070995,0.1473756540787213,,-0.0003894820482341,-0.0002569225471331,,0.1454,
2026-06-28 04:00:00,1782619200000,0.1454,0.1456,0.1434,0.1452,8371781.3,0.1452,0.1452,,0.0,0.0,,0.1452,
2026-06-28 08:00:00,1782633600000,0.1453,0.1465,0.1443,0.1454,8060036.5,0.1452190476190476,0.1452078431372549,,1.5954415954394507e-05,1.2763532763515604e-05,,0.1454,
2026-06-28 12:00:00,1782648000000,0.1453,0.1457,0.1441,0.1445,10981979.9,0.145150566893424,0.1451800845828527,,-4.352237400673253e-05,-3.7370605758089146e-05,,0.1445,
2026-06-28 16:00:00,1782662400000,0.1446,0.1447,0.1422,0.1429,14228553.4,0.1449362271892884,0.1450906695011722,,-0.0002172603447853,-0.0001688868612293,,0.1429,
2026-06-28 20:00:00,1782676800000,0.1428,0.1445,0.1412,0.1438,13792010.1,0.1448280150760228,0.1450400550109302,,-0.0002791090644005,-0.0001845884646756,,0.1438,
2026-06-29 00:00:00,1782691200000,0.1438,0.146,0.1419,0.1452,15473950.9,0.1448634422116397,0.1450463273634427,,-0.0002127043966985,-9.454703757895872e-05,,0.1452,
2026-06-29 04:00:00,1782705600000,0.1451,0.1464,0.1427,0.1451,13332891.1,0.1451,0.1451,,0.0,0.0,,0.1451,
2026-06-29 08:00:00,1782720000000,0.145,0.146,0.1437,0.1449,16481945.3,0.1450809523809524,0.1450921568627451,,-1.5954415954422263e-05,-1.2763532763537813e-05,,0.1449,
2026-06-29 12:00:00,1782734400000,0.1449,0.1469,0.1432,0.1455,35491283.7,0.1451208616780045,0.1451081507112649,,1.9590750075071384e-05,1.8225306612764667e-05,,0.1455,
2026-06-29 16:00:00,1782748800000,0.1455,0.1488,0.1447,0.1477,15142361.9,0.1453664938991469,0.1452097918598427,,0.0002227148459662,0.0001770795220031,,0.1477,
2026-06-29 20:00:00,1782763200000,0.1476,0.1478,0.1455,0.1458,8952899.9,0.1454077801944663,0.1452329372771038,,0.0002277526436477,0.0001456938557477,,0.1458,
2026-06-30 00:00:00,1782777600000,0.1458,0.146,0.1437,0.1443,11276607.5,0.1453022773188028,0.1451963515015311,,0.0001094460447527,2.1909805482142164e-05,,0.1443,
2026-06-30 04:00:00,1782792000000,0.1443,0.1457,0.144,0.145,11154119.7,0.145,0.145,,0.0,0.0,,0.145,
2026-06-30 08:00:00,1782806400000,0.1451,0.1452,0.1438,0.144,14205741.8,0.1449047619047619,0.1449607843137255,,-7.97720797720558e-05,-6.381766381764464e-05,,0.144,
2026-06-30 12:00:00,1782820800000,0.144,0.1456,0.1421,0.1444,36326897.9,0.1448566893424036,0.1449387927720107,,-0.0001094536570319,-7.479939286204384e-05,,0.1444,
2026-06-30 16:00:00,1782835200000,0.1444,0.1465,0.1436,0.1449,23010214.3,0.1448608141669366,0.1449372714868338,,-9.157507902157748e-05,-4.553665188132427e-05,,0.1449,
2026-06-30 20:00:00,1782849600000,0.1448,0.145,0.1435,0.1444,9871498.3,0.1448169271034188,0.1449162020167619,,-0.0001164100953493,-5.629733456730025e-05,,0.1444,
2026-07-01 00:00:00,1782864000000,0.1444,0.1509,0.142,0.1495,46721018.3,0.1452629340459504,0.1450959588004183,,0.0002722964883863,0.0002659273993347,,0.1495,
2026-07-01 04:00:00,1782878400000,0.1495,0.153,0.1488,0.1501,60439950.5,0.1501,0.1501,,0.0,0.0,,0.1501,
2026-07-01 08:00:00,1782892800000,0.1501,0.1524,0.149,0.1508,29590374.5,0.1501666666666667,0.1501274509803921,,5.584045584047792e-05,4.4672364672382334e-05,,0.1508,
2026-07-01 12:00:00,1782907200000,0.1508,0.1581,0.1503,0.1553,68221832.2,0.1506555555555555,0.1503302960399846,,0.0004579281012329,0.0003574080080518,,0.1553,
2026-07-01 16:00:00,1782921600000,0.1553,0.1559,0.1527,0.1534,25463157.7,0.1509169312169312,0.1504506765874362,,0.0006161685288055,0.0004125187484996,,0.1534,
2026-07-01 20:00:00,1782936000000,0.1535,0.158,0.1529,0.1539,26509523.6,0.1512010330057949,0.1505859441722426,,0.0007730102480855,0.0004554883742236,,0.1539,
2026-07-02 00:00:00,1782950400000,0.1539,0.1566,0.1526,0.1563,28690690.7,0.1516866489100049,0.150810024792939,,0.0010785356948366,0.0006088110567798,,0.1563,
2026-07-02 04:00:00,1782964800000,0.1563,0.1563,0.1542,0.1551,14347714.6,0.1551,0.1551,,0.0,0.0,,0.1551,
2026-07-02 08:00:00,1782979200000,0.1552,0.1603,0.1549,0.1597,36493707.9,0.1555380952380952,0.1552803921568627,,0.0003669515669515,0.0002935612535612,,0.1597,
2026-07-02 12:00:00,1782993600000,0.1596,0.1628,0.1587,0.1608,34017322.2,0.1560392290249433,0.1554968473663975,,0.0007380167368771,0.0005317011387894,,0.1608,
2026-07-02 16:00:00,1783008000000,0.1608,0.1627,0.1589,0.1597,24319758.5,0.1563878738797106,0.1556616768814407,,0.0009325775767119,0.0005810095828993,,0.1597,
2026-07-02 20:00:00,1783022400000,0.1598,0.163,0.1596,0.1615,27166079.2,0.1568747430340239,0.1558906307292274,,0.0012179733620331,0.0006931242945764,,0.1615,
2026-07-03 00:00:00,1783036800000,0.1615,0.1685,0.1606,0.1668,53689444.1,0.1578200056022121,0.1563184491320028,,0.0018504860330165,0.0010605095724479,,0.1668,
2026-07-03 04:00:00,1783051200000,0.1668,0.167,0.1632,0.1651,30231209.3,0.1651,0.1651,,0.0,0.0,,0.1651,
2026-07-03 08:00:00,1783065600000,0.1651,0.17,0.1648,0.1696,41853090.4,0.1655285714285714,0.1652764705882353,,0.0003589743589743,0.0002871794871794,,0.1696,
2026-07-03 12:00:00,1783080000000,0.1696,0.1737,0.1679,0.1735,35922266.1,0.1662877551020408,0.1655989619377162,,0.0009472423113448,0.0007003579516399,,0.1735,
2026-07-03 16:00:00,1783094400000,0.1736,0.1832,0.1718,0.1811,96023814.8,0.1676984450923226,0.166206845783296,,0.0020036090283149,0.001405379734888,,0.1811,
2026-07-03 20:00:00,1783108800000,0.181,0.183,0.1782,0.1798,45008262.8,0.168850974131149,0.1667399106545393,,0.0027047099145073,0.0016851844968643,,0.1798,
2026-07-04 00:00:00,1783123200000,0.1798,0.1803,0.1763,0.177,33330755.8,0.1696270718329443,0.1671422670994593,,0.002999820752242,0.0015842362676792,,0.177,
2026-07-04 04:00:00,1783137600000,0.1771,0.1801,0.1751,0.1759,28946515.2,0.1759,0.1759,,0.0,0.0,,0.1759,
2026-07-04 08:00:00,1783152000000,0.1759,0.1776,0.175,0.1765,19742357.3,0.1759571428571428,0.1759235294117647,,4.7863247863239033e-05,3.829059829059122e-05,,0.1765,
2026-07-04 12:00:00,1783166400000,0.1766,0.192,0.1765,0.1909,81944389.4,0.1773802721088435,0.1765108419838523,,0.0012335354420824,0.0009791702340078,,0.1909,
2026-07-04 16:00:00,1783180800000,0.1909,0.2,0.1909,0.1931,135125257.6,0.1788773890508584,0.1771613972001719,,0.002323922084937,0.0016556455014899,,0.1931,
2026-07-04 20:00:00,1783195200000,0.1932,0.1943,0.1905,0.1922,24281017.6,0.1801462091412528,0.1777511463295769,,0.0030799352998807,0.0019293269731469,,0.1922,
2026-07-05 00:00:00,1783209600000,0.1921,0.1952,0.1893,0.1904,48867677.7,0.1811227606516097,0.1782471798068484,,0.0034935646244106,0.0018743650381415,,0.1904,
2026-07-05 04:00:00,1783224000000,0.1903,0.1943,0.1882,0.1931,26967747.0,0.1931,0.1931,,0.0,0.0,,0.1931,
2026-07-05 08:00:00,1783238400000,0.1931,0.1937,0.1851,0.1868,35643249.1,0.1925,0.1928529411764706,,-0.000502564102564,-0.0004020512820512,,0.1868,
2026-07-05 12:00:00,1783252800000,0.1867,0.1908,0.1853,0.1892,26557824.5,0.1921857142857143,0.1927096885813148,,-0.0006991306888742,-0.0004788942946891,,0.1892,
2026-07-05 16:00:00,1783267200000,0.1892,0.1914,0.1884,0.1891,22268505.1,0.1918918367346938,0.1925681321663613,,-0.0008531457557682,-0.0005063274892665,,0.1891,
2026-07-05 20:00:00,1783281600000,0.1891,0.1927,0.1875,0.1895,29875053.1,0.1916640427599611,0.1924478132578766,,-0.0009321815403061,-0.0004682906190435,,0.1895,
2026-07-06 00:00:00,1783296000000,0.1895,0.1907,0.1874,0.1881,21220729.9,0.1913246101161553,0.1922773107771755,,-0.0010951619237439,-0.000505016801985,,0.1881,
2026-07-06 04:00:00,1783310400000,0.1881,0.1885,0.1829,0.1842,23389242.0,0.1842,0.1842,,0.0,0.0,,0.1842,
2026-07-06 08:00:00,1783324800000,0.1842,0.1864,0.1816,0.1825,19550760.0,0.1840380952380952,0.1841333333333333,,-0.0001356125356125,-0.00010849002849,,0.1825,
2026-07-06 12:00:00,1783339200000,0.1824,0.1865,0.178,0.186,45730443.8,0.1842249433106576,0.1842065359477123,,3.888604800286744e-05,5.280684410029935e-05,,0.186,
2026-07-06 16:00:00,1783353600000,0.1861,0.1865,0.1828,0.1841,31551645.0,0.1842130439477378,0.1842023580674099,,2.3591365103214912e-05,3.000972896051746e-05,,0.1841,
2026-07-06 20:00:00,1783368000000,0.1841,0.1871,0.1827,0.1842,16862742.9,0.1842118016670009,0.1842022655941781,,1.931671194702056e-05,2.058806064345849e-05,,0.1842,
2026-07-07 00:00:00,1783382400000,0.1842,0.1852,0.1807,0.1813,14331807.0,0.1839344872225246,0.1840884512571516,,-0.0002155915400921,-0.0001714561531165,,0.1813,
2026-07-07 04:00:00,1783396800000,0.1813,0.1815,0.1788,0.1795,19541530.9,0.1795,0.1795,,0.0,0.0,,0.1795,
2026-07-07 08:00:00,1783411200000,0.1796,0.1799,0.1765,0.1774,23178443.4,0.1793,0.1794176470588235,,-0.0001675213675213,-0.000134017094017,,0.1774,
2026-07-07 12:00:00,1783425600000,0.1775,0.1799,0.1755,0.1772,30175570.0,0.1791,0.1793306805074971,,-0.0003128156427301,-0.0002234490953807,,0.1772,
2026-07-07 16:00:00,1783440000000,0.1773,0.1785,0.1749,0.1767,20323118.6,0.1788714285714286,0.1792275165660266,,-0.0004629713780905,-0.0002988838645929,,0.1767,
2026-07-07 20:00:00,1783454400000,0.1766,0.177,0.1733,0.1746,11582176.8,0.1784646258503402,0.1790460453281432,,-0.000742860100916,-0.0004630180699347,,0.1746,
2026-07-08 00:00:00,1783468800000,0.1747,0.1763,0.1705,0.1706,25801766.7,0.1777156138645935,0.1787148278642945,,-0.0012727688142304,-0.0007943414265992,,0.1706,
2026-07-08 04:00:00,1783483200000,0.1706,0.1715,0.1684,0.1696,19523157.2,0.1696,0.1696,,0.0,0.0,,0.1696,
2026-07-08 08:00:00,1783497600000,0.1696,0.1697,0.1651,0.1671,31572132.2,0.1693619047619047,0.1695019607843137,,-0.0001994301994301,-0.0001595441595441,,0.1671,
2026-07-08 12:00:00,1783512000000,0.1671,0.1696,0.1647,0.1656,24090228.8,0.1690036281179138,0.1693489427143406,,-0.0004730643420101,-0.0003465426416993,,0.1656,
2026-07-08 16:00:00,1783526400000,0.1656,0.1674,0.1655,0.1668,13967286.0,0.1687937587733506,0.1692489841765233,,-0.0005863325238947,-0.000367848658867,,0.1668,
2026-07-08 20:00:00,1783540800000,0.1667,0.1672,0.1653,0.1671,9414607.8,0.1686324484139839,0.1691647102872479,,-0.0006444619253837,-0.0003407824482848,,0.1671,
2026-07-09 00:00:00,1783555200000,0.1671,0.1689,0.1658,0.1664,12171705.5,0.1684198342793187,0.1690562902759833,,-0.0007385010641528,-0.0003478572696432,,0.1664,
2026-07-09 04:00:00,1783569600000,0.1665,0.17,0.1661,0.1683,23530045.0,0.1683,0.1683,,0.0,0.0,,0.1683,
2026-07-09 08:00:00,1783584000000,0.1682,0.1699,0.1669,0.1696,27168739.2,0.1684238095238095,0.1683509803921568,,0.0001037037037036,8.296296296295136e-05,,0.1696,
2026-07-09 12:00:00,1783598400000,0.1696,0.17,0.1661,0.1667,28069962.3,0.1682596371882086,0.1682862360630526,,-4.75677957159637e-05,-5.4646829165361234e-05,,0.1667,
2026-07-09 16:00:00,1783612800000,0.1667,0.1676,0.165,0.1658,20683109.2,0.1680253860274268,0.1681887366095996,,-0.0002373381408941,-0.0001955337394748,,0.1658,
2026-07-09 20:00:00,1783627200000,0.1658,0.1676,0.1655,0.1666,7701085.6,0.1678896349771957,0.1681264332131447,,-0.000319496238787,-0.0002221534698941,,0.1666,
2026-07-10 00:00:00,1783641600000,0.1665,0.1698,0.1657,0.1675,23623337.6,0.1678525268841295,0.1681018672047861,,-0.0003084292643295,-0.0001688691963493,,0.1675,
2026-07-10 04:00:00,1783656000000,0.1675,0.1683,0.166,0.1665,45969901.9,0.1665,0.1665,,0.0,0.0,,0.1665,
2026-07-10 08:00:00,1783670400000,0.1666,0.1698,0.1666,0.168,21070452.1,0.1666428571428571,0.1665588235294118,,0.0001196581196581,9.572649572648917e-05,,0.168,
2026-07-10 12:00:00,1783684800000,0.1681,0.1689,0.1652,0.1665,26795934.5,0.1666292517006802,0.1665565167243368,,9.238561375313203e-05,5.476319185720779e-05,,0.1665,
2026-07-10 16:00:00,1783699200000,0.1665,0.1676,0.1659,0.1667,8611076.3,0.1666359896339488,0.1665621435194608,,8.591985426914528e-05,3.863794589857683e-05,,0.1667,
2026-07-10 20:00:00,1783713600000,0.1666,0.1674,0.1664,0.1667,6246075.4,0.166642085859287,0.1665675496559525,,7.987494465325207e-05,2.607442902614689e-05,,0.1667,
2026-07-11 00:00:00,1783728000000,0.1667,0.1672,0.1662,0.1662,6814430.0,0.1665999824441168,0.1665531359439544,,3.434260869031314e-05,-1.5566325549433636e-05,,0.1662,
2026-07-11 04:00:00,1783742400000,0.1663,0.1679,0.1658,0.1678,11797091.1,0.1678,0.1678,,0.0,0.0,,0.1678,
2026-07-11 08:00:00,1783756800000,0.1678,0.1685,0.167,0.1679,7414874.2,0.1678095238095238,0.1678039215686274,,7.977207977211132e-06,6.3817663817689055e-06,,0.1679,
2026-07-11 12:00:00,1783771200000,0.1678,0.1745,0.1673,0.1719,30538855.5,0.1681990929705215,0.1679645520953479,,0.0003332245679823,0.0002653033011095,,0.1719,
2026-07-11 16:00:00,1783785600000,0.1719,0.1733,0.1702,0.1717,17579609.5,0.1685325126876147,0.1681110402484716,,0.0005682961512573,0.0004002999075075,,0.1717,
2026-07-11 20:00:00,1783800000000,0.1717,0.172,0.1656,0.1658,18534502.9,0.1682722733840324,0.1680204112191197,,0.0002753374640652,8.587297625239391e-05,,0.1658,
2026-07-12 00:00:00,1783814400000,0.1657,0.1665,0.163,0.1664,18429346.6,0.1680939616331721,0.167956865681115,,9.053692607635666e-05,-7.91420493891734e-05,,0.1664,
2026-07-12 04:00:00,1783828800000,0.1664,0.1665,0.1623,0.1637,18092092.3,0.1637,0.1637,,0.0,0.0,,0.1637,
2026-07-12 08:00:00,1783843200000,0.1638,0.1653,0.1633,0.1644,8543304.7,0.1637666666666666,0.1637274509803921,,5.5840455840450165e-05,4.4672364672360135e-05,,0.1644,
2026-07-12 12:00:00,1783857600000,0.1644,0.1655,0.1639,0.1645,9606827.1,0.1638365079365079,0.1637577470203768,,0.0001069309502357,7.66102872541552e-05,,0.1645,
2026-07-12 16:00:00,1783872000000,0.1646,0.1649,0.1635,0.1644,7426406.7,0.1638901738473167,0.1637829334117345,,0.0001377633210556,8.595412645923073e-05,,0.1644,
2026-07-12 20:00:00,1783886400000,0.1644,0.1647,0.161,0.1621,12064766.6,0.1637196810999532,0.1637169360230391,,-2.312599891232669e-05,-5.994815480701057e-05,,0.1621,
2026-07-13 00:00:00,1783900800000,0.1621,0.1644,0.1573,0.1589,27800827.8,0.1632606638523386,0.1635280365711552,,-0.0004041859960506,-0.0003528065215562,,0.1589,
2026-07-13 04:00:00,1783915200000,0.1589,0.1606,0.1585,0.1605,12589739.5,0.1605,0.1605,,0.0,0.0,,0.1605,
2026-07-13 08:00:00,1783929600000,0.1604,0.1607,0.1594,0.1595,7701918.6,0.1604047619047619,0.1604607843137255,,-7.977207977208356e-05,-6.381766381766685e-05,,0.1595,
2026-07-13 12:00:00,1783944000000,0.1595,0.1601,0.1574,0.1589,18815910.7,0.1602614512471655,0.1603995770857363,,-0.0001892257368041,-0.0001386170566797,,0.1589,
2026-07-13 16:00:00,1783958400000,0.1589,0.1592,0.1565,0.1583,13915790.7,0.1600746463664831,0.1603172407294329,,-0.0003206868557117,-0.0002160625404699,,0.1583,
2026-07-13 20:00:00,1783972800000,0.1583,0.1584,0.1554,0.1576,9569404.7,0.1598389657601513,0.1602106822694551,,-0.0004758693636227,-0.0002969960387047,,0.1576,
2026-07-14 00:00:00,1783987200000,0.1575,0.1585,0.156,0.1576,10908420.5,0.1596257309258512,0.1601083025726137,,-0.0005920280878992,-0.0003305238103849,,0.1576,
2026-07-14 04:00:00,1784001600000,0.1577,0.1604,0.1573,0.1588,13257803.7,0.1588,0.1588,,0.0,0.0,,0.1588,
2026-07-14 08:00:00,1784016000000,0.1587,0.1594,0.1582,0.1592,7162553.3,0.1588380952380952,0.1588156862745098,,3.1908831908844526e-05,2.5527065527075626e-05,,0.1592,
2026-07-14 12:00:00,1784030400000,0.1593,0.1682,0.1583,0.1656,57034695.2,0.1594820861678004,0.1590817377931564,,0.0005670863061176,0.0004485636317886,,0.1656,
2026-07-14 16:00:00,1784044800000,0.1657,0.1666,0.1626,0.1635,19708107.4,0.1598647446280099,0.1592550029777386,,0.0008124010074935,0.0005551026665317,,0.1635,
2026-07-14 20:00:00,1784059200000,0.1635,0.1656,0.1629,0.1656,12880786.1,0.1604109594253423,0.1595038263903763,,0.001162862371734,0.0007244512246177,,0.1656,
2026-07-15 00:00:00,1784073600000,0.1656,0.1659,0.162,0.1641,15349794.8,0.1607622966229288,0.1596840684927145,,0.0013045302511619,0.0006928952832364,,0.1641,
2026-07-15 04:00:00,1784088000000,0.1642,0.1656,0.1626,0.1632,16796110.9,0.1632,0.1632,,0.0,0.0,,0.1632,
2026-07-15 08:00:00,1784102400000,0.1632,0.1655,0.1627,0.1646,14705181.6,0.1633333333333333,0.1632549019607843,,0.0001116809116809,8.934472934474247e-05,,0.1646,
2026-07-15 12:00:00,1784116800000,0.1646,0.1694,0.1642,0.1657,33190141.5,0.1635587301587301,0.1633507881584006,,0.0002856567722664,0.0002106564719442,,0.1657,
2026-07-15 16:00:00,1784131200000,0.1658,0.1659,0.1625,0.1637,18182492.3,0.1635721844293273,0.1633644827404241,,0.0002591631385683,0.0001473302705968,,0.1637,
2026-07-15 20:00:00,1784145600000,0.1637,0.1663,0.1635,0.1651,12721208.9,0.1637176906741533,0.1634325422407996,,0.0003471335037499,0.0001882405086227,,0.1651,
2026-07-16 00:00:00,1784160000000,0.1651,0.1664,0.1639,0.165,10608106.3,0.1638398153718529,0.163494011172533,,0.0004041230091914,0.0001961840112513,,0.165,
2026-07-16 04:00:00,1784174400000,0.1649,0.1652,0.1624,0.163,17888047.7,0.163,0.163,,0.0,0.0,,0.163,
2026-07-16 08:00:00,1784188800000,0.163,0.163,0.1611,0.1629,15579237.1,0.1629904761904761,0.1629960784313725,,-7.977207977211132e-06,-6.3817663817689055e-06,,0.1629,
2026-07-16 12:00:00,1784203200000,0.163,0.1653,0.1616,0.1637,16559406.6,0.1630580498866213,0.1630236831987697,,4.96814149235636e-05,4.102148521520466e-05,,0.1637,
2026-07-16 16:00:00,1784217600000,0.1636,0.1638,0.1618,0.1629,8156495.6,0.1630429975164669,0.1630188328772493,,3.047171588657637e-05,1.744942894257395e-05,,0.1629,
2026-07-16 20:00:00,1784232000000,0.1629,0.1636,0.1599,0.1609,12625817.6,0.1628389025148986,0.1629357413918669,,-0.0001444700336823,-0.0001259938565011,,0.1609,
2026-07-17 00:00:00,1784246400000,0.1609,0.162,0.1592,0.1604,11010353.7,0.1626066260849082,0.1628363005529702,,-0.0003197723157244,-0.0002410369108345,,0.1604,
2026-07-17 04:00:00,1784260800000,0.1604,0.1607,0.1578,0.159,13306110.3,0.159,0.159,,0.0,0.0,,0.159,
2026-07-17 08:00:00,1784275200000,0.1589,0.1625,0.1583,0.161,16139121.7,0.1591904761904762,0.159078431372549,,0.0001595441595441,0.0001276353276353,,0.161,
2026-07-17 12:00:00,1784289600000,0.1609,0.1642,0.1578,0.164,36893294.4,0.1596485260770975,0.1592714340638216,,0.0005220412171978,0.0003921059082312,,0.164,
2026-07-17 16:00:00,1784304000000,0.1641,0.1671,0.1636,0.166,49893709.4,0.1602534283554691,0.1595352993946521,,0.0009596438553346,0.0006637668370943,,0.166,
2026-07-17 20:00:00,1784318400000,0.1661,0.1676,0.1649,0.1667,21113978.8,0.1608673875597102,0.1598162680458422,,0.0013473992686288,0.0008412178003108,,0.1667,
2026-07-18 00:00:00,1784332800000,0.1667,0.1693,0.1665,0.1679,27706295.2,0.1615371601730711,0.1601332771420837,,0.0017315677631627,0.0009803090358758,,0.1679,
2026-07-18 04:00:00,1784347200000,0.1679,0.1681,0.1658,0.1662,15078646.8,0.1619812401565881,0.1603711878423941,,0.0018772089738298,0.0009007601972343,,0.1662,
2026-07-18 08:00:00,1784361600000,0.1661,0.1669,0.165,0.1659,9949760.0,0.1659,0.1659,,0.0,0.0,,0.1659,
2026-07-18 12:00:00,1784376000000,0.1659,0.1666,0.1641,0.1645,12410482.8,0.1657666666666666,0.1658450980392156,,-0.0001116809116809,-8.934472934474247e-05,,0.1645,
2026-07-18 16:00:00,1784390400000,0.1646,0.1662,0.1635,0.166,11643661.8,0.1657888888888888,0.1658511726259131,,-7.824936485906209e-05,-4.473054601830117e-05,,0.166,
2026-07-18 20:00:00,1784404800000,0.1659,0.1673,0.1657,0.1667,6988320.3,0.1658756613756613,0.1658844599739165,,4.675628974132318e-06,3.055555825191459e-05,,0.1667,
2026-07-19 00:00:00,1784419200000,0.1667,0.1688,0.1663,0.1668,8453796.3,0.1659636936255983,0.1659203635043512,,7.756927794344559e-05,8.27593657769823e-05,,0.1668,
2026-07-19 04:00:00,1784433600000,0.1668,0.1669,0.1655,0.1657,7003608.1,0.1659385799469699,0.1659117217982982,,4.604641855540659e-05,4.098920511115464e-05,,0.1657,
2026-07-19 08:00:00,1784448000000,0.1658,0.1662,0.1646,0.165,8027483.1,0.165,0.165,,0.0,0.0,,0.165,
2026-07-19 12:00:00,1784462400000,0.1651,0.1671,0.1645,0.1663,5484333.8,0.1651238095238095,0.1650509803921568,,0.0001037037037037,8.296296296297356e-05,,0.1663,
2026-07-19 16:00:00,1784476800000,0.1663,0.1665,0.1639,0.1661,7205595.1,0.1652167800453514,0.1650921184159938,,0.0001678168196686,0.0001176608631423,,0.1661,
2026-07-19 20:00:00,1784491200000,0.1661,0.167,0.1647,0.1663,6236104.7,0.1653199438505561,0.165139486321249,,0.0002320898669954,0.0001455471283752,,0.1663,
2026-07-20 00:00:00,1784505600000,0.1662,0.1684,0.1643,0.1655,12152036.9,0.165337092055265,0.1651536241125726,,0.0002159836805193,0.0001035527535193,,0.1655,
2026-07-20 04:00:00,1784520000000,0.1656,0.1656,0.1607,0.1625,20693189.0,0.1650668928119064,0.1650495604218834,,-3.841271834967297e-05,-0.0001206749162797,,0.1625,
2026-07-20 08:00:00,1784534400000,0.1626,0.1662,0.1615,0.1655,17407940.9,0.1655,0.1655,,0.0,0.0,,0.1655,
2026-07-20 12:00:00,1784548800000,0.1656,0.1671,0.1617,0.1669,17197863.4,0.1656333333333333,0.1655549019607843,,0.0001116809116809,8.934472934472027e-05,,0.1669,
2026-07-20 16:00:00,1784563200000,0.167,0.1707,0.1653,0.1678,46465680.5,0.1658396825396825,0.1656429450211457,,0.000269702356312,0.0001978929391806,,0.1678,
2026-07-20 20:00:00,1784577600000,0.1678,0.172,0.1672,0.1698,24746859.0,0.1662168556311413,0.1658059667850223,,0.0005499789598684,0.0003825356341896,,0.1698,
2026-07-21 00:00:00,1784592000000,0.1697,0.1731,0.1694,0.1725,20082909.3,0.1668152503329374,0.166068477891492,,0.0009786859403201,0.0006489940917131,,0.1725,
2026-07-21 04:00:00,1784606400000,0.1725,0.1777,0.1712,0.1764,48017582.4,0.1764,0.1764,,0.0,0.0,,0.1764,
2026-07-21 08:00:00,1784620800000,0.1765,0.1765,0.1741,0.1747,18437947.2,0.1762380952380952,0.1763333333333333,,-0.0001356125356125,-0.00010849002849,,0.1747,
2026-07-21 12:00:00,1784635200000,0.1748,0.1769,0.1744,0.1751,25466551.5,0.1761297052154194,0.1762849673202614,,-0.0002084073992905,-0.0001450279137344,,0.1751,
2026-07-21 16:00:00,1784649600000,0.1751,0.1753,0.172,0.1738,17479758.1,0.1759078285282367,0.1761875176214276,,-0.0003667691027501,-0.0002427116937552,,0.1738,
2026-07-21 20:00:00,1784664000000,0.1738,0.1743,0.1724,0.1737,5933801.4,0.1756975591445951,0.1760899679107834,,-0.0004946391655432,-0.0002964654052386,,0.1737,
2026-07-22 00:00:00,1784678400000,0.1737,0.1754,0.1731,0.1734,9156207.5,0.1754787439879669,0.1759844789731056,,-0.0006131169735373,-0.0003319545705861,,0.1734,
2026-07-22 04:00:00,1784692800000,0.1734,0.1744,0.1704,0.1711,12798816.5,0.1711,0.1711,,0.0,0.0,,0.1711,
2026-07-22 08:00:00,1784707200000,0.1711,0.1739,0.171,0.173,9048154.5,0.1712809523809524,0.1711745098039215,,0.0001515669515669,0.0001212535612535,,0.173,
2026-07-22 12:00:00,1784721600000,0.173,0.1797,0.1716,0.1779,27030920.5,0.1719113378684807,0.1714382545174932,,0.0006594719198707,0.0005033268236459,,0.1779,
2026-07-22 16:00:00,1784736000000,0.1779,0.1808,0.1738,0.1746,22040272.1,0.1721674009286254,0.1715622445364151,,0.0007866399500818,0.0005043958830855,,0.1746,
2026-07-22 20:00:00,1784750400000,0.1745,0.1759,0.1732,0.1745,9398471.6,0.1723895532211373,0.1716774506330262,,0.0008693312563715,0.0004696697515002,,0.1745,
2026-07-23 00:00:00,1784764800000,0.1745,0.1767,0.1736,0.1741,7274003.6,0.1725524529143623,0.171772452568986,,0.0008923021515402,0.0003941125173351,,0.1741,
2026-07-23 04:00:00,1784779200000,0.174,0.1755,0.1723,0.173,8003483.9,0.173,0.173,,0.0,0.0,,0.173,
2026-07-23 08:00:00,1784793600000,0.1731,0.1759,0.1726,0.1744,7156900.0,0.1731333333333333,0.1730549019607843,,0.0001116809116809,8.934472934472027e-05,,0.1744,
2026-07-23 12:00:00,1784808000000,0.1744,0.1752,0.1681,0.1705,25373782.5,0.1728825396825396,0.172954709727028,,-0.0001132036265939,-0.0001084318471441,,0.1705,
2026-07-23 16:00:00,1784822400000,0.1705,0.1708,0.1682,0.1697,11085388.9,0.1725794406651549,0.1728270740514583,,-0.0003519228104093,-0.0002777208247676,,0.1697,
2026-07-23 20:00:00,1784836800000,0.1696,0.1705,0.1681,0.1685,5586376.6,0.1721909225065687,0.1726573848729697,,-0.0006306694893483,-0.0004451740029653,,0.1685,
2026-07-24 00:00:00,1784851200000,0.1685,0.1685,0.1664,0.1674,12997528.6,0.1717346441726098,0.172451212917167,,-0.0009296229330829,-0.0005953019573599,,0.1674,
2026-07-24 04:00:00,1784865600000,0.1675,0.1686,0.1665,0.1683,8373623.9,0.1683,0.1683,,0.0,0.0,,0.1683,
2026-07-24 08:00:00,1784880000000,0.1682,0.1683,0.1655,0.1664,8751941.5,0.1681190476190476,0.1682254901960784,,-0.0001515669515669,-0.0001212535612535,,0.1664,
2026-07-24 12:00:00,1784894400000,0.1664,0.1667,0.1634,0.1648,15461759.3,0.167802947845805,0.1680911572472126,,-0.0003962240566229,-0.0002927285330476,,0.1648,
2026-07-24 16:00:00,1784908800000,0.1648,0.1648,0.1627,0.1637,10987859.3,0.1674121909081093,0.1679189550022238,,-0.0006711408875741,-0.0004541162911991,,0.1637,
2026-07-24 20:00:00,1784923200000,0.1638,0.1643,0.1632,0.164,3197033.1,0.1670872203454322,0.1677652704923327,,-0.0008549516139597,-0.0005103416140677,,0.164,
2026-07-25 00:00:00,1784937600000,0.164,0.1648,0.1636,0.164,3918503.0,0.1667931993601529,0.1676176128259667,,-0.0009892198284901,-0.0005156878628784,,0.164,
2026-07-25 04:00:00,1784952000000,0.164,0.1642,0.1615,0.1616,6994128.9,0.1616,0.1616,,0.0,0.0,,0.1616,
2026-07-25 08:00:00,1784966400000,0.1617,0.1628,0.1615,0.1627,5871228.8,0.1617047619047619,0.1616431372549019,,8.774928774932245e-05,7.019943019945796e-05,,0.1627,
2026-07-25 12:00:00,1784980800000,0.1627,0.165,0.1626,0.1648,6413570.6,0.1619995464852607,0.1617669357939254,,0.0003230201053563,0.0002443761982451,,0.1648,
2026-07-25 16:00:00,1784995200000,0.1648,0.167,0.1641,0.1656,9197573.8,0.1623424468199978,0.1619172520373009,,0.0005674856165258,0.0003910733675317,,0.1656,
2026-07-25 20:00:00,1785009600000,0.1656,0.1657,0.1638,0.1648,4027998.3,0.1625764995038076,0.1620303009770146,,0.0006887336880515,0.0004098571512459,,0.1648,
2026-07-26 00:00:00,1785024000000,0.1649,0.1659,0.1646,0.1654,3609196.3,0.1628454043129688,0.1621624460367395,,0.0008237430467903,0.0004358932079878,,0.1654,
2026-07-26 04:00:00,1785038400000,0.1655,0.1667,0.165,0.1651,5539250.1,0.1651,0.1651,,0.0,0.0,,0.1651,
2026-07-26 08:00:00,1785052800000,0.1651,0.1655,0.1646,0.1651,4968968.9,0.1651,0.1651,,0.0,0.0,,0.1651,
2026-07-26 12:00:00,1785067200000,0.1651,0.1656,0.1641,0.1655,6617536.6,0.1651380952380952,0.1651156862745098,,3.190883190881677e-05,2.5527065527053416e-05,,0.1655,
2026-07-26 16:00:00,1785081600000,0.1655,0.1663,0.1643,0.1645,5356756.1,0.1650773242630385,0.1650915417147251,,-2.322708419577601e-05,-2.3687080462031496e-05,,0.1645,
2026-07-26 20:00:00,1785096000000,0.1645,0.1666,0.1642,0.166,8333317.5,0.1651651981427491,0.1651271675298339,,5.349807651083838e-05,4.243046419566632e-05,,0.166,
2026-07-27 00:00:00,1785110400000,0.1661,0.1661,0.1646,0.1654,5746395.5,0.165187560224392,0.1651378668423894,,6.51374693549367e-05,4.325588563181171e-05,,0.1654,
2026-07-27 04:00:00,1785124800000,0.1655,0.1673,0.1649,0.165,8484209.4,0.165,0.165,,0.0,0.0,,0.165,
2026-07-27 08:00:00,1785139200000,0.165,0.1659,0.1645,0.1646,7118362.8,0.1649619047619047,0.1649843137254902,,-3.1908831908844526e-05,-2.5527065527075626e-05,,0.1646,
2026-07-27 12:00:00,1785153600000,0.1646,0.1657,0.1579,0.158,37346299.0,0.1642988662131519,0.1647104190695886,,-0.0005830407220721,-0.0004613271645522,,0.158,
2026-07-27 16:00:00,1785168000000,0.1579,0.1596,0.1571,0.159,18988914.9,0.1637942122880898,0.1644864810668596,,-0.000928422793031,-0.000645367388409,,0.159,
2026-07-27 20:00:00,1785182400000,0.159,0.1592,0.1537,0.1556,23073425.4,0.1630138111177956,0.1641379916132573,,-0.0014596660361695,-0.0009412885052379,,0.1556,
2026-07-28 00:00:00,1785196800000,0.1556,0.1564,0.1533,0.1549,18773534.8,0.162241067201815,0.1637757174323452,,-0.0019150883373615,-0.0011173686451439,,0.1549,
2026-07-28 04:00:00,1785211200000,0.1548,0.1579,0.1547,0.1572,27742434.1,0.1572,0.1572,,0.0,0.0,,0.1572,
2026-07-28 08:00:00,1785225600000,0.1571,0.1582,0.1564,0.1571,14623987.8,0.1571904761904761,0.1571960784313725,,-7.977207977183376e-06,-6.3817663817467006e-06,,0.1571,
2026-07-28 12:00:00,1785240000000,0.1572,0.1594,0.1553,0.1591,26940965.1,0.157372335600907,0.1572707420222991,,0.00014540791065,0.0001176026817964,,0.1591,
2026-07-28 16:00:00,1785254400000,0.1591,0.16,0.1582,0.159,11838816.5,0.1575273512579635,0.1573385560606403,,0.000255947158456,0.0001825135436819,,0.159,
2026-07-28 20:00:00,1785268800000,0.1591,0.1635,0.1588,0.162,21171785.3,0.1579533178048241,0.1575213577837524,,0.0005789514448173,0.0004044142640345,,0.162,
2026-07-29 00:00:00,1785283200000,0.162,0.1669,0.1616,0.1635,36322424.6,0.1584815732519837,0.1577558143412524,,0.0009450778635355,0.0006164325462022,,0.1635,
2026-07-29 04:00:00,1785297600000,0.1636,0.1651,0.1619,0.1646,15249442.2,0.1646,0.1646,,0.0,0.0,,0.1646,
2026-07-29 08:00:00,1785312000000,0.1646,0.165,0.1631,0.1639,12025052.4,0.1645333333333333,0.1645725490196078,,-5.5840455840450165e-05,-4.4672364672360135e-05,,0.1639,
2026-07-29 12:00:00,1785326400000,0.164,0.1654,0.1623,0.1631,17565759.2,0.1643968253968253,0.164514801999231,,-0.0001627714060762,-0.0001212826519265,,0.1631,
2026-07-29 16:00:00,1785340800000,0.163,0.1691,0.1623,0.1632,30340652.0,0.1642828420256991,0.1644632411365161,,-0.0002367170633142,-0.0001561826473316,,0.1632,
2026-07-29 20:00:00,1785355200000,0.1632,0.164,0.1604,0.1621,19380908.4,0.1640749523089659,0.1643705650135155,,-0.0003797033524515,-0.0002393351491751,,0.1621,
2026-07-30 00:00:00,1785369600000,0.1621,0.1648,0.1616,0.1624,9953830.8,0.1639154330414453,0.1642932879541619,,-0.0004634709196964,-0.000258482173136,,0.1624,
2026-07-30 04:00:00,1785384000000,0.1625,0.1636,0.1615,0.1633,10400813.0,0.1633,0.1633,,0.0,0.0,,0.1633,
2026-07-30 08:00:00,1785398400000,0.1632,0.1655,0.1631,0.1643,12889959.4,0.1633952380952381,0.1633392156862745,,7.977207977211132e-05,6.381766381768905e-05,,0.1643,
2026-07-30 12:00:00,1785412800000,0.1643,0.1763,0.1643,0.172,75730855.4,0.1642147392290249,0.1636788542868127,,0.0007556075031858,0.0005917224697851,,0.172,
2026-07-30 16:00:00,1785427200000,0.1719,0.1732,0.1699,0.1728,26855561.0,0.1650323831119749,0.1640365462755652,,0.001340314943146,0.0009411439277963,,0.1728,
2026-07-30 20:00:00,1785441600000,0.1728,0.1733,0.1695,0.1697,11878852.1,0.1654769180536916,0.1642586425000528,,0.0015358513711132,0.0009093442846107,,0.1697,
2026-07-31 00:00:00,1785456000000,0.1697,0.1711,0.1693,0.1701,12833074.2,0.1659172115723876,0.164487715343188,,0.0017034556793939,0.0008615588743131,,0.1701,
2026-07-31 04:00:00,1785470400000,0.17,0.1704,0.1676,0.1699,14884895.2,0.1699,0.1699,,0.0,0.0,,0.1699,
2026-07-31 08:00:00,1785484800000,0.1699,0.1719,0.1684,0.1699,16894105.9,0.1699,0.1699,,0.0,0.0,,0.1699,
2026-07-31 12:00:00,1785499200000,0.17,0.1714,0.1665,0.1688,24919385.2,0.169795238095238,0.169856862745098,,-8.774928774929469e-05,-7.019943019943575e-05,,0.1688,
2026-07-31 16:00:00,1785513600000,0.1688,0.1727,0.1685,0.1705,20759050.8,0.1698623582766439,0.1698820838139177,,-1.9886202222402227e-05,-1.8690757380346304e-06,,0.1705,
2026-07-31 20:00:00,1785528000000,0.1705,0.1707,0.1678,0.1682,9153092.4,0.1697040384407731,0.1698161197427837,,-0.0001499662782087,-0.0001055593213795,,0.1682,
2026-08-01 00:00:00,1785542400000,0.1683,0.1711,0.1682,0.1711,7570087.3,0.1698369871606995,0.1698664679881647,,-1.883281890224797e-05,2.0459310341598965e-05,,0.1711,
2026-08-01 04:00:00,1785556800000,0.17110000,0.1723,0.1695,0.1712,8673878.7,0.1712,0.1712,,0.0,0.0,,0.1712,
2026-08-01 08:00:00,1785571200000,0.17120000,0.1741,0.1712,0.1733,21053836.5,0.1714,0.17128235294117647,,0.00016752136752137825,0.0001340170940171026,,0.1733,
2026-08-01 12:00:00,1785585600000,0.17330000,0.1769,0.1724,0.1727,22290055.0,0.17152380952380952,0.17133794694348325,,0.00024899797891253517,0.0001723949643266076,,0.1727,
2026-08-01 16:00:00,1785600000000,0.17270000,0.175,0.1697,0.1726,26125344.8,0.17162630385487526,0.1713874392202094,,0.00030201813907468344,0.0001803320995910047,,0.1726,
2026-08-01 20:00:00,1785614400000,0.17260000,0.1753,0.1722,0.1744,13257141.1,0.1718904653925062,0.17150557885863257,,0.0004837060920327707,0.00028961604203927357,,0.1744,
2026-08-02 00:00:00,1785628800000,0.17440000,0.1808,0.1728,0.1802,44382475.7,0.17268184964083894,0.1718465365504509,,0.0010832199458656877,0.0007113039166977524,,0.1802,
2026-08-02 04:00:00,1785643200000,0.18020000,0.1877,0.1799,0.1861,56174298.5,0.1739597687226638,0.17240549590141363,,0.00201123541600981,0.0013114555094734998,,0.1861,
2026-08-02 08:00:00,1785657600000,0.18610000,0.1896,0.1851,0.1889,34651637.2,0.17538264789193392,0.17305233919939741,,0.0029387548251995355,0.00179117993493058,,0.1889,
2026-08-02 12:00:00,1785672000000,0.18890000,0.1922,0.1865,0.1901,70015803.6,0.17678430047365448,0.1737208749170681,,0.0037276802332518733,0.002064084274386334,,0.1901,
2026-08-02 16:00:00,1785686400000,0.19020000,0.1913,0.1885,0.1886,17545497.3,0.1779096051904493,0.17430437001835958,,0.004183645379352674,0.0020160395363897077,,0.1886,
2026-08-02 20:00:00,1785700800000,0.18850000,0.191,0.1867,0.1895,21633930.1,0.1790134523151684,0.1749002770764631,,0.004565001030806565,0.0019179161502748785,,0.18964999999999999,
2026-08-03 00:00:00,1785715200000,0.18950000,0.1898,0.1848,0.1855,24742863.9,0.17963121876134283,0.17531595248522927,,0.004492672825754107,0.0014764703561779367,,0.18964999999999999,
2026-08-03 04:00:00,1785729600000,0.18550000,0.187,0.1826,0.1827,19268028.3,0.17992348364121494,0.1756055229760046,,0.004161445054550572,0.0009161940679795213,,0.18964999999999999,
2026-08-03 08:00:00,1785744000000,0.18270000,0.1884,0.1815,0.1865,30049933.1,0.1805498185325278,0.17603275736910245,72.97297297297297,0.004157646144866328,0.0007299161266362216,,0.18964999999999999,
2026-08-03 12:00:00,1785758400000,0.18650000,0.1963,0.1859,0.1961,74903065.7,0.18203078819609658,0.17681970806051023,79.02097902097901,0.004873101174089595,0.0011562969246875902,,0.1855,
2026-08-03 16:00:00,1785772800000,0.19600000,0.1962,0.1908,0.1937,36933627.0,0.18314214170123025,0.1774816802934314,73.61111111111111,0.005186655955685154,0.0011758813650265196,,0.1855,
2026-08-03 20:00:00,1785787200000,0.19380000,0.1961,0.1926,0.1937,33715704.2,0.1841476520153988,0.1781176928309439,74.6478873239437,0.00537321134348015,0.0010899494022572117,,0.1855,
2026-08-04 00:00:00,1785801600000,0.19360000,0.1973,0.1911,0.1969,43937697.4,0.18536216134726557,0.1788542538963971,76.58643326039387,0.005713410449661643,0.0011441188067509642,,0.1965,
2026-08-04 04:00:00,1785816000000,0.19690000,0.1994,0.1936,0.1947,29542009.1,0.18625147931419267,0.1794756557043815,72.01735357917575,0.00573933954482192,0.000936038321528992,,0.1965,
2026-08-04 08:00:00,1785830400000,0.19470000,0.1973,0.1936,0.1945,29559261.8,0.187037052712841,0.1800648456767587,67.65432098765436,0.005678294368154646,0.0006999945158893744,0.8978354758596515,0.1965,
2026-08-04 12:00:00,1785844800000,0.19440000,0.1953,0.1913,0.1931,25552197.7,0.187614476263999,0.18057602819923876,59.722222222222236,0.005454076131527541,0.00038062102340981514,0.7567272568170405,0.1965,
2026-08-04 16:00:00,1785859200000,0.19320000,0.1937,0.1911,0.1924,12382263.7,0.18807024042933243,0.18103971336789607,55.16224188790557,0.005160411403326515,6.95650361670309e-05,0.3714700459126479,0.1965,
2026-08-04 20:00:00,1785873600000,0.19240000,0.1949,0.1918,0.193,14672204.3,0.18853974134082457,0.18150874421621388,54.35435435435438,0.004919387341022818,-0.00013716722090933303,0.4452565346850007,0.1965,
2026-08-05 00:00:00,1785888000000,0.19290000,0.1933,0.1899,0.1907,17679966.4,0.18874548026074606,0.18186918561949963,53.07917888563053,0.004491013647297426,-0.0004524327317077803,0.5434976054160878,0.1965,
2026-08-05 04:00:00,1785902400000,0.19060000,0.194,0.19,0.1939,15572435.3,0.18923638690257977,0.18234098226187218,56.04395604395604,0.004359484244551903,-0.00046716970756264294,0.47701271001304496,0.1965,
2026-08-05 08:00:00,1785916800000,0.19380000,0.199,0.1932,0.1951,34733519.4,0.18979482624519123,0.1828413358986615,64.28571428571429,0.004302479906280604,-0.0004193392366671541,1.0799116515952227,0.1965,
2026-08-05 12:00:00,1785931200000,0.19520000,0.196,0.1886,0.1891,30803045.1,0.18972865231707778,0.18308677370655713,58.69565217391303,0.003730154799016422,-0.0007933314751450695,0.997032198806856,0.1965,
2026-08-05 16:00:00,1785945600000,0.18920000,0.1917,0.1891,0.1895,15121506.0,0.1897068759059275,0.18333827277688822,54.491017964071865,0.0032711518825101205,-0.0010018675133210975,0.5054278620766857,0.1965,
2026-08-05 20:00:00,1785960000000,0.18960000,0.1928,0.1888,0.1911,15136474.4,0.18983955439107725,0.1836426542366181,40.157480314960615,0.0030018914563868238,-0.0010169023515555157,0.5570151149987959,0.1965,
2026-08-06 00:00:00,1785974400000,0.19120000,0.1925,0.1867,0.1869,15578049.5,0.18955959683002227,0.18377039328616251,37.499999999999986,0.0024216801087815765,-0.0012776909593286106,0.575347661934878,0.1965,
2026-08-06 04:00:00,1785988800000,0.18690000,0.1892,0.1859,0.1888,13721298.5,0.18948725427478205,0.18396763276513656,41.58075601374566,0.0020910680260847747,-0.00128664243362033,0.5142865836069437,0.1965,
2026-08-06 08:00:00,1786003200000,0.18890000,0.1927,0.1878,0.1923,21096612.4,0.18975513482004092,0.18429439226454297,42.17687074829933,0.002087413909714536,-0.0010322372399924552,0.7961603221633078,0.1965,
2026-08-06 12:00:00,1786017600000,0.19230000,0.2113,0.1903,0.2088,100163164.3,0.19156893150384655,0.18525539648946285,66.13272311212815,0.0033770021215644708,0.000205880777485983,3.2794467585307285,0.193,
2026-08-06 16:00:00,1786032000000,0.20890000,0.2117,0.2008,0.2024,81073914.1,0.19260046183681354,0.18592773388203293,57.91583166332664,0.0038383375910016893,0.0005337729975385609,2.449814379792085,0.193,
2026-08-06 20:00:00,1786046400000,0.20240000,0.2056,0.1995,0.2012,36156550.4,0.19341946547140274,0.18652664627881593,58.14889336016096,0.0040603145247089245,0.0006045999449966369,1.160478978898549,0.193,
2026-08-07 00:00:00,1786060800000,0.20120000,0.2029,0.1988,0.1994,22279495.2,0.193989040188412,0.1870314836796467,56.88976377952756,0.0040443669425740125,0.00047092189028937956,0.7323031661569313,0.193,
2026-08-07 04:00:00,1786075200000,0.19940000,0.204,0.1987,0.2017,24335332.3,0.19472341731332515,0.1876067196137782,58.28571428571428,0.004169258529874875,0.00047665078207219337,0.8124004096055917,0.193,
2026-08-07 08:00:00,1786089600000,0.20170000,0.2034,0.1999,0.2015,22024255.1,0.19536880614062754,0.18815155413872808,60.71428571428572,0.004203640730411157,0.0004088263860867799,0.7631629456248109,0.193,
2026-08-07 12:00:00,1786104000000,0.20150000,0.2031,0.1966,0.2009,26842587.1,0.19589558650818684,0.1886514931921113,57.32217573221758,0.004134810366382219,0.00027199681764627365,0.9344935937508305,0.193,
2026-08-07 16:00:00,1786118400000,0.20100000,0.2025,0.1976,0.201,21815059.9,0.19638172112645474,0.18913574836104813,56.31691648822271,0.0040417403049193,0.0001431414049466841,0.7698437573529924,0.193,
2026-08-07 20:00:00,1786132800000,0.20100000,0.2033,0.2003,0.2008,9187879.7,0.19680250959060192,0.1895931699939482,64.3031784841076,0.003906808031067466,6.567304875879608e-06,0.3338767009769604,0.193,
2026-08-08 00:00:00,1786147200000,0.20090000,0.2024,0.1995,0.201,8835402.5,0.19720227058197315,0.1900404966608522,64.12776412776414,0.0037725242492056,-0.00010217318158878882,0.3231506196153985,0.193,
2026-08-08 04:00:00,1786161600000,0.20110000,0.2016,0.1991,0.2003,6714451.3,0.19749729243130903,0.19044283012513252,61.557788944723626,0.0035684839728271633,-0.0002449707663737806,0.24920440378889352,0.193,
2026-08-08 08:00:00,1786176000000,0.20030000,0.2005,0.1985,0.1994,8393141.3,0.19767850267594628,0.19079409168885283,67.12328767123283,0.003296162001615227,-0.0004138341900685738,0.31697100159831104,0.193,
2026-08-08 12:00:00,1786190400000,0.19940000,0.2009,0.1988,0.1995,8788612.0,0.19785197861157044,0.19113549985791742,65.41786743515848,0.003053218440105976,-0.0005254222012622601,0.33621293450146605,0.193,
2026-08-08 16:00:00,1786204800000,0.19960000,0.2011,0.1996,0.2005,8761389.5,0.1981041711247542,0.19150273515760693,62.73291925465837,0.002907855610546267,-0.0005366280246575754,0.3526929082015194,0.193,
2026-08-08 20:00:00,1786219200000,0.20060000,0.201,0.1976,0.1995,7886247.0,0.19823710720811094,0.1918163533867204,22.15568862275461,0.002681057318320884,-0.000610741053506367,0.3328152319434757,0.193,
2026-08-09 00:00:00,1786233600000,0.19960000,0.1998,0.198,0.1983,10732833.1,0.19824309699781467,0.19207061403822157,32.17391304347839,0.0023770864931492164,-0.0007317695029424279,0.4571805353049926,0.193,
2026-08-09 04:00:00,1786248000000,0.19830000,0.2,0.1968,0.1987,12174550.3,0.19828661156945138,0.1923305899582913,38.317757009345826,0.0021437522398876363,-0.0007720830049632067,0.5218848062073314,0.193,
2026-08-09 08:00:00,1786262400000,0.19860000,0.1991,0.1956,0.1965,10926255.9,0.1981164580866465,0.19249409623443675,36.93693693693703,0.0017610117025472216,-0.0009238588338428971,0.47309124288201654,0.193,
2026-08-09 12:00:00,1786276800000,0.19650000,0.1982,0.1958,0.1976,8618948.4,0.19806727160220397,0.19269432775465492,29.292929292929372,0.001528824538505058,-0.0009248367983080486,0.3773564942630837,0.193,
2026-08-09 16:00:00,1786291200000,0.19770000,0.1988,0.1973,0.1977,6419834.0,0.198032293354375,0.1928906286270214,30.6122448979591,0.0013374662243580138,-0.0008929560899640743,0.29040487651394625,0.193,
2026-08-09 20:00:00,1786305600000,0.19780000,0.1994,0.1934,0.1945,11505856.4,0.19769588446348216,0.19295374122988332,24.19354838709681,0.0009170291836518296,-0.0010507145045362066,0.6510182993804396,0.193,
2026-08-10 00:00:00,1786320000000,0.19440000,0.1981,0.1936,0.1959,10275466.4,0.1975248478479124,0.19306928078949576,31.38686131386848,0.0006888573804358367,-0.0010231090462017598,0.7270184755112581,0.193,
2026-08-10 04:00:00,1786334400000,0.19590000,0.1993,0.1957,0.1982,9632660.0,0.19758914805287311,0.1932704854644175,41.77215189873409,0.0006857158550622189,-0.000821000457260302,0.7521101167552448,0.193,
2026-08-10 08:00:00,1786348800000,0.19810000,0.1984,0.1946,0.1965,11088528.1,0.1974854196668852,0.19339713309326387,36.99421965317912,0.0005398275846975886,-0.0007735109820999459,0.9053363998907699,0.197,
2026-08-10 12:00:00,1786363200000,0.19660000,0.1972,0.1939,0.195,14524588.6,0.19724871303194377,0.19345999061901825,35.359116022099386,0.0002997176568085014,-0.0008108967279912265,1.235354316240541,0.197,
2026-08-10 16:00:00,1786377600000,0.19500000,0.1965,0.1925,0.1938,14242542.2,0.19692026417175867,0.19347332432023323,34.782608695652115,1.2455261376193016e-05,-0.0008785272987388279,1.2528249585242828,0.197,
2026-08-10 20:00:00,1786392000000,0.19390000,0.1945,0.1908,0.191,8986518.0,0.19635642948873405,0.19337633120963585,29.857819905213148,-0.00043611163261064734,-0.0010616753541805345,0.8578574009938962,0.197,
2026-08-11 00:00:00,1786406400000,0.19090000,0.1916,0.189,0.1905,12220791.7,0.1957986742993308,0.1932635339072972,25.72815533980568,-0.0008224690380691513,-0.0011584262077112308,1.2225896231742883,0.197,
2026-08-11 04:00:00,1786420800000,0.19060000,0.1908,0.1871,0.1887,15048570.6,0.19512261008034693,0.19308457179328553,24.766355140186775,-0.0012593875860714698,-0.0012762758045708395,1.462608250939,0.197,
2026-08-11 08:00:00,1786435200000,0.18870000,0.1891,0.1877,0.1887,8255319.3,0.1945109329298377,0.19291262780139198,26.237623762376103,-0.0015873506924998504,-0.0012833911287993762,0.8046233728500263,0.189,
2026-08-11 12:00:00,1786449600000,0.18860000,0.1886,0.1837,0.185,27228975.9,0.19360512979366268,0.19260232867192564,20.851063829787137,-0.002121369072835444,-0.0014539276073079757,2.4127224686496627,0.189,
2026-08-11 16:00:00,1786464000000,0.18490000,0.1866,0.1843,0.1858,10415468.7,0.19286178409902813,0.19233557068479132,25.79185520361979,-0.0024517667318125214,-0.0014274602130280424,0.9147049371439782,0.189,
2026-08-11 20:00:00,1786478400000,0.18590000,0.1876,0.1846,0.1871,12756350.3,0.19231304275626354,0.19213025418734853,26.457399103138926,-0.002578981231218358,-0.0012437397699471033,1.1011011665696306,0.189,
2026-08-12 00:00:00,1786492800000,0.18710000,0.1885,0.1858,0.1877,9928587.9,0.1918737053509051,0.19195651872902114,28.070175438596493,-0.002601397363445501,-0.001012924721739397,0.8527191228179363,0.189,
2026-08-12 04:00:00,1786507200000,0.18760000,0.188,0.1849,0.1853,7407298.4,0.19124763817462842,0.19169547877886345,29.09090909090905,-0.0027807672976582487,-0.0009538357247617156,0.637488719703389,0.189,
2026-08-12 08:00:00,1786521600000,0.18520000,0.1876,0.1851,0.1858,8581357.2,0.19072881549133047,0.19146428353263353,26.06635071090048,-0.002849723601697801,-0.0008182336230410144,0.7454320959795926,0.189,
2026-08-12 12:00:00,1786536000000,0.18580000,0.1864,0.1818,0.182,23040340.2,0.18989749973025138,0.19109313515880477,14.159292035398266,-0.0031744076165242663,-0.0009143341102939833,1.9112346146029202,0.189,
2026-08-12 16:00:00,1786550400000,0.18190000,0.1839,0.1816,0.1832,9570842.7,0.1892596426130846,0.1907836004466948,19.909502262443482,-0.0032968875983224732,-0.0008294512736737522,0.7984057399734292,0.189,
2026-08-12 20:00:00,1786564800000,0.18320000,0.1836,0.1806,0.1826,8036826.1,0.18862539093564795,0.19046267493898128,20.754716981132134,-0.003403139577243336,-0.0007485626020756917,0.6720689240769531,0.189,
2026-08-13 00:00:00,1786579200000,0.18260000,0.1843,0.1813,0.184,5590574.5,0.18818487751320528,0.19020923670608006,27.10280373831776,-0.003335922300588795,-0.0005450762603369207,0.4691309897268387,0.189,
2026-08-13 04:00:00,1786593600000,0.18390000,0.1858,0.1829,0.1856,10358693.3,0.18793869870242383,0.19002848232544947,36.63366336633659,-0.0031176076559097377,-0.0002614092925262907,0.8734499931601547,0.189,
2026-08-13 08:00:00,1786608000000,0.18570000,0.1867,0.1831,0.1832,14662600.0,0.18748739406409776,0.1897606987048436,33.48416289592758,-0.003102488117703528,-0.000197031803456065,1.2139047737553643,0.189,
2026-08-13 12:00:00,1786622400000,0.18320000,0.1854,0.1827,0.1827,9579033.5,0.18703145177227892,0.18948380855955563,35.57692307692305,-0.003095172375602334,-0.0001517728490838966,0.7932165040829979,0.189,
2026-08-13 16:00:00,1786636800000,0.18260000,0.1829,0.1804,0.1815,14358201.3,0.18650464684158571,0.18917071802780835,33.63636363636361,-0.0031498945448894256,-0.00016519601469679006,1.1730869038291594,0.189,
2026-08-13 20:00:00,1786651200000,0.18150000,0.1832,0.1812,0.1825,5566672.6,0.18612325190429185,0.1889091212424041,43.52331606217615,-0.003077099725443233,-7.392095620047806e-05,0.4720808427823365,0.189,
2026-08-14 00:00:00,1786665600000,0.18240000,0.1835,0.1813,0.1823,6263404.6,0.1857591326753117,0.1886499400172118,40.64171122994651,-0.0030009544996612847,1.7794156651762538e-06,0.5497676486867474,0.189,
2026-08-14 04:00:00,1786680000000,0.18240000,0.1832,0.1814,0.1818,6811632.0,0.18538207242052007,0.18838131491849763,35.19553072625699,-0.0029469836874427835,4.460018230694222e-05,0.6036499020570316,0.189,
2026-08-14 08:00:00,1786694400000,0.18180000,0.1836,0.1791,0.1801,14696379.4,0.18487901790428007,0.18805655747071343,29.99999999999997,-0.003006727538981624,-1.2114935385518742e-05,1.2882682646490267,0.189,
2026-08-14 12:00:00,1786708800000,0.18010000,0.1805,0.1781,0.18,15170058.0,0.1844143495324439,0.18774061404048936,34.13173652694607,-0.0030272479065521773,-2.6108242364857297e-05,1.3290827036243653,0.189,
2026-08-14 16:00:00,1786723200000,0.18000000,0.181,0.1785,0.1797,8609029.6,0.18396536386268736,0.1874252958428231,31.515151515151487,-0.003032758189901702,-2.5294820571505634e-05,0.7530894465438895,0.189,
2026-08-14 20:00:00,1786737600000,0.17980000,0.1802,0.1783,0.1802,6968576.4,0.18360675778052665,0.18714195090781044,43.18181818181817,-0.0029626279766866437,3.586831411484231e-05,0.668859429421401,0.189,
2026-08-15 00:00:00,1786752000000,0.18020000,0.1818,0.1796,0.1804,5725358.8,0.18330135227761934,0.18687756067613162,38.524590163934405,-0.0028579660948037933,0.00011242415679815461,0.562186540747706,0.189,
2026-08-15 04:00:00,1786766400000,0.18050000,0.1816,0.179,0.179,4575293.3,0.18289169967975083,0.18656863672804805,36.15384615384606,-0.0028550775423906716,9.22501673690213e-05,0.46805887656708733,0.189,
2026-08-15 08:00:00,1786780800000,0.17910000,0.1796,0.1784,0.1787,4294690.2,0.18249249018644123,0.18626006273871282,27.731092436974777,-0.0028442095592477457,8.249452040955769e-05,0.4523896537288378,0.189,
2026-08-15 12:00:00,1786795200000,0.17860000,0.1793,0.1783,0.1789,5687046.9,0.182150348263923,0.18597143282739073,18.0952380952382,-0.0027873276971357996,0.00011150110601720322,0.6045335477332272,0.189,
2026-08-15 16:00:00,1786809600000,0.17890000,0.1791,0.1769,0.178,5939179.4,0.18175507700069224,0.18565882761847347,21.11111111111117,-0.0027827925892459637,9.28289711256314e-05,0.6403274908695336,0.189,
2026-08-15 20:00:00,1786824000000,0.17810000,0.1783,0.1758,0.1765,7057240.3,0.18125459347681677,0.1852996579079451,19.000000000000057,-0.0028671848256371923,6.749387787522484e-06,0.8326079295474912,0.189,
2026-08-16 00:00:00,1786838400000,0.17640000,0.1774,0.1761,0.1771,4099933.1,0.18085891790759612,0.1849781026958688,26.59574468085124,-0.002852766380352395,1.6934266457855913e-05,0.49983816164892514,0.189,
2026-08-16 04:00:00,1786852800000,0.17710000,0.1778,0.1765,0.1777,3485239.9,0.18055806858306317,0.18469268690387397,23.333333333333442,-0.002761096471592478,8.688334017421893e-05,0.4370238634172461,0.189,
2026-08-16 08:00:00,1786867200000,0.17780000,0.1784,0.1755,0.1771,7114269.4,0.18022872871800955,0.1843949344762711,22.340425531915045,-0.002705673079013149,0.00011384538620283838,0.8836365087092284,0.189,
2026-08-16 12:00:00,1786881600000,0.17710000,0.1773,0.1759,0.1768,4570008.9,0.17990218312581815,0.1840970939085742,22.826086956521905,-0.002655347935778485,0.0001313364235500025,0.5887902632904913,0.189,
2026-08-16 16:00:00,1786896000000,0.17680000,0.1793,0.175,0.1783,23250564.4,0.17974959425669262,0.1838697568925517,39.99999999999987,-0.002466000909759569,0.00025654675965513466,2.838518768184544,0.189,
2026-08-16 20:00:00,1786910400000,0.17840000,0.1792,0.1746,0.1749,12053536.3,0.1792877281370076,0.18351800172029475,29.268292682926813,-0.002560774596955445,0.00012941845796740712,1.4496456297899873,0.189,
2026-08-17 00:00:00,1786924800000,0.17490000,0.1773,0.1738,0.1771,11088600.4,0.17907937307634023,0.18326631537832241,40.84507042253524,-0.002430346293796015,0.00020787740890146952,1.3603415213045036,0.189,
2026-08-17 04:00:00,1786939200000,0.17710000,0.1779,0.1758,0.1762,8417704.8,0.17880514706906972,0.18298920497132937,36.30136986301369,-0.0023722574945252706,0.00021277296653777165,1.0149287650587389,0.189,
2026-08-17 08:00:00,1786953600000,0.17620000,0.1763,0.1725,0.1748,13673122.8,0.1784237044910631,0.18266805967833605,32.27848101265822,-0.0024113929652445076,0.0001389099966548281,1.5780856226655515,0.189,
2026-08-17 12:00:00,1786968000000,0.17490000,0.1755,0.173,0.1753,13807332.9,0.17812620882524757,0.18237911616153857,37.583892617449706,-0.002374688357229704,0.0001404916837357056,1.5317384609575293,0.189,
2026-08-17 16:00:00,1786982400000,0.17520000,0.1758,0.1736,0.1738,10328450.1,0.17771418893712876,0.1820426802336351,34.782608695652186,-0.002438527329785306,6.132216894408305e-05,1.174253048311434,0.189,
2026-08-17 20:00:00,1786996800000,0.17380000,0.1749,0.1733,0.1743,6878603.3,0.17738902808597365,0.181739045714669,35.975609756097555,-0.002420868093698847,6.318512402443384e-05,0.8207192619993231,0.189,
2026-08-18 00:00:00,1787011200000,0.17430000,0.1749,0.1712,0.1725,11000834.1,0.17692340636349999,0.1813767301964467,34.10404624277453,-0.002523034013076103,-3.118463628225786e-05,1.2940971328842117,0.189,
2026-08-18 04:00:00,1787025600000,0.17250000,0.1747,0.1723,0.1735,7676531.9,0.17659736766221426,0.1810678388161939,41.07142857142855,-0.0024945539326671207,-2.1636446986199147e-06,0.8992938930439667,0.189,
2026-08-18 08:00:00,1787040000000,0.17360000,0.1742,0.1725,0.1737,6533974.0,0.17632142788486052,0.18077890396065688,39.63414634146335,-0.0024278580983561615,5.162575168987183e-05,0.7618366301841699,0.189,
2026-08-18 12:00:00,1787054400000,0.17380000,0.177,0.1732,0.1757,15910702.8,0.17626224427677856,0.18057973125631738,44.3820224719101,-0.002188391469213874,0.0002328739046657275,1.7401339293487037,0.189,
2026-08-18 16:00:00,1787068800000,0.17570000,0.1758,0.1733,0.1734,7916128.4,0.17598964958375202,0.18029817316783434,40.51282051282048,-0.0021593120136840227,0.00020956268815646318,0.8489646280437184,0.189,
2026-08-18 20:00:00,1787083200000,0.17350000,0.1748,0.1727,0.1746,7397029.4,0.17585730200434707,0.1800747153965467,44.60784313725488,-0.0020161949244377475,0.0002821438219221908,0.7860859969157771,0.189,
2026-08-19 00:00:00,1787097600000,0.17460000,0.1754,0.1733,0.1753,7090148.7,0.17580422562298068,0.17988747165550567,42.34693877551028,-0.0018252491146358019,0.00037847170537930923,0.7488936204183188,0.189,
2026-08-19 04:00:00,1787112000000,0.17530000,0.1763,0.1742,0.1754,11519280.4,0.17576572794460155,0.1797114923748976,51.533742331288344,-0.0016468699290116684,0.00044548071280275416,1.1887066474461156,0.189,
2026-08-19 08:00:00,1787126400000,0.17540000,0.1758,0.1737,0.1749,9439463.4,0.1756832776641633,0.17952280639941143,42.46575342465752,-0.0015282324482062959,0.0004512945548865014,0.9479679694526146,0.189,
2026-08-19 12:00:00,1787140800000,0.17500000,0.1834,0.1738,0.1795,57300629.5,0.17604677502948107,0.17952191203080706,59.01639344262294,-0.001050915533635649,0.0007428891755657187,4.530286444465445,0.18,
2026-08-19 16:00:00,1787155200000,0.17960000,0.1814,0.1779,0.1813,30565297.7,0.17654708216953052,0.1795916409707754,67.37967914438494,-0.0005213833010388746,0.0010179371265299946,2.2115277492900187,0.18,
2026-08-19 20:00:00,1787169600000,0.18130000,0.1923,0.1811,0.1871,60400303.5,0.17755212196290857,0.17988608642290185,74.58333333333327,0.000362112132488962,0.0015211460480462652,3.635853945721503,0.18,
2026-08-20 00:00:00,1787184000000,0.18710000,0.1888,0.182,0.1823,25127708.0,0.17800430082358393,0.17998074970043512,65.56776556776552,0.0006672767925750278,0.0014610485665058647,1.5040885442171066,0.18,
2026-08-20 04:00:00,1787198400000,0.18230000,0.1848,0.1818,0.1842,14392706.0,0.17859436741181403,0.1801462104964965,67.24738675958184,0.0010503285713595323,0.0014752802762322955,0.855525844263224,0.18,
2026-08-20 08:00:00,1787212800000,0.18430000,0.1955,0.1839,0.1931,63196278.0,0.1799758562297365,0.18065420224173195,78.7709497206704,0.0020484423174572386,0.0019787152178640014,3.2527428966702603,0.193,
2026-08-20 12:00:00,1787227200000,0.19310000,0.198,0.19,0.1969,50050715.9,0.18158767944595205,0.18129129234989935,80.31088082901556,0.003110230097819189,0.0024324023985807615,2.326829668877432,0.193,
2026-08-20 16:00:00,1787241600000,0.19700000,0.2035,0.1933,0.1948,63090957.0,0.1828459956891947,0.18182104559107978,76.04938271604941,0.003739149525762958,0.0024490574612196243,2.6308557819074907,0.195,
2026-08-20 20:00:00,1787256000000,0.19480000,0.1999,0.1945,0.199,18826987.2,0.18438447229022378,0.18249473007770411,77.2833723653396,0.004524324011750097,0.002587385557765411,0.776942933908985,0.195,
2026-08-21 00:00:00,1787270400000,0.19900000,0.2102,0.1985,0.2082,50948585.8,0.18665261778639294,0.18350277987857846,85.08064516129033,0.005821833093230033,0.0031079157113962775,1.9399271943582,0.195,
2026-08-21 04:00:00,1787284800000,0.20820000,0.2115,0.2062,0.2098,41637163.0,0.18885713037816504,0.18453404341275187,85.20000000000002,0.006899689688768695,0.0033486178455479514,1.486984646071524,0.195,
2026-08-21 08:00:00,1787299200000,0.20970000,0.218,0.2076,0.2115,85859946.7,0.19101359415167313,0.18559153190636943,85.49019607843138,0.007801147822723287,0.003400060783602034,2.704759136739094,0.194,
2026-08-21 12:00:00,1787313600000,0.21150000,0.2202,0.2109,0.2195,59755032.6,0.19372658518484712,0.1869212757531785,87.43633276740239,0.009056693109180863,0.0037244848560476877,1.739697108403136,0.194,
2026-08-21 16:00:00,1787328000000,0.21960000,0.2218,0.214,0.2167,52719911.7,0.1959145294529569,0.188089068860897,84.15032679738563,0.009713810434933329,0.003505281745440122,1.4381851733939397,0.194,
2026-08-21 20:00:00,1787342400000,0.21670000,0.2333,0.2159,0.2291,61570800.4,0.1990750504574372,0.18969734067027358,85.94202898550726,0.011107121041321333,0.0039188738814625,1.5811607425490557,0.1955,
2026-08-22 00:00:00,1787356800000,0.22910000,0.2488,0.2258,0.2439,65274577.4,0.2033440932710146,0.19182293515379228,88.17073170731709,0.013252796062949296,0.00485163912247237,1.5612873716483577,0.195,
2026-08-22 04:00:00,1787371200000,0.24390000,0.2584,0.2088,0.2314,193702624.9,0.20601608438806085,0.1933749769124671,74.9718151071026,0.013785700469490292,0.004307634823210692,3.7889188343757723,0.195,
2026-08-22 08:00:00,1787385600000,0.23140000,0.2337,0.2173,0.2239,69664647.3,0.20771931444634076,0.19457203664138997,72.75711159737418,0.013447825568979804,0.0031758079381601634,1.2840893443737509,0.195,
2026-08-22 12:00:00,1787400000000,0.22390000,0.228,0.2211,0.2223,36966583.7,0.20910795116573688,0.19565940775349233,70.91108671789243,0.012902221865514568,0.002104163387755941,0.6657701210197479,0.195,
2026-08-22 16:00:00,1787414400000,0.22240000,0.2319,0.2223,0.2312,21775832.0,0.21121195581661908,0.19705315646904165,70.91108671789243,0.013037692219033059,0.0017917069930195439,0.3878750049434473,0.195,
2026-08-22 20:00:00,1787428800000,0.23130000,0.2342,0.2226,0.226,24570067.2,0.21262034097694107,0.19818832680358905,65.72972972972974,0.012580437456473081,0.0010675617843676523,0.45078691851790775,0.195,
2026-08-23 00:00:00,1787443200000,0.22600000,0.2296,0.2178,0.2195,31251420.2,0.2132755465981848,0.19902407869364439,62.745098039215684,0.011560304095989127,3.794273910695707e-05,0.5730090135351079,0.195,
2026-08-23 04:00:00,1787457600000,0.21950000,0.2209,0.2133,0.2177,35938649.9,0.21369692311264338,0.19975646776448186,59.89417989417989,0.010485723211325126,-0.000829310516445636,0.6740680026222369,0.195,
2026-08-23 08:00:00,1787472000000,0.21770000,0.2253,0.2174,0.225,25837530.9,0.21477340662572497,0.2007464102050904,59.07127429805616,0.010106655871929437,-0.0009667022846730593,0.48428828157726306,0.195,
2026-08-23 12:00:00,1787486400000,0.22490000,0.2306,0.2208,0.2246,49371702.9,0.21570927266137022,0.20168184509900844,58.096280087527354,0.009662581393805436,-0.0011286214102376492,0.8960300222578367,0.195,
2026-08-23 16:00:00,1787500800000,0.22460000,0.2268,0.2229,0.2236,19076734.7,0.21646077050314447,0.20254138058532184,56.67034178610805,0.009124772826684835,-0.0013331439818866,0.360656140039792,0.195,
2026-08-23 20:00:00,1787515200000,0.22360000,0.2295,0.222,0.227,24245653.6,0.21746450664570213,0.2035005421309955,54.355400696864116,0.008870651894306192,-0.0012698119314121948,0.4698381235937192,0.195,
2026-08-24 00:00:00,1787529600000,0.22700000,0.2272,0.217,0.2181,25221563.4,0.21752502982230193,0.2040730698905643,50.75921908893708,0.007860492737664176,-0.0018239768704433699,0.5073658642949108,0.195,
2026-08-24 04:00:00,1787544000000,0.21810000,0.2223,0.218,0.2191,21792293.5,0.21767502698208271,0.20466236126740492,43.811881188118804,0.007059251315934212,-0.002100174633738669,0.43707785181260705,0.195,
2026-08-24 08:00:00,1787558400000,0.21920000,0.2242,0.2167,0.2233,30784297.9,0.21821073869807484,0.20539324906084003,35.327635327635335,0.006686093491890088,-0.0019786659662262337,0.6301691133698462,0.195,
2026-08-24 12:00:00,1787572800000,0.22340000,0.2275,0.2193,0.2213,59862826.9,0.21850495406016293,0.2060170432153169,41.54103852596316,0.006157994416164492,-0.002005412033561464,1.2029794749025084,0.195,
2026-08-24 16:00:00,1787587200000,0.22150000,0.225,0.2171,0.2189,26868160.2,0.21854257748300457,0.2065222572068731,45.421245421245445,0.005482612013061355,-0.0021446355493316815,0.573952129193511,0.195,
2026-08-24 20:00:00,1787601600000,0.21890000,0.2219,0.2176,0.2215,9796569.1,0.21882423677033747,0.20710961966934865,49.28057553956835,0.005098393754071062,-0.00202308304665758,0.22106854513580793,0.195,
2026-08-25 00:00:00,1787616000000,0.22140000,0.2289,0.2208,0.2258,30813169.8,0.2194885951731625,0.20784257576074675,44.705882352941195,0.005082286642280082,-0.001631352126758849,0.7129495453170936,0.195,
2026-08-25 04:00:00,1787630400000,0.22580000,0.2284,0.2188,0.2209,30292449.6,0.21962301468048037,0.20835463161326648,44.97041420118344,0.0046208661228737125,-0.0016742181169321756,0.7272159923822524,0.195,
2026-08-25 08:00:00,1787644800000,0.22090000,0.2228,0.2174,0.2186,22257053.6,0.21952558471091083,0.2087564107656874,49.032258064516114,0.004023219093448549,-0.0018174921170858718,0.5634056462511012,0.195,
2026-08-25 12:00:00,1787659200000,0.21860000,0.2187,0.2114,0.2158,35652624.4,0.2191707671193955,0.20903262995134672,47.999999999999986,0.003285766644828242,-0.002043955652564944,1.1281765060557318,0.195,
2026-08-25 16:00:00,1787673600000,0.21590000,0.2164,0.2129,0.2143,13139927.5,0.21870688453659592,0.20923919348266648,37.170263788968825,0.0025508877560821153,-0.002223067633048857,0.4566318850314253,0.195,
2026-08-25 20:00:00,1787688000000,0.21440000,0.2145,0.2063,0.2091,23176470.3,0.21779194315215822,0.2092337349147188,33.33333333333336,0.0015312431822088468,-0.0025941697655377004,0.8251892082076712,0.195,
2026-08-26 00:00:00,1787702400000,0.20910000,0.2131,0.2078,0.2114,13204162.1,0.21718318666147648,0.20931868648669064,37.23849372384939,0.0008984020695479156,-0.0025816087025589056,0.47741417935249997,0.195,
2026-08-26 04:00:00,1787716800000,0.21140000,0.2118,0.2087,0.2103,11949982.5,0.2165276450746692,0.20935716936956553,31.648351648351635,0.0003045988950181322,-0.0025403295016709513,0.4421553217958142,0.195,
2026-08-26 08:00:00,1787731200000,0.21020000,0.2124,0.2075,0.2104,16002377.3,0.21594405982946263,0.2093980646884061,39.509536784741165,-0.0001561255168786302,-0.002400843130854171,0.6092845471824043,0.195,
2026-08-26 12:00:00,1787745600000,0.21050000,0.2122,0.2026,0.2047,32635219.3,0.21487319698856142,0.2092138268574882,32.60869565217392,-0.0009700135829871226,-0.0025717849575701305,1.250437610230773,0.195,
2026-08-26 16:00:00,1787760000000,0.20480000,0.207,0.2025,0.206,13865592.7,0.21402813060869844,0.20908779443170436,27.53246753246752,-0.0014929171836933763,-0.002475750846621108,0.5437393177940446,0.195,
2026-08-26 20:00:00,1787774400000,0.20600000,0.213,0.204,0.2124,19407630.2,0.21387307055072716,0.20921768484614733,39.62703962703964,-0.001375044880159021,-0.0018863028344694019,0.808575860992642,0.195,
2026-08-27 00:00:00,1787788800000,0.21240000,0.2124,0.2081,0.2092,12414932.2,0.21342801621256266,0.20921699132276902,38.90160183066361,-0.001522295412943686,-0.0016268426938032537,0.52451961102619,0.195,
2026-08-27 04:00:00,1787803200000,0.20920000,0.2117,0.2076,0.2112,13654284.6,0.2132158241923186,0.20929475636893494,38.05104408352669,-0.0014607703840662234,-0.0012522541319406326,0.5900835270391197,0.195,
2026-08-27 08:00:00,1787817600000,0.21120000,0.2168,0.2106,0.2116,37091355.1,0.21306193617400254,0.2093851580799571,31.887755102040856,-0.0013640112260104587,-0.0009243959791078943,1.5628554062591453,0.195,
2026-08-27 12:00:00,1787832000000,0.21150000,0.2171,0.2098,0.2146,27484655.9,0.21320841844314514,0.2095896616846647,41.55495978552281,-0.0010333422420521488,-0.0004749815961196675,1.1443506542215727,0.195,
2026-08-27 16:00:00,1787846400000,0.21460000,0.2175,0.2124,0.2137,20658830.6,0.21325523573427418,0.20975085142252098,43.175487465181085,-0.0008342899926027103,-0.0002207434773361832,0.8786724128117129,0.195,
2026-08-27 20:00:00,1787860800000,0.21380000,0.2154,0.2129,0.2138,10504731.0,0.21330711804529567,0.20990964156281428,46.987951807228924,-0.0006608525892722039,-3.7844859204541376e-05,0.499191035578672,0.195,
2026-08-28 00:00:00,1787875200000,0.21380000,0.218,0.2083,0.2102,22959719.4,0.21301120204098178,0.20992102816819413,44.192634560906534,-0.0008046169873549003,-0.00014528740582979015,1.1012866338374416,0.195,
2026-08-28 04:00:00,1787889600000,0.21020000,0.2114,0.2086,0.2094,10590130.1,0.21266727803707877,0.20990059569101008,50.48543689320388,-0.0009719011512390185,-0.00025005725577112664,0.50700159378613,0.195,
2026-08-28 08:00:00,1787904000000,0.20950000,0.2103,0.2061,0.2093,15222382.4,0.2123465848906903,0.2098770429188136,46.34146341463417,-0.0010998656539830953,-0.00030241740681216265,0.7570226606877417,0.195,
2026-08-28 12:00:00,1787918400000,0.20920000,0.2116,0.2037,0.2045,36464159.2,0.21159929109157694,0.20966617849062485,41.0493827160494,-0.001570494644406728,-0.0006184371177886363,1.7859870067015002,0.195,
2026-08-28 16:00:00,1787932800000,0.20450000,0.2051,0.1994,0.2019,34290681.4,0.21067554908285532,0.20936162247138468,37.82234957020057,-0.00212873109394765,-0.0009413388538636466,1.6314529477711477,0.195,
2026-08-28 20:00:00,1787947200000,0.20190000,0.2032,0.1999,0.2031,10247731.3,0.20995406821782148,0.20911606864897744,47.368421052631604,-0.002446110294084314,-0.001006974443200248,0.5189185099931415,0.195,
2026-08-29 00:00:00,1787961600000,0.20310000,0.2035,0.2007,0.2008,6774270.9,0.20908225219707657,0.20878994830980185,41.71974522292998,-0.0028503690942587867,-0.0011289865946997766,0.34865070143712573,0.195,
2026-08-29 04:00:00,1787976000000,0.20080000,0.2019,0.1997,0.2004,8156740.8,0.20825537103545025,0.2084609307290253,26.37795275590551,-0.003166522067680283,-0.0011561116544970182,0.43668024040147657,0.195,
2026-08-29 08:00:00,1787990400000,0.20030000,0.2006,0.1989,0.1998,9307401.9,0.2074500976035026,0.20812128638671057,29.38596491228074,-0.0034259977925241436,-0.001132469903472703,0.503534472171539,0.195,
2026-08-29 12:00:00,1788004800000,0.19990000,0.2029,0.1997,0.2007,8501569.3,0.2068072311650738,0.20783025554801604,25.806451612903203,-0.003518453157657947,-0.000979940214885205,0.46426929868626465,0.195,
2026-08-29 16:00:00,1788019200000,0.20070000,0.2022,0.1997,0.2017,8418814.8,0.20632082819697153,0.20758985336966246,27.802690582959585,-0.0034710212852396005,-0.0007460066739734868,0.46947136451528293,0.195,
2026-08-29 20:00:00,1788033600000,0.20170000,0.202,0.201,0.2018,5464457.5,0.20589027313059327,0.20736280029634238,17.010309278350505,-0.003386326555735314,-0.0005290495555753602,0.3297005143367724,0.195,
2026-08-30 00:00:00,1788048000000,0.20180000,0.2023,0.2002,0.2009,8272665.3,0.20541500902291773,0.2071093571474662,17.010309278350505,-0.0033531745419557724,-0.0003967180334366548,0.507701236753206,0.195,
2026-08-30 04:00:00,1788062400000,0.20080000,0.2026,0.1999,0.2007,8272667.7,0.20496596054454463,0.2068580098083499,16.410256410256437,-0.0033049423426475266,-0.00027878866730272683,0.5256622949015723,0.195,
2026-08-30 08:00:00,1788076800000,0.20060000,0.2018,0.2,0.2011,5577944.1,0.20459777382601657,0.2066322055021401,22.085889570552226,-0.0031975815899969173,-0.00013714233172169377,0.36230392142848505,0.195,
2026-08-30 12:00:00,1788091200000,0.20110000,0.2059,0.2011,0.2033,17267652.3,0.2044741763187769,0.20650153077656597,32.76836158192097,-0.002901528788461616,0.00012712837585088623,1.108575871475232,0.195,
2026-08-30 16:00:00,1788105600000,0.20340000,0.2061,0.2027,0.2033,19677716.1,0.20436235000270292,0.20637598055003398,32.954545454545496,-0.002636512732689389,0.0003137155452984908,1.338097092537182,0.195,
2026-08-30 20:00:00,1788120000000,0.20330000,0.2039,0.1894,0.1927,52104938.8,0.2032516500024455,0.20583966758728756,24.78632478632487,-0.0032444173871961357,-0.00023535128736660443,3.2694812495750134,0.195,
2026-08-31 00:00:00,1788134400000,0.19260000,0.1951,0.1915,0.1941,18953997.1,0.20238006428792688,0.20537928846621745,32.43243243243245,-0.003572041633465556,-0.0004503804269088197,1.1957212185255008,0.195,
2026-08-31 04:00:00,1788148800000,0.19420000,0.1965,0.1926,0.1961,15304445.4,0.20178196292717193,0.2050153948008756,34.78260869565217,-0.003628476109791001,-0.0004054519225874121,0.9510885448733895,0.195,
2026-08-31 08:00:00,1788163200000,0.19620000,0.1984,0.1954,0.1965,14670747.2,0.20127891883886984,0.20468145774986088,39.81042654028438,-0.0035994321683389674,-0.00030112638490830236,0.9358101099759568,0.195,
2026-08-31 12:00:00,1788177600000,0.19650000,0.1979,0.1937,0.1959,19843307.4,0.20076664085421556,0.2043370868577095,39.43661971830987,-0.003583521021408298,-0.00022817219038210636,1.2294707781029095,0.195,
2026-08-31 16:00:00,1788192000000,0.19590000,0.2008,0.1948,0.1991,18287064.2,0.20060791315381407,0.2041317109025052,48.53556485355647,-0.003274946521432315,6.432184767510198e-05,1.1223913245952488,0.195,
2026-08-31 20:00:00,1788206400000,0.19910000,0.2006,0.1976,0.1978,10359846.6,0.20034049285345082,0.20388340851417167,44.032921810699634,-0.003099568249127105,0.00019176009598424965,0.691221720892939,0.195,
2026-09-01 00:00:00,1788220800000,0.19780000,0.2019,0.1976,0.201,14446494.6,0.20040330305788406,0.20377033367047867,48.67924528301891,-0.002671570249467764,0.0004958064765148728,1.0322225124114353,0.195,
2026-09-01 04:00:00,1788235200000,0.20100000,0.203,0.1997,0.2006,14743413.4,0.20042203609999035,0.20364600685987166,47.76119402985074,-0.0023377077682592284,0.000663735166178727,1.0367858163452395,0.195,
2026-09-01 08:00:00,1788249600000,0.20060000,0.2006,0.1961,0.1997,17515918.5,0.2003532707571341,0.20349126149281788,47.76119402985074,-0.0021212889266484236,0.0007041232062316256,1.1869252165837738,0.195,
2026-09-01 12:00:00,1788264000000,0.19970000,0.2005,0.1965,0.1995,19295769.3,0.20027200687550228,0.203334741434276,47.76119402985079,-0.0019435101883306105,0.000705521555639551,1.2599803397032432,0.195,
2026-09-01 16:00:00,1788278400000,0.19940000,0.1994,0.1936,0.1964,21885374.0,0.19990324431593065,0.20306279078979458,42.03389830508475,-0.002029370035080691,0.0004957293671115767,1.37270553243337,0.195,
2026-09-01 20:00:00,1788292800000,0.19650000,0.197,0.1941,0.1967,13232719.4,0.19959817342869915,0.20281326958235166,38.043478260869605,-0.002049580797804207,0.00038041488351044875,0.8178544415464365,0.195,
2026-09-02 00:00:00,1788307200000,0.19670000,0.1991,0.1931,0.1977,14948965.9,0.19941739500691827,0.20261274920657318,40.209790209790185,-0.0019622863150627334,0.00037416749300153793,0.9056518513770075,0.195,
2026-09-02 04:00:00,1788321600000,0.19760000,0.1993,0.1959,0.1969,12976499.6,0.1991776431014975,0.20238871982592327,61.17021276595737,-0.0019353486284126864,0.00032088414372126797,0.7686631216965728,0.195,
2026-09-02 08:00:00,1788336000000,0.19690000,0.1972,0.192,0.195,19721265.1,0.1987797723299263,0.20209896610725964,52.33160621761662,-0.002043755299801858,0.00016998197786567693,1.129877618467605,0.195,
2026-09-02 12:00:00,1788350400000,0.19500000,0.1973,0.1937,0.1964,18368784.7,0.1985531273461238,0.2018754772403083,50.80213903743314,-0.0019937177312343846,0.0001760156371465203,1.0228096357816305,0.195,
2026-09-02 16:00:00,1788364800000,0.19630000,0.1977,0.1945,0.1973,13758251.8,0.19843378188458818,0.2016960467602962,52.08333333333332,-0.0018599992062172943,0.0002477873297308886,0.7490272771529106,0.195,
2026-09-02 20:00:00,1788379200000,0.19730000,0.2012,0.1973,0.2012,17691552.8,0.19869723122891314,0.20167659394616694,61.77777777777778,-0.0014229262968025458,0.0005478881913165098,0.9620540879049859,0.195,
2026-09-03 00:00:00,1788393600000,0.20120000,0.2078,0.1991,0.2048,36683980.6,0.19927844730235,0.20179908045808198,62.445414847161594,-0.00077709508518925,0.0009549755223438447,1.9066848164889376,0.195,
2026-09-03 04:00:00,1788408000000,0.20490000,0.2076,0.2035,0.2051,19989383.9,0.19983288089260237,0.20192852828325525,66.66666666666666,-0.00023831456229919667,0.0011950048361871186,1.1335777272376881,0.195,
2026-09-03 08:00:00,1788422400000,0.20520000,0.2096,0.2052,0.2069,29650890.5,0.20050593985521165,0.2021234879584217,64.39024390243901,0.0003301125090511281,0.0014107455260299548,1.6319734174188045,0.195,
2026-09-03 12:00:00,1788436800000,0.20680000,0.2209,0.2066,0.2206,63445453.1,0.202419659869001,0.20284805705809145,79.58579881656806,0.0018645768810885421,0.002356167918453895,3.0835011049467105,0.195,
2026-09-03 16:00:00,1788451200000,0.22070000,0.225,0.2196,0.2226,49656285.0,0.20434159702433424,0.20362264305581335,82.80802292263616,0.003205087977344756,0.0029573432117680873,2.2242396092675945,0.195,
2026-09-03 20:00:00,1788465600000,0.22250000,0.2253,0.2186,0.2211,29599882.2,0.20593763540296908,0.20430802960264421,79.8342541436464,0.004099162619968899,0.003081134283513784,1.2975069143541944,0.195,
2026-09-04 00:00:00,1788480000000,0.22110000,0.226,0.2182,0.224,40731607.2,0.20765786060268632,0.20508026373587385,88.33333333333337,0.004984273378492443,0.0031729960336298628,1.7017509190850242,0.195,
2026-09-04 04:00:00,1788494400000,0.22410000,0.2272,0.2198,0.2201,29934152.8,0.20884282625957334,0.2056692730011337,79.54545454545453,0.005309824276156311,0.0027988375450349844,1.2015073608776192,0.195,
2026-09-04 08:00:00,1788508800000,0.22020000,0.2249,0.2188,0.2214,29345960.7,0.2100387475681854,0.2062861642559912,79.69924812030078,0.005608078406506567,0.0024776733403081923,1.1436994084314454,0.195,
2026-09-04 12:00:00,1788523200000,0.22150000,0.2222,0.2092,0.2129,79170195.9,0.2103112477997868,0.2065455303635994,66.80672268907563,0.00509978089146465,0.0015755006602130202,2.7413365431325847,0.195,
2026-09-04 16:00:00,1788537600000,0.21290000,0.2152,0.2109,0.2135,22534365.0,0.2106149384855214,0.2068182546630661,69.97840172786175,0.004691288184335368,0.0009336063624669905,0.7735509660301414,0.195,
2026-09-04 20:00:00,1788552000000,0.21350000,0.2139,0.2095,0.2113,18329025.1,0.21068018243928127,0.20699400938216156,65.81740976645433,0.004142283491463866,0.0003076813356763905,0.6302374380983422,0.195,
2026-09-05 00:00:00,1788566400000,0.21120000,0.2116,0.2091,0.2105,21248606.4,0.21066302220696875,0.2071314992103121,64.04255319148933,0.0036011284358925533,-0.0001867789759159382,0.7314270023043563,0.195,
2026-09-05 04:00:00,1788580800000,0.21060000,0.2142,0.21,0.2138,24777779.1,0.21096178199678123,0.20739300904520183,63.57758620689654,0.003399355917300867,-0.00031084119560609996,0.8362919658609724,0.195,
2026-09-05 08:00:00,1788595200000,0.21380000,0.2147,0.2124,0.2135,18259140.3,0.21120351704470683,0.20763249888656649,60.09280742459395,0.0031786013125090773,-0.00042527664031831187,0.612853356546886,0.195,
2026-09-05 12:00:00,1788609600000,0.21350000,0.2194,0.2132,0.2174,32709691.5,0.21179365827854427,0.20801553814591683,63.16916488222697,0.00328053315989435,-0.00025867583434643166,1.0626822357116676,0.195,
2026-09-05 16:00:00,1788624000000,0.21730000,0.222,0.2171,0.2195,30106614.9,0.21252759558534956,0.20846590919901814,63.40425531914893,0.003490530668131875,-3.894266088712555e-05,0.9618855822241071,0.195,
2026-09-05 20:00:00,1788638400000,0.21950000,0.2215,0.218,0.2183,26208254.7,0.21307734838674483,0.2088515598186645,46.66666666666668,0.0035195540074275944,-7.935457273124894e-06,0.8269791682909657,0.195,
2026-09-06 00:00:00,1788652800000,0.21830000,0.2238,0.2183,0.2228,24905348.2,0.21400331520705485,0.2093985574728345,50.270270270270274,0.003861158572318224,0.00026693528609400335,0.7722849969902524,0.195,
2026-09-06 04:00:00,1788667200000,0.22290000,0.2231,0.2173,0.2191,20620167.8,0.2144887137587639,0.20977900619939002,47.44897959183674,0.0037896389741861602,0.0001563325503695515,0.6365164952912967,0.195,
2026-09-06 08:00:00,1788681600000,0.21900000,0.2218,0.2173,0.2209,25195188.2,0.21509931244840544,0.21021512360333552,45.93175853018375,0.0038340080756589234,0.00016056132147385148,0.7917811405999807,0.195,
2026-09-06 12:00:00,1788696000000,0.22090000,0.2217,0.2154,0.2175,28014563.9,0.2153279493580811,0.2105008050306557,46.542553191489375,0.0035538527212497506,-9.567522634825734e-05,0.8694192163235308,0.195,
2026-09-06 16:00:00,1788710400000,0.21740000,0.2202,0.2171,0.2191,13976300.6,0.2156871922763591,0.21083802836278687,46.96569920844324,0.0034214933669833025,-0.00018242766449176433,0.444561035228798,0.195,
2026-09-06 20:00:00,1788724800000,0.21920000,0.2236,0.2189,0.2234,17000411.5,0.21642174539289633,0.2113306547015011,65.57863501483675,0.003621821583817436,1.432044187389507e-05,0.5838819935325266,0.195,
2026-09-07 00:00:00,1788739200000,0.22350000,0.2264,0.219,0.2195,41165856.2,0.21671491249833477,0.2116510211837952,58.10810810810811,0.0034263884592992955,-0.00014489014611539664,1.4347675421578785,0.195,
2026-09-07 04:00:00,1788753600000,0.21940000,0.2218,0.2143,0.2168,29647451.9,0.21672301606992195,0.21185294192168558,57.333333333333336,0.003018839561636344,-0.0004419512350226787,1.0332270395247816,0.195,
2026-09-07 08:00:00,1788768000000,0.21680000,0.2206,0.2165,0.2195,21044350.0,0.21698749072992937,0.2121528265522077,61.421319796954315,0.0028805167550726707,-0.0004642192332690821,0.7594586677527572,0.195,
2026-09-07 12:00:00,1788782400000,0.21950000,0.225,0.2165,0.2173,46205819.1,0.21701725351755516,0.21235467649133682,54.5691906005222,0.0025638192085618294,-0.0006247334238239388,1.619935025962877,0.195,
2026-09-07 16:00:00,1788796800000,0.21730000,0.222,0.2173,0.221,15815485.9,0.21739656270635943,0.2126937087857942,58.99280575539568,0.002581633732423011,-0.0004855351199702057,0.5679476706946341,0.195,
2026-09-07 20:00:00,1788811200000,0.22100000,0.2218,0.2169,0.2205,20049065.1,0.21769212816289663,0.21299983785301796,54.046997389033926,0.002526284613141333,-0.0004327073914015072,0.8054850134841286,0.195,
2026-09-08 00:00:00,1788825600000,0.22050000,0.223,0.2174,0.2186,22072657.1,0.21777859214738268,0.21321945205486037,48.81889763779526,0.002302563398739549,-0.0005251428846426336,0.8876074480300817,0.22,
2026-09-08 04:00:00,1788840000000,0.21850000,0.2193,0.2158,0.2171,20761751.0,0.21771396432382245,0.21337163040565016,48.43749999999999,0.0019813850866158,-0.0006770569574131059,0.8308281212706364,0.22,
2026-09-08 08:00:00,1788854400000,0.21710000,0.2217,0.2158,0.2178,30200392.4,0.21772215819774413,0.21354529195836977,42.77456647398845,0.001763010225702688,-0.0007163454546609744,1.1872710097256134,0.22,
2026-09-08 12:00:00,1788868800000,0.21780000,0.2305,0.215,0.2293,66811022.3,0.21882480979795899,0.21416312364627685,62.02830188679245,0.0024892064432129046,7.880610279393466e-06,2.4260972455977132,0.22,
2026-09-08 16:00:00,1788883200000,0.22930000,0.2321,0.2199,0.2208,55311011.3,0.2190129231505343,0.2144233933072072,49.89816700610996,0.0023517338906273166,-0.00010367355384495588,1.8818985141152829,0.22,
2026-09-08 20:00:00,1788897600000,0.22080000,0.2227,0.2181,0.2195,19205183.6,0.21905931142191198,0.21462247592261086,52.127659574468076,0.0021135233848622315,-0.00027350724768803293,0.6688009265892123,0.22,
2026-09-09 00:00:00,1788912000000,0.21940000,0.2211,0.216,0.2166,25336405.5,0.2188250912864918,0.21470002588643003,47.412008281573506,0.0016714664543071023,-0.0005724513425945299,0.8897042546097595,0.22,
2026-09-09 04:00:00,1788926400000,0.21650000,0.222,0.2162,0.2216,25485277.0,0.2190893683068259,0.21497061310657004,48.16326530612246,0.00170493790239859,-0.00043118391560243406,0.8960694364419115,0.22,
2026-09-09 08:00:00,1788940800000,0.22160000,0.2231,0.217,0.2203,30686113.7,0.21920466656331866,0.2151796086710183,50.86206896551723,0.0016080287759472067,-0.0004224744336430537,1.0680777850908139,0.22,
2026-09-09 12:00:00,1788955200000,0.22030000,0.2218,0.2135,0.2157,47670570.9,0.21887088879538355,0.21520001617411563,48.86128364389236,0.0011468261409673663,-0.0007069416548983153,1.5846483659153825,0.22,
2026-09-09 16:00:00,1788969600000,0.21560000,0.2184,0.214,0.2147,22710306.4,0.2184736612910613,0.21518040769669933,44.84978540772533,0.0006926437216416281,-0.0009288992593792429,0.7580588672448066,0.22,
2026-09-09 20:00:00,1788984000000,0.21470000,0.2151,0.2082,0.2119,31871229.8,0.21784759831096023,0.21505176425761308,44.27966101694918,0.00010554759571249073,-0.0012127963082467043,1.0570421457416912,0.22,
2026-09-10 00:00:00,1788998400000,0.21190000,0.2128,0.2105,0.2105,9167445.8,0.21714782704324972,0.214873263698491,38.30734966592427,-0.0004673117348099054,-0.0014285245110152805,0.30649190647252994,0.22,
