datetime,time,open,high,low,close,volume,EMA20,EMA50,RSI,MACD,Hist,vol_ratio,POC,fundingRate
2026-03-25 16:00:00,1774454400000,645.64,651.15,644.09,646.03,14642.843,646.03,646.03,,0.0,0.0,,,
2026-03-25 20:00:00,1774468800000,646.03,650.26,644.04,647.66,8041.424,647.66,647.66,,0.0,0.0,,,
2026-03-26 00:00:00,1774483200000,647.67,648.47,641.33,642.9,9757.702,647.2066666666666,647.4733333333334,,-0.3797150997150993,-0.3037720797720794,,,
2026-03-26 04:00:00,1774497600000,642.91,643.3,633.44,635.37,17962.943,635.37,635.37,,0.0,0.0,,,
2026-03-26 08:00:00,1774512000000,635.38,635.44,628.1,629.17,18306.159,634.7795238095238,635.126862745098,,-0.4945868945868596,-0.3956695156694877,,,
2026-03-26 12:00:00,1774526400000,629.17,632.7,625.11,626.82,20102.072,634.0214739229024,634.8011034217609,,-1.063911818897509,-0.7719955519841096,,,
2026-03-26 16:00:00,1774540800000,626.83,628.89,623.01,625.68,14781.02,633.2270478350069,634.4434130914957,,-1.5887799297518086,-1.0374909302707274,,,
2026-03-26 20:00:00,1774555200000,625.67,631.52,625.24,628.86,13808.177,632.8111385173872,634.2244557153585,,-1.728220416264321,-0.941545133426592,,,
2026-03-27 00:00:00,1774569600000,628.86,631.87,627.38,628.3,11531.745,632.381506277636,633.9921241186778,,-1.8624462057968003,-0.8606167383672567,,,
2026-03-27 04:00:00,1774584000000,628.31,630.02,625.11,628.45,12380.859,628.45,628.45,,0.0,0.0,,628.45,
2026-03-27 08:00:00,1774598400000,628.46,629.15,607.18,611.07,52013.225,626.7947619047619,627.7684313725491,,-1.386438746438671,-1.1091509971509368,,611.07,
2026-03-27 12:00:00,1774612800000,611.07,614.03,605.86,610.66,30020.007,625.2581179138323,627.0975124951943,,-2.4895866104983497,-1.7698390889684923,,610.66,
2026-03-27 16:00:00,1774627200000,610.66,611.96,606.67,610.17,14624.043,623.8211543029911,626.4336884757749,,-3.364593209285772,-2.115876550204732,,610.17,
2026-03-27 20:00:00,1774641600000,610.16,614.18,608.66,613.95,11164.751,622.8810443693728,625.9441320649603,,-3.71025828572283,-1.969233301313432,,613.95,
2026-03-28 00:00:00,1774656000000,613.95,614.07,609.9,611.14,10778.0,621.7628496675278,625.3635778663345,,-4.162955900757879,-1.9375447330787847,,611.14,
2026-03-28 04:00:00,1774670400000,611.15,614.61,610.5,613.9,13315.472,613.9,613.9,,0.0,0.0,,613.9,
2026-03-28 08:00:00,1774684800000,613.9,614.27,610.46,613.0,12100.481,613.8142857142857,613.864705882353,,-0.0717948717948502,-0.0574358974358801,,613.0,
2026-03-28 12:00:00,1774699200000,612.99,619.0,611.59,617.28,17880.838,614.1443537414966,613.9986389850059,,0.21419826137776,0.182845788589384,,617.28,
2026-03-28 16:00:00,1774713600000,617.29,617.69,615.4,616.67,6182.515,614.3848914804017,614.1033982404958,,0.387164980970283,0.2846500065455256,,616.67,
2026-03-28 20:00:00,1774728000000,616.67,618.1,610.71,611.08,9830.576,614.0701399108397,613.9848336036137,,0.0723421546571216,-0.0241382558141085,,611.08,
2026-03-29 00:00:00,1774742400000,611.08,615.3,609.89,614.05,11246.913,614.0682218240929,613.9873891485701,,0.0617847590594919,-0.0277565211293906,,614.05,
2026-03-29 04:00:00,1774756800000,614.06,614.7,612.0,613.68,7594.995,613.68,613.68,,0.0,0.0,,613.68,
2026-03-29 08:00:00,1774771200000,613.68,614.63,610.95,613.69,10666.188,613.6809523809524,613.6803921568628,,0.0007977207977774,0.0006381766382219,,613.69,
2026-03-29 12:00:00,1774785600000,613.69,613.75,607.46,609.64,15794.207,613.2960997732426,613.5219454056132,,-0.3216632981874454,-0.2574582738776007,,609.64,
2026-03-29 16:00:00,1774800000000,609.63,611.06,607.59,609.23,6580.883,612.908852175791,613.3536338210794,,-0.6033445717720269,-0.4313116379697458,,609.23,
2026-03-29 20:00:00,1774814400000,609.23,612.26,596.42,606.09,31528.533,612.2594376828586,613.068785435939,,-1.067643637152969,-0.7164885626805502,,606.09,
2026-03-30 00:00:00,1774828800000,606.09,619.08,605.09,615.67,24893.095,612.5842531416339,613.170793850216,,-0.655027307896944,-0.2430977867396201,,615.67,
2026-03-30 04:00:00,1774843200000,615.68,619.15,615.35,618.21,18930.198,618.21,618.21,,0.0,0.0,,618.21,
2026-03-30 08:00:00,1774857600000,618.22,621.4,616.29,617.79,29088.874,618.1700000000001,618.1935294117648,,-0.0335042735042634,-0.0268034188034107,,617.79,
2026-03-30 12:00:00,1774872000000,617.79,620.94,613.4,618.48,21953.107,618.1995238095238,618.2047635524799,,-0.0043295103124592,0.0018970755107147,,618.48,
2026-03-30 16:00:00,1774886400000,618.48,618.66,608.11,610.6,15071.556,617.4757596371883,617.9065375308141,,-0.6100264393180623,-0.4830398827959106,,610.6,
2026-03-30 20:00:00,1774900800000,610.61,613.63,607.27,609.29,12943.253,616.6961634812656,617.5686340982332,,-1.1821248715667707,-0.8441106520356951,,609.29,
2026-03-31 00:00:00,1774915200000,609.29,619.76,608.2,613.6,18826.465,616.401290768764,617.4130013884985,,-1.273060966672574,-0.7480373977131988,,613.6,
2026-03-31 04:00:00,1774929600000,613.61,614.56,609.3,611.01,15514.618,611.01,611.01,,0.0,0.0,,611.01,
2026-03-31 08:00:00,1774944000000,611.02,611.21,598.82,605.22,35968.302,610.4585714285714,610.7829411764706,,-0.4618803418802599,-0.3695042735042079,,605.22,
2026-03-31 12:00:00,1774958400000,605.23,615.98,604.3,607.9,30839.427,610.2148979591838,610.6698846597462,,-0.6046996371782143,-0.4098588550417298,,607.9,
2026-03-31 16:00:00,1774972800000,607.9,619.77,607.8,615.77,26707.864,610.7439552964044,610.8698891828934,,-0.0818976646945657,0.090354493953535,,615.77,
2026-03-31 20:00:00,1774987200000,615.76,619.38,615.09,617.43,11273.939,611.3807214586516,611.1271484306232,,0.461059979441643,0.506649710471795,,617.43,
2026-04-01 00:00:00,1775001600000,617.42,619.85,613.92,616.76,15439.03,611.8930337006848,611.3480445705986,,0.8277526068480938,0.6986738703025966,,616.76,
2026-04-01 04:00:00,1775016000000,616.76,621.9,614.96,616.32,31514.135,616.32,616.32,,0.0,0.0,,616.32,
2026-04-01 08:00:00,1775030400000,616.33,617.43,613.71,615.34,20858.345,616.2266666666668,616.2815686274511,,-0.0781766381767283,-0.0625413105413827,,615.34,
2026-04-01 12:00:00,1775044800000,615.34,617.91,609.87,614.82,26306.224,616.0926984126985,616.2242522106883,,-0.1800167206434935,-0.1315051144065182,,614.82,
2026-04-01 16:00:00,1775059200000,614.82,619.5,611.44,613.76,17843.367,615.8705366591082,616.1276148690928,,-0.3423128910018249,-0.2350410278118797,,613.76,
2026-04-01 20:00:00,1775073600000,613.76,616.0,609.58,610.81,14596.464,615.3885807868122,615.9190809526579,,-0.7008946439493684,-0.4748982246075386,,610.81,
2026-04-02 00:00:00,1775088000000,610.81,613.6,591.69,592.06,60887.564,613.1668111880682,614.9834307192203,,-2.4695738561565577,-1.794861949451782,,592.06,
2026-04-02 04:00:00,1775102400000,592.06,592.51,587.34,591.82,44299.895,591.82,591.82,,0.0,0.0,,591.82,
2026-04-02 08:00:00,1775116800000,591.82,591.82,577.25,581.23,53550.612,590.8114285714286,591.4047058823529,,-0.8447863247863552,-0.6758290598290841,,581.23,
2026-04-02 12:00:00,1775131200000,581.23,581.4,570.31,574.13,97461.799,589.2227210884354,590.7272664359862,,-2.0634105242652367,-1.5155626074463726,,574.13,
2026-04-02 16:00:00,1775145600000,574.12,583.72,573.82,583.51,29911.515,588.6786524133463,590.444236379673,,-2.246396315603306,-1.3588387190275537,,583.51,
2026-04-02 20:00:00,1775160000000,583.5,584.83,581.14,583.52,11506.934,588.1873521835039,590.1726976981172,,-2.363363573026504,-1.1806447811606011,,583.52,
2026-04-03 00:00:00,1775174400000,583.52,587.06,581.93,585.82,19254.206,585.82,585.82,,0.0,0.0,,585.82,
2026-04-03 04:00:00,1775188800000,585.82,589.0,584.98,586.49,12281.075,586.49,586.49,,0.0,0.0,,586.49,
2026-04-03 08:00:00,1775203200000,586.5,588.31,583.16,587.34,15675.882,586.5709523809523,586.5233333333333,,0.0678062678063042,0.0542450142450434,,587.34,
2026-04-03 12:00:00,1775217600000,587.34,590.31,584.08,586.99,17998.337,586.6108616780045,586.5416339869281,,0.0922378876794027,0.0629413072945135,,586.99,
2026-04-03 16:00:00,1775232000000,586.99,589.33,586.63,588.66,6774.437,586.8060177086708,586.6247071639114,,0.2435476994014607,0.1714008952132572,,588.66,
2026-04-03 20:00:00,1775246400000,588.66,589.21,587.0,588.31,4522.438,586.9492541173687,586.6907970790521,,0.3313995724097367,0.2074022145772265,,588.31,
2026-04-04 00:00:00,1775260800000,588.32,589.26,587.1,589.12,6429.771,587.1559918204765,586.7860599386971,,0.4610681387564455,0.2696566247391482,,589.12,
2026-04-04 04:00:00,1775275200000,589.12,592.25,588.33,590.0,13261.321,590.0,590.0,,0.0,0.0,,590.0,
2026-04-04 08:00:00,1775289600000,590.0,591.73,589.03,589.49,10402.926,589.9514285714287,589.98,,-0.0406837606836916,-0.0325470085469532,,589.49,
2026-04-04 12:00:00,1775304000000,589.5,591.82,588.11,591.11,11917.826,590.061768707483,590.0243137254902,,0.0571358998710138,0.0522181216062017,,591.11,
2026-04-04 16:00:00,1775318400000,591.12,596.58,590.46,593.46,11980.551,590.3854097829608,590.159046520569,,0.3205885011617511,0.2525365783175511,,593.46,
2026-04-04 20:00:00,1775332800000,593.46,595.16,592.54,593.36,5673.039,590.6687040893455,590.2845741079976,,0.5153665961768183,0.3578517386660947,,593.36,
2026-04-05 00:00:00,1775347200000,593.36,594.05,591.12,593.43,8288.545,590.931684652265,590.4079241429781,,0.6676814387535615,0.4081332649942703,,593.43,
2026-04-05 04:00:00,1775361600000,593.42,594.0,587.71,590.46,12134.237,590.46,590.46,,0.0,0.0,,590.46,
2026-04-05 08:00:00,1775376000000,590.46,594.97,590.15,593.98,9402.756,590.7952380952381,590.5980392156863,,0.2807977207977501,0.2246381766382001,,593.98,
2026-04-05 12:00:00,1775390400000,593.97,596.42,587.13,593.13,20782.507,593.13,593.13,,0.0,0.0,,593.13,
2026-04-05 16:00:00,1775404800000,593.13,593.69,591.67,592.53,7706.673,593.0728571428572,593.1064705882353,,-0.0478632478632334,-0.0382905982905867,,592.53,
2026-04-05 20:00:00,1775419200000,592.53,604.06,590.51,601.5,19717.232,593.8754421768708,593.4356286043829,,0.6307380621910852,0.5122485694109855,,601.5,
2026-04-06 00:00:00,1775433600000,601.5,607.66,600.1,600.61,21807.7,594.5168286362165,593.7169765022502,,1.0842207061118645,0.7725849706654117,,600.61,
2026-04-06 04:00:00,1775448000000,600.62,604.47,598.63,603.8,18840.74,603.8,603.8,,0.0,0.0,,603.8,
2026-04-06 08:00:00,1775462400000,603.81,610.29,603.78,605.36,17420.769,603.9485714285713,603.8611764705882,,0.124444444444407,0.0995555555555256,,605.36,
2026-04-06 12:00:00,1775476800000,605.36,608.74,604.11,608.45,17633.973,604.3772789115645,604.0411303344868,,0.4670212092433985,0.3537058562836137,,608.45,
2026-04-06 16:00:00,1775491200000,608.45,609.0,602.95,606.67,13286.947,604.5956333009393,604.1442232625461,,0.5881053274279111,0.379831979574501,,606.67,
2026-04-06 20:00:00,1775505600000,606.68,607.96,596.25,600.11,15969.42,604.1684301294213,603.9860184287207,,0.1529649034706608,-0.0442467555061994,,600.11,
2026-04-07 00:00:00,1775520000000,600.1,601.32,596.38,599.16,11451.186,603.6914367837621,603.796762804065,,-0.2654837466778872,-0.370156324523798,,599.16,
2026-04-07 04:00:00,1775534400000,599.15,601.88,596.78,599.3,11177.583,599.3,599.3,,0.0,0.0,,599.3,
2026-04-07 08:00:00,1775548800000,599.29,606.51,596.4,597.1,29834.635,599.0904761904761,599.213725490196,,-0.1754985754985227,-0.1403988603988182,,597.1,
2026-04-07 12:00:00,1775563200000,597.1,600.0,592.2,598.53,30618.743,599.0370975056688,599.1869127258747,,-0.1969234015957681,-0.1294589491968509,,598.53,
2026-04-07 16:00:00,1775577600000,598.53,609.05,598.53,608.41,23994.268,599.9297548860812,599.5486024228992,,0.576683055468834,0.515318006294201,,608.41,
2026-04-07 20:00:00,1775592000000,608.41,624.85,607.23,620.1,56450.477,601.8507306112164,600.3545395827856,,2.1087487063830395,1.6379069257667251,,620.1,
2026-04-08 00:00:00,1775606400000,620.11,621.46,612.92,613.29,32396.858,602.9401848387196,600.8618125403234,,2.7418058550322257,1.816771259532729,,613.29,
2026-04-08 04:00:00,1775620800000,613.29,617.4,612.02,613.24,25758.364,613.24,613.24,,0.0,0.0,,613.24,
2026-04-08 08:00:00,1775635200000,613.24,614.54,610.89,612.83,21847.461,613.2009523809525,613.2239215686275,,-0.032706552706486,-0.0261652421651888,,612.83,
2026-04-08 12:00:00,1775649600000,612.83,615.85,601.16,605.35,53448.922,612.4532426303856,612.9151403306421,,-0.6546537771608882,-0.5184899732956728,,605.35,
2026-04-08 16:00:00,1775664000000,605.34,607.79,602.75,604.28,15146.018,611.6748385703488,612.5765073764993,,-1.2198300495720105,-0.866932996565436,,604.28,
2026-04-08 20:00:00,1775678400000,604.28,607.38,599.45,601.16,13517.063,601.16,601.16,,0.0,0.0,,601.16,
2026-04-09 00:00:00,1775692800000,601.15,603.06,596.94,600.16,18175.249,601.0647619047619,601.1207843137255,,-0.0797720797720558,-0.0638176638176446,,600.16,
2026-04-09 04:00:00,1775707200000,600.16,601.19,598.64,600.01,10221.972,600.01,600.01,,0.0,0.0,,600.01,
2026-04-09 08:00:00,1775721600000,600.01,603.41,599.3,602.44,15969.669,600.2414285714285,600.1052941176471,,0.1938461538461524,0.1550769230769219,,602.44,
2026-04-09 12:00:00,1775736000000,602.45,607.34,598.2,606.01,21514.81,600.7908163265306,600.3368512110727,,0.6282971729125393,0.471622353714647,,606.01,
2026-04-09 16:00:00,1775750400000,606.01,609.5,603.63,608.76,20119.801,601.5497862001944,600.6671707714228,,1.1808921630880604,0.8193738751121346,,608.76,
2026-04-09 20:00:00,1775764800000,608.76,612.1,601.9,603.03,21303.675,601.690758943033,600.7598307411708,,1.143285478318603,0.6254137522741416,,603.03,
2026-04-10 00:00:00,1775779200000,603.03,605.4,599.79,601.14,17766.67,601.6383057103632,600.7747393395564,,0.9500234263957736,0.3457213602810497,,601.14,
2026-04-10 04:00:00,1775793600000,601.14,602.61,599.04,599.29,14201.76,599.29,599.29,,0.0,0.0,,599.29,
2026-04-10 08:00:00,1775808000000,599.29,603.49,597.4,602.57,19228.132,599.6023809523809,599.4186274509804,,0.261652421652343,0.2093219373218744,,602.57,
2026-04-10 12:00:00,1775822400000,602.57,608.76,601.04,603.27,27608.247,599.9516780045351,599.569661668589,,0.5195094195664751,0.3737431481888052,,603.27,
2026-04-10 16:00:00,1775836800000,603.27,609.99,603.2,609.6,12524.9,609.6,609.6,,0.0,0.0,,609.6,
2026-04-10 20:00:00,1775851200000,609.61,610.34,605.29,605.54,12936.223,609.2133333333334,609.4407843137255,,-0.3238746438747739,-0.2590997150998191,,605.54,
2026-04-11 00:00:00,1775865600000,605.54,607.73,603.4,606.76,14016.45,608.9796825396826,609.3356555171089,,-0.4766097677779726,-0.3294678712024142,,606.76,
2026-04-11 04:00:00,1775880000000,606.77,607.62,604.41,606.09,10856.568,606.09,606.09,,0.0,0.0,,606.09,
2026-04-11 08:00:00,1775894400000,606.09,607.32,604.31,605.36,23470.985,606.0204761904762,606.0613725490197,,-0.0582336182336575,-0.046586894586926,,605.36,
2026-04-11 12:00:00,1775908800000,605.37,606.92,603.76,605.74,14398.939,605.9937641723357,606.04876970396,,-0.0728812266135037,-0.0489876023734177,,605.74,
2026-04-11 16:00:00,1775923200000,605.74,614.12,605.7,612.92,17611.253,606.6534056797323,606.3182297155694,,0.4892368149876347,0.4105043513821765,,612.92,
2026-04-11 20:00:00,1775937600000,612.93,613.02,605.94,607.05,13913.275,606.6911765673768,606.3469265894686,,0.4558052314558836,0.3016582142803403,,607.05,
2026-04-12 00:00:00,1775952000000,607.06,607.44,590.21,595.5,31078.514,605.6253502276267,605.9215569192934,,-0.496949487623965,-0.5208772038396067,,595.5,
2026-04-12 04:00:00,1775966400000,595.5,596.0,592.87,594.3,14859.817,594.3,594.3,,0.0,0.0,,594.3,
2026-04-12 08:00:00,1775980800000,594.3,595.59,592.91,595.42,13022.638,594.4066666666666,594.3439215686275,,0.0893447293448161,0.0714757834758529,,595.42,
2026-04-12 12:00:00,1775995200000,595.41,595.78,589.1,591.65,20069.446,594.144126984127,594.2382775855441,,-0.1424147531270136,-0.1282269591967815,,591.65,
2026-04-12 16:00:00,1776009600000,591.66,593.36,591.0,592.36,11271.215,593.9742101284959,594.164619641013,,-0.265731558446646,-0.201235011613131,,592.36,
2026-04-12 20:00:00,1776024000000,592.36,596.91,590.95,592.19,13472.621,593.8042853543534,594.0871835766596,,-0.3728802628031644,-0.2467069727757196,,592.19,
2026-04-13 00:00:00,1776038400000,592.19,597.94,591.6,594.68,11256.918,593.8876867491769,594.1104312795358,,-0.2539468515404905,-0.1022188492104366,,594.68,
2026-04-13 04:00:00,1776052800000,594.68,599.67,594.6,597.26,16488.524,597.26,597.26,,0.0,0.0,,597.26,
2026-04-13 08:00:00,1776067200000,597.27,598.71,595.19,597.2,13130.521,597.2542857142857,597.2576470588235,,-0.0047863247862096,-0.0038290598289677,,597.2,
2026-04-13 12:00:00,1776081600000,597.2,605.0,595.58,603.4,30992.717,597.8395918367347,597.498523644752,,0.4861051452505762,0.3896499281662545,,603.4,
2026-04-13 16:00:00,1776096000000,603.39,609.17,602.15,608.59,27831.961,598.8634402332361,597.9334835018205,,1.279184158581188,0.9461831531974932,,608.59,
2026-04-13 20:00:00,1776110400000,608.59,617.97,607.11,614.71,38803.859,600.3726364014993,598.5913861095923,,2.3741698908651188,1.632935108385139,,614.71,
2026-04-14 00:00:00,1776124800000,614.71,616.14,610.86,616.13,28115.649,601.8733376965947,599.2791748896083,,3.3182849815050304,2.0616401592200404,,616.13,
2026-04-14 04:00:00,1776139200000,616.14,616.15,611.88,613.55,19715.436,613.55,613.55,,0.0,0.0,,613.55,
2026-04-14 08:00:00,1776153600000,613.54,619.4,613.43,616.41,28132.029,613.822380952381,613.6621568627451,,0.2281481481481932,0.1825185185185546,,616.41,
2026-04-14 12:00:00,1776168000000,616.42,625.38,615.18,623.45,47940.613,614.7392970521541,614.0459938485199,,0.965892159966188,0.7362100242692395,,623.45,
2026-04-14 16:00:00,1776182400000,623.45,625.12,611.94,613.95,37840.425,614.6641259043299,614.042229383872,,0.7750546517328303,0.4362980128287054,,613.95,
2026-04-14 20:00:00,1776196800000,613.95,617.16,613.13,613.75,11637.879,614.5770662943937,614.030769408034,,0.6007511378551271,0.2095955991608017,,613.75,
2026-04-15 00:00:00,1776211200000,613.75,620.0,613.75,616.14,17227.733,614.725917123499,614.113484333209,,0.6479976595993548,0.2054736967240236,,616.14,
2026-04-15 04:00:00,1776225600000,616.14,617.27,610.71,611.54,16261.029,611.54,611.54,,0.0,0.0,,611.54,
2026-04-15 08:00:00,1776240000000,611.55,620.66,610.45,619.7,25376.842,612.3171428571428,611.8599999999999,,0.650940170940089,0.5207521367520712,,619.7,
2026-04-15 12:00:00,1776254400000,619.71,620.42,616.0,619.04,24672.706,612.9574149659863,612.1415686274509,,1.1008683371074994,0.7765442423355853,,619.04,
2026-04-15 16:00:00,1776268800000,619.05,627.64,618.57,625.38,17267.117,614.140518302559,612.6607227989234,,1.9465856372431745,1.2978092339770082,,625.38,
2026-04-15 20:00:00,1776283200000,625.38,626.8,621.42,622.59,14137.793,614.9452308451724,613.0501062185734,,2.364437246896614,1.372528674904358,,622.59,
2026-04-16 00:00:00,1776297600000,622.58,626.16,620.38,624.25,16041.38,615.8313993361085,613.4893177394138,,2.7972903627572805,1.4443054326120195,,624.25,
2026-04-16 04:00:00,1776312000000,624.25,626.08,621.86,622.69,15672.328,622.69,622.69,,0.0,0.0,,622.69,
2026-04-16 08:00:00,1776326400000,622.69,623.95,618.86,620.95,17492.473,622.5242857142858,622.6217647058825,,-0.1388034188034907,-0.1110427350427926,,620.95,
2026-04-16 12:00:00,1776340800000,620.95,626.38,614.89,624.89,31053.988,622.7495918367348,622.7107151095734,,0.0683312635447919,0.076873557844392,,624.89,
2026-04-16 16:00:00,1776355200000,624.89,637.31,623.6,636.55,34803.489,624.0639164237125,623.2534321641,,1.159980017367161,0.934817849333409,,636.55,
2026-04-16 20:00:00,1776369600000,636.55,637.4,631.71,635.77,16483.043,625.178781526216,623.7442779615862,,1.9398190123290533,1.371725475436241,,635.77,
2026-04-17 00:00:00,1776384000000,635.77,636.55,628.18,629.26,15173.724,625.5674689999097,623.960580786622,,2.0093815410049274,1.153030403289692,,629.26,
2026-04-17 04:00:00,1776398400000,629.26,630.22,626.66,627.21,19659.254,627.21,627.21,,0.0,0.0,,627.21,
2026-04-17 08:00:00,1776412800000,627.21,635.0,626.89,632.5,30283.279,627.7138095238095,627.4174509803921,,0.421994301994232,0.3375954415953856,,632.5,
2026-04-17 12:00:00,1776427200000,632.5,645.67,631.76,643.34,51049.665,629.2020181405895,628.0418646674356,,1.612536911226357,1.2225104406620084,,643.34,
2026-04-17 16:00:00,1776441600000,643.33,645.6,638.83,641.36,19428.359,630.3599211748191,628.5641444843989,,2.3689730077902595,1.5831572297807288,,641.36,
2026-04-17 20:00:00,1776456000000,641.36,644.77,639.26,643.12,17892.557,631.5751667772173,629.1349623477558,,3.0750243882002906,1.831366888152608,,643.12,
2026-04-18 00:00:00,1776470400000,643.12,646.88,640.06,640.2,28939.317,632.3965794651014,629.568885392942,,3.3602210607357392,1.693250848550445,,640.2,
2026-04-18 04:00:00,1776484800000,640.21,648.79,640.08,643.35,27083.119,643.35,643.35,,0.0,0.0,,643.35,
2026-04-18 08:00:00,1776499200000,643.35,643.55,631.52,633.37,26675.059,642.3995238095238,642.9586274509804,,-0.7961253561253443,-0.6369002849002754,,633.37,
2026-04-18 12:00:00,1776513600000,633.38,635.0,631.42,633.37,13376.045,641.5395691609976,642.5826028450597,,-1.4107976396295498,-1.0012580547235848,,633.37,
2026-04-18 16:00:00,1776528000000,633.37,634.59,628.03,630.39,15324.524,640.4777054313788,642.1044615570182,,-2.114021820270977,-1.36358578829201,,630.39,
2026-04-18 20:00:00,1776542400000,630.39,631.84,629.69,629.9,8267.295,639.4703049141046,641.625855221449,,-2.6799778384912543,-1.5436334452098293,,629.9,
2026-04-19 00:00:00,1776556800000,629.9,630.43,621.08,623.26,16377.065,637.9264663508566,640.9056256049216,,-3.622536224977239,-1.988953465356651,,623.26,
2026-04-19 04:00:00,1776571200000,623.26,624.72,618.1,620.32,17821.097,620.32,620.32,,0.0,0.0,,620.32,
2026-04-19 08:00:00,1776585600000,620.32,623.33,618.0,622.4,14492.492,620.5180952380953,620.4015686274511,,0.1659259259259897,0.1327407407407918,,622.4,
2026-04-19 12:00:00,1776600000000,622.4,628.36,622.06,626.07,18680.655,621.0468480725624,620.6238600538255,,0.5867975097604585,0.4428898596602084,,626.07,
2026-04-19 16:00:00,1776614400000,626.07,626.64,619.39,622.93,13891.28,621.2261958751756,620.7142969144597,,0.6593687220553193,0.4123688575640553,,622.93,
2026-04-19 20:00:00,1776628800000,622.93,623.36,615.0,616.06,19328.153,620.734177220397,620.5317754668339,,0.1606781479608798,-0.0690573732243072,,616.06,
2026-04-20 00:00:00,1776643200000,616.07,622.8,615.97,621.69,11683.598,620.8252079613115,620.577196036762,,0.2172518788216848,-0.0099869138908018,,621.69,
2026-04-20 04:00:00,1776657600000,621.7,629.48,617.0,624.69,15619.732,624.69,624.69,,0.0,0.0,,624.69,
2026-04-20 08:00:00,1776672000000,624.69,628.14,622.71,625.5,17552.488,624.7671428571429,624.7217647058824,,0.0646153846153083,0.0516923076922466,,625.5,
2026-04-20 12:00:00,1776686400000,625.49,628.36,620.87,628.31,23839.062,625.1045578231293,624.8624798154556,,0.3386631602015768,0.2605920666228121,,628.31,
2026-04-20 16:00:00,1776700800000,628.31,631.8,626.71,630.56,12588.616,625.624123744736,625.0859119795554,,0.7290007261429992,0.5207437060513875,,630.56,
2026-04-20 20:00:00,1776715200000,630.57,632.08,628.0,629.26,10864.215,625.9703976738089,625.2496017058472,,0.9228093521523988,0.5716418656486297,,629.26,
2026-04-21 00:00:00,1776729600000,629.26,632.46,628.1,629.87,11095.479,626.3417883715414,625.4307937958141,,1.1127983400268704,0.609304682818481,,629.87,
2026-04-21 04:00:00,1776744000000,629.87,633.93,628.81,632.88,11139.346,632.88,632.88,,0.0,0.0,,632.88,
2026-04-21 08:00:00,1776758400000,632.89,640.7,632.2,634.14,41688.668,633.0,632.929411764706,,0.1005128205126766,0.0804102564101413,,634.14,
2026-04-21 12:00:00,1776772800000,634.14,635.17,629.37,631.81,19309.425,632.8866666666667,632.8855132641293,,-0.0077522098035842,-0.0222838191248956,,631.81,
2026-04-21 16:00:00,1776787200000,631.82,633.66,625.0,626.6,12996.64,632.2879365079366,632.639022547889,,-0.5080994305950526,-0.4181048319330912,,626.6,
2026-04-21 20:00:00,1776801600000,626.59,632.45,625.56,631.72,9143.681,632.2338473167046,632.6029824479717,,-0.4858860060800225,-0.3167131259344489,,631.72,
2026-04-22 00:00:00,1776816000000,631.73,641.4,631.19,639.57,20568.448,632.9325285246375,632.8761988225612,,0.163265662768822,0.2659508343315165,,639.57,
2026-04-22 04:00:00,1776830400000,639.57,644.95,638.66,641.99,25959.846,641.99,641.99,,0.0,0.0,,641.99,
2026-04-22 08:00:00,1776844800000,642.0,643.81,641.0,642.77,15334.599,642.0642857142857,642.0205882352942,,0.0622222222222035,0.0497777777777628,,642.77,
2026-04-22 12:00:00,1776859200000,642.78,654.19,642.14,649.1,39008.952,642.7343537414966,642.298212226067,,0.6152200063311284,0.4822204495093501,,649.1,
2026-04-22 16:00:00,1776873600000,649.1,650.96,642.89,644.1,18298.576,642.8644152899255,642.3688705701428,,0.6426089254326826,0.4076874948887234,,644.1,
2026-04-22 20:00:00,1776888000000,644.1,644.18,637.33,637.47,15815.918,642.3506614527897,642.1767579987646,,0.1278554127579809,-0.0856528142287825,,637.47,
2026-04-23 00:00:00,1776902400000,637.47,639.5,633.23,635.6,22566.677,641.7077413144287,641.9188459203817,,-0.4260723297963977,-0.511664445426529,,635.6,
2026-04-23 04:00:00,1776916800000,635.61,638.43,635.01,635.7,13183.512,635.7,635.7,,0.0,0.0,,635.7,
2026-04-23 08:00:00,1776931200000,635.7,636.29,631.0,633.56,16887.714,635.4961904761906,635.6160784313727,,-0.1707122507124268,-0.1365698005699414,,633.56,
2026-04-23 12:00:00,1776945600000,633.56,640.0,632.0,639.74,18401.871,635.9003628117914,635.7778008458287,,0.1904757266579508,0.179694541440349,,639.74,
2026-04-23 16:00:00,1776960000000,639.74,640.38,631.14,635.91,18026.04,635.9012806392399,635.7829851263843,,0.1657600311314127,0.1239830767310486,,635.91,
2026-04-23 20:00:00,1776974400000,635.9,639.79,635.6,638.54,9343.442,636.1525872450266,635.8911033567222,,0.3543074488114826,0.2500243955288948,,638.54,
2026-04-24 00:00:00,1776988800000,638.55,640.42,633.6,634.61,9531.6,636.0056741740717,635.8408640093998,,0.184487819372066,0.0641638128715826,,634.61,
2026-04-24 04:00:00,1777003200000,634.61,637.17,632.04,635.0,13609.138,635.0,635.0,,0.0,0.0,,635.0,
2026-04-24 08:00:00,1777017600000,634.99,638.75,633.33,638.1,15966.278,635.2952380952381,635.121568627451,,0.2472934472934866,0.1978347578347893,,638.1,
2026-04-24 12:00:00,1777032000000,638.1,640.49,635.95,639.6,16954.525,635.7052154195012,635.2971933871588,,0.5578818353748147,0.4067385167328939,,639.6,
2026-04-24 16:00:00,1777046400000,639.6,639.97,635.34,638.24,8889.456,635.9466234747869,635.4125975680546,,0.6863726598215862,0.4281834729437323,,638.24,
2026-04-24 20:00:00,1777060800000,638.24,638.37,635.43,636.21,5674.821,635.9717069533785,635.4438682516603,,0.6172828765839995,0.2872749517649164,,636.21,
2026-04-25 00:00:00,1777075200000,636.21,637.69,635.49,637.45,8892.494,636.1124967673425,635.5225400849286,,0.6550355207530174,0.2600220767471475,,637.45,
2026-04-25 04:00:00,1777089600000,637.45,638.08,636.29,636.7,5455.504,636.7,636.7,,0.0,0.0,,636.7,
2026-04-25 08:00:00,1777104000000,636.71,638.5,634.2,634.66,9788.226,636.5057142857142,636.62,,-0.1627350427349938,-0.130188034187995,,634.66,
2026-04-25 12:00:00,1777118400000,634.66,635.15,629.11,629.91,19722.948,635.8775510204081,636.356862745098,,-0.6672968563565291,-0.5077998782476243,,629.91,
2026-04-25 16:00:00,1777132800000,629.9,630.41,627.15,628.66,9371.55,635.1901652089406,636.0550249903883,,-1.154719395731263,-0.7961779340978865,,628.66,
2026-04-25 20:00:00,1777147200000,628.67,630.43,628.34,628.53,5687.615,634.5558637604701,635.7599259711574,,-1.5338143266291129,-0.9402182919965888,,628.53,
2026-04-26 00:00:00,1777161600000,628.52,630.35,627.0,628.63,7913.944,633.9914957832824,635.480321031112,,-1.8053694511031608,-0.9694187331765096,,628.63,
2026-04-26 04:00:00,1777176000000,628.63,632.79,628.27,632.52,9812.403,632.52,632.52,,0.0,0.0,,632.52,
2026-04-26 08:00:00,1777190400000,632.52,632.75,629.9,632.54,9812.812,632.5219047619047,632.5207843137255,,0.0015954415954411,0.0012763532763528,,632.54,
2026-04-26 12:00:00,1777204800000,632.55,633.03,630.6,632.29,9377.389,632.4998185941042,632.5117339484813,,-0.0171157701641959,-0.0139478867866273,,632.29,
2026-04-26 16:00:00,1777219200000,632.29,636.74,630.59,635.89,8940.878,632.8226930137133,632.6442149701095,,0.2555989872339523,0.2070134964892167,,635.89,
2026-04-26 20:00:00,1777233600000,635.9,638.06,633.0,635.76,8588.914,633.1024365362168,632.7664026183404,,0.4559812161102172,0.3259165802923853,,635.76,
2026-04-27 00:00:00,1777248000000,635.77,639.81,633.74,638.27,18044.113,633.5945854375295,632.9822299666408,,0.808007392966374,0.5423542057188336,,638.27,
2026-04-27 04:00:00,1777262400000,638.27,638.64,625.15,625.87,28410.052,625.87,625.87,,0.0,0.0,,625.87,
2026-04-27 08:00:00,1777276800000,625.87,628.94,625.4,627.4,10936.731,626.0157142857142,625.9300000000001,,0.1220512820513022,0.0976410256410417,,627.4,
2026-04-27 12:00:00,1777291200000,627.39,628.56,618.38,620.94,25377.875,625.53231292517,625.7343137254903,,-0.2990430272481035,-0.2587626269266911,,620.94,
2026-04-27 16:00:00,1777305600000,620.93,624.02,620.5,623.53,13646.889,625.3416164561062,625.647870049981,,-0.4189426367876194,-0.3029297891729656,,623.53,
2026-04-27 20:00:00,1777320000000,623.53,627.31,623.13,626.83,7529.828,625.4833672698103,625.6942280872366,,-0.2448589389990729,-0.1030768731075353,,626.83,
2026-04-28 00:00:00,1777334400000,626.83,627.58,623.28,624.52,7126.507,625.3916180060188,625.6481799269528,,-0.289951666498041,-0.1185356804852027,,624.52,
2026-04-28 04:00:00,1777348800000,624.52,626.62,621.86,624.26,16508.09,624.26,624.26,,0.0,0.0,,624.26,
2026-04-28 08:00:00,1777363200000,624.26,625.47,621.21,621.85,9676.525,624.0304761904762,624.1654901960784,,-0.1922507122505976,-0.1538005698004781,,621.85,
2026-04-28 12:00:00,1777377600000,621.86,623.63,619.0,622.82,16880.81,623.9151927437642,624.1127258746635,,-0.2633046809685311,-0.1798836308147292,,622.82,
2026-04-28 16:00:00,1777392000000,622.82,624.3,621.82,624.17,7137.871,623.9394601015009,624.1149719187944,,-0.2082808139415419,-0.099887811030192,,624.17,
2026-04-28 20:00:00,1777406400000,624.17,624.66,622.87,624.55,5017.939,623.9976067585008,624.1320318435476,,-0.1324839857700226,-0.0192727862869382,,624.55,
2026-04-29 00:00:00,1777420800000,624.56,626.73,622.56,626.05,9681.142,624.1930727815007,624.2072462810555,,0.0480689022363094,0.1290240813755151,,626.05,
2026-04-29 04:00:00,1777435200000,626.05,628.5,625.0,625.13,16646.427,625.13,625.13,,0.0,0.0,,625.13,
2026-04-29 08:00:00,1777449600000,625.13,629.61,624.54,626.02,19479.286,625.214761904762,625.1649019607843,,0.0709971509971865,0.0567977207977492,,626.02,
2026-04-29 12:00:00,1777464000000,626.01,626.06,615.48,616.51,21085.078,624.3857369614514,624.8254940407535,,-0.6328198634751061,-0.5176154349396347,,616.51,
2026-04-29 16:00:00,1777478400000,616.52,620.28,610.26,613.31,26554.168,623.3309048698845,624.3739060391553,,-1.432302483207195,-1.053678443737379,,613.31,
2026-04-29 20:00:00,1777492800000,613.32,618.58,613.02,617.39,8367.071,622.765104406086,624.1000273709532,,-1.716885134185759,-1.070608875772754,,617.39,
2026-04-30 00:00:00,1777507200000,617.39,620.53,616.03,617.88,12566.092,622.2998563674112,623.8561047289551,,-1.8811947879817128,-0.9879348236549662,,617.88,
2026-04-30 04:00:00,1777521600000,617.88,618.26,613.47,617.5,18797.061,617.5,617.5,,0.0,0.0,,617.5,
2026-04-30 08:00:00,1777536000000,617.5,618.75,614.38,615.63,13741.332,617.3219047619048,617.4266666666666,,-0.1491737891736875,-0.11933903133895,,615.63,
2026-04-30 12:00:00,1777550400000,615.64,618.13,613.58,617.1,19135.061,617.3007709750567,617.4138562091504,,-0.1470828970543607,-0.0937985113756985,,617.1,
2026-04-30 16:00:00,1777564800000,617.09,618.84,615.75,618.45,8022.292,617.4102213583847,617.4544892989876,,-0.0360762676496051,0.0137664944232456,,618.45,
2026-04-30 20:00:00,1777579200000,618.44,618.61,614.79,615.38,6350.607,617.2168669433005,617.3731367774586,,-0.1935944210488287,-0.1150013271807823,,615.38,
2026-05-01 00:00:00,1777593600000,615.38,621.29,615.28,618.5,14358.805,617.3390700915576,617.4173274920681,,-0.065910986577478,0.0101456858324546,,618.5,
2026-05-01 04:00:00,1777608000000,618.5,619.08,616.03,617.42,10394.11,617.42,617.42,,0.0,0.0,,617.42,
2026-05-01 08:00:00,1777622400000,617.42,619.56,615.94,618.92,13233.624,617.5628571428571,617.4788235294117,,0.1196581196580837,0.0957264957264669,,618.92,
2026-05-01 12:00:00,1777636800000,618.92,622.84,618.44,620.83,25448.318,617.8740136054421,617.6102422145328,,0.3644084057758618,0.2723814254753961,,620.83,
2026-05-01 16:00:00,1777651200000,620.83,621.79,618.9,619.24,8877.143,618.0041075477809,617.6741542845512,,0.4251739187652674,0.2665175507718413,,619.24,
2026-05-01 20:00:00,1777665600000,619.24,619.37,613.79,615.34,15741.74,617.7503830194208,617.5826188224119,,0.1568258287283015,-0.0014644314120996,,615.34,
2026-05-02 00:00:00,1777680000000,615.34,617.26,614.78,616.19,7600.96,617.6017751128094,617.5280063195721,,0.0126006775171845,-0.1165516660985733,,616.19,
2026-05-02 04:00:00,1777694400000,616.19,616.4,614.15,615.91,7752.895,615.91,615.91,,0.0,0.0,,615.91,
2026-05-02 08:00:00,1777708800000,615.9,616.2,614.71,615.66,6659.85,615.8861904761904,615.9001960784313,,-0.0199430199430707,-0.0159544159544566,,615.66,
2026-05-02 12:00:00,1777723200000,615.67,618.27,615.38,618.22,12201.248,616.1084580498866,615.991168781238,,0.1688759019813233,0.1382916047759499,,618.22,
2026-05-02 16:00:00,1777737600000,618.22,619.38,617.71,618.83,8574.84,616.367652521326,616.1024954956993,,0.3635474117285184,0.2663704916185161,,618.83,
2026-05-02 20:00:00,1777752000000,618.84,621.81,617.77,618.03,9184.201,616.5259713288189,616.1780839076326,,0.448107171083393,0.2807442007787125,,618.03,
2026-05-03 00:00:00,1777766400000,618.03,618.49,615.09,616.22,10665.496,616.4968312022646,616.1797276759607,,0.3648635959787043,0.158000500539219,,616.22,
2026-05-03 04:00:00,1777780800000,616.22,618.35,615.31,616.96,9750.079,616.96,616.96,,0.0,0.0,,616.96,
2026-05-03 08:00:00,1777795200000,616.97,619.54,616.68,618.81,12956.337,617.1361904761904,617.0325490196079,,0.1475783475782464,0.1180626780625971,,618.81,
2026-05-03 12:00:00,1777809600000,618.81,620.57,618.14,619.87,13656.211,617.3965532879819,617.1438216070743,,0.3460790090988439,0.2532506716665557,,619.87,
2026-05-03 16:00:00,1777824000000,619.87,620.78,618.78,619.26,9598.316,617.5740244034122,617.2268089950321,,0.4489945814116254,0.2849329951834697,,619.26,
2026-05-03 20:00:00,1777838400000,619.26,622.27,617.0,617.27,16223.691,617.5450696983253,617.2285027599329,,0.3657632539482165,0.1613613341760487,,617.27,
2026-05-04 00:00:00,1777852800000,617.28,626.66,615.61,626.57,37419.932,618.4045868699133,617.5948359850337,,1.0382656241241648,0.6670909634815976,,626.57,
2026-05-04 04:00:00,1777867200000,626.58,639.0,626.58,628.4,60837.535,628.4,628.4,,0.0,0.0,,628.4,
2026-05-04 08:00:00,1777881600000,628.4,631.01,620.0,622.9,34529.559,627.8761904761905,628.1843137254901,,-0.4387464387465343,-0.3509971509972274,,622.9,
2026-05-04 12:00:00,1777896000000,622.91,628.44,621.19,625.47,43518.679,627.6470294784581,628.0778700499807,,-0.5724794441604217,-0.3877841251288919,,625.47,
2026-05-04 16:00:00,1777910400000,625.47,628.8,623.5,624.93,19279.644,627.388264766224,627.9544241656678,,-0.7138089561609604,-0.4232909097035444,,624.93,
2026-05-04 20:00:00,1777924800000,624.93,625.91,622.6,622.63,11063.652,626.9350966932503,627.7456232179945,,-0.9998784147805964,-0.5674882946585442,,622.63,
2026-05-05 00:00:00,1777939200000,622.64,628.86,622.58,627.81,19199.304,627.0184208177027,627.7481477976811,,-0.7993929089723224,-0.2936022310802162,,627.81,
2026-05-05 04:00:00,1777953600000,627.8,628.81,625.73,627.54,22579.058,627.54,627.54,,0.0,0.0,,627.54,
2026-05-05 08:00:00,1777968000000,627.54,628.94,625.94,628.59,23983.69,627.64,627.5811764705882,,0.0837606837606017,0.0670085470084814,,628.59,
2026-05-05 12:00:00,1777982400000,628.6,634.0,628.05,631.01,35110.266,627.9609523809523,627.7156401384083,,0.3414790464361203,0.2597815277472,,631.01,
2026-05-05 16:00:00,1777996800000,631.01,632.38,627.81,631.72,23383.602,628.3189569160998,627.8726738584706,,0.5961418200830622,0.4115554411153134,,631.72,
2026-05-05 20:00:00,1778011200000,631.73,635.0,629.71,630.42,22765.875,628.5190562574236,627.9725690012758,,0.685166593509166,0.4004641716331338,,630.42,
2026-05-06 00:00:00,1778025600000,630.41,636.01,628.97,635.17,23365.379,629.1524794710023,628.2548211973042,,1.1260245602273926,0.6730577106810883,,635.17,
2026-05-06 04:00:00,1778040000000,635.18,640.43,632.85,637.99,25453.541,637.99,637.99,,0.0,0.0,,637.99,
2026-05-06 08:00:00,1778054400000,637.98,652.66,637.95,652.56,78126.573,639.3776190476191,638.5613725490197,,1.162279202279251,0.9298233618234008,,652.56,
2026-05-06 12:00:00,1778068800000,652.56,664.26,643.58,648.51,81801.424,640.2473696145124,638.9515148019992,,1.7365745407910254,1.2032949602681402,,648.51,
2026-05-06 16:00:00,1778083200000,648.51,650.93,646.29,650.45,19995.243,641.2190486988445,639.4024357901561,,2.3214888425791287,1.4305674096449947,,650.45,
2026-05-06 20:00:00,1778097600000,650.44,651.49,644.46,647.74,12953.096,641.840091679907,639.729399092503,,2.5371169839505683,1.3169564408131471,,647.74,
2026-05-07 00:00:00,1778112000000,647.74,649.81,641.64,642.53,29830.996,641.9057972342016,639.8392265790716,,2.261530861276242,0.8330962545110567,,642.53,
2026-05-07 04:00:00,1778126400000,642.54,653.49,642.1,651.91,19315.443,651.91,651.91,,0.0,0.0,,651.91,
2026-05-07 08:00:00,1778140800000,651.92,653.1,646.15,648.01,21602.1,651.5385714285713,651.7570588235294,,-0.3111111111111313,-0.248888888888905,,648.01,
2026-05-07 12:00:00,1778155200000,648.01,651.0,639.41,642.45,29470.063,650.6729931972789,651.3920761245676,,-0.9948464704020809,-0.7460993985438835,,642.45,
2026-05-07 16:00:00,1778169600000,642.46,644.7,639.33,643.71,17699.575,650.0098509880143,651.0908182373296,,-1.4186864644858588,-0.9359515141021292,,643.71,
2026-05-07 20:00:00,1778184000000,643.71,645.65,633.68,637.02,26255.632,648.7727223224891,650.5390214437089,,-2.2682626824773706,-1.4284221856749129,,637.02,
2026-05-08 00:00:00,1778198400000,637.02,640.54,635.46,639.44,15412.117,647.8838916251093,650.1037657008184,,-2.714987495063724,-1.500117598609013,,639.44,
2026-05-08 04:00:00,1778212800000,639.44,641.0,634.76,636.91,24292.908,636.91,636.91,,0.0,0.0,,636.91,
2026-05-08 08:00:00,1778227200000,636.91,641.56,635.89,641.02,21553.029,637.3014285714285,637.0711764705882,,0.3278632478634335,0.2622905982907468,,641.02,
2026-05-08 12:00:00,1778241600000,641.03,644.0,637.54,643.92,18479.16,637.9317687074829,637.3397577854671,,0.8123388608860296,0.5974129690506743,,643.92,
2026-05-08 16:00:00,1778256000000,643.92,649.5,642.36,648.09,15055.131,638.8992193067702,637.7613359115272,,1.515305921107256,1.0403040234175205,,648.09,
2026-05-08 20:00:00,1778270400000,648.1,651.53,645.86,649.36,12960.331,639.8954841346969,638.2161854836243,,2.1501056871370565,1.340083031557857,,649.36,
2026-05-09 00:00:00,1778284800000,649.37,655.88,649.01,653.66,18453.315,641.2063904075828,638.8218252685801,,2.96597324528409,1.7247604717639122,,653.66,
2026-05-09 04:00:00,1778299200000,653.67,656.0,648.95,649.77,32605.996,649.77,649.77,,0.0,0.0,,649.77,
2026-05-09 08:00:00,1778313600000,649.77,651.03,648.43,650.04,9822.627,649.7957142857143,649.7805882352941,,0.0215384615385119,0.0172307692308095,,650.04,
2026-05-09 12:00:00,1778328000000,650.05,650.67,646.23,647.66,11368.726,649.5923129251702,649.6974279123414,,-0.1516896778435921,-0.1247978961210355,,647.66,
2026-05-09 16:00:00,1778342400000,647.67,651.84,647.01,651.01,15609.096,649.7273307418207,649.7489013275436,,-0.0184446055320677,0.006757740952391,,651.01,
2026-05-09 20:00:00,1778356800000,651.01,652.36,649.53,649.75,10493.132,649.7294897187901,649.7489444127381,,-0.0143529436866174,0.008679522238273,,649.75,
2026-05-10 00:00:00,1778371200000,649.76,650.5,644.84,647.7,18024.134,649.5362049836673,649.6685936514542,,-0.1745164229394049,-0.1211871656116115,,647.7,
2026-05-10 04:00:00,1778385600000,647.71,649.29,647.28,648.28,8599.048,648.28,648.28,,0.0,0.0,,648.28,
2026-05-10 08:00:00,1778400000000,648.29,651.9,647.71,649.59,16061.965,648.4047619047618,648.3313725490196,,0.1045014245014499,0.0836011396011599,,649.59,
2026-05-10 12:00:00,1778414400000,649.59,656.2,648.47,655.5,17482.985,649.0804988662131,648.6124951941562,,0.6566378519654563,0.5085900536521331,,655.5,
2026-05-10 16:00:00,1778428800000,655.51,662.38,654.4,661.14,19655.812,650.2290227837167,649.1037698924246,,1.531654849528877,1.106885640972443,,661.14,
2026-05-10 20:00:00,1778443200000,661.14,666.66,648.71,663.55,39453.273,651.4976872805056,649.6702887201726,,2.392005433380291,1.5737889798590854,,663.55,
2026-05-11 00:00:00,1778457600000,663.56,664.85,650.07,651.79,30689.411,651.5255265871241,649.7534146527148,,2.1006903018293315,1.0259790786465008,,651.79,
2026-05-11 04:00:00,1778472000000,651.8,654.17,650.03,650.61,26867.574,650.61,650.61,,0.0,0.0,,650.61,
2026-05-11 08:00:00,1778486400000,650.61,655.92,649.46,655.92,27730.707,651.1157142857143,650.8182352941177,,0.4235897435897868,0.3388717948718295,,655.92,
2026-05-11 12:00:00,1778500800000,655.92,661.51,651.49,661.5,31057.069,652.104693877551,651.2371280276818,,1.1957630214041046,0.8888360581489178,,661.5,
2026-05-11 16:00:00,1778515200000,661.51,663.56,659.5,663.32,27138.806,653.1728182701652,651.7109661442433,,1.9323003413850304,1.3002987025038746,,663.32,
2026-05-11 20:00:00,1778529600000,663.31,673.0,661.02,670.6,40181.678,654.8325498634828,652.4517125699592,,3.068079719246043,1.94886246429191,,670.6,
2026-05-12 00:00:00,1778544000000,670.6,671.47,659.09,662.02,34336.061,655.5170689241036,652.8269395280001,,3.2385270412825093,1.6954478290627009,,662.02,
2026-05-12 04:00:00,1778558400000,662.02,664.31,657.76,658.59,19544.701,658.59,658.59,,0.0,0.0,,658.59,
2026-05-12 08:00:00,1778572800000,658.6,663.4,657.55,663.4,18304.871,659.0480952380952,658.7786274509805,,0.3837037037037589,0.3069629629630072,,663.4,
2026-05-12 12:00:00,1778587200000,663.4,664.75,650.49,652.26,45149.103,658.4016099773243,658.5229950019225,,-0.2087073968554023,-0.2283585100769232,,652.26,
2026-05-12 16:00:00,1778601600000,652.26,663.38,650.56,663.07,21554.165,658.8462185509123,658.7013089234157,,0.1918674662033481,0.1377730823854617,,663.07,
2026-05-12 20:00:00,1778616000000,663.07,668.0,663.06,664.95,22728.188,659.4275310698731,658.9463556323014,,0.6534931570191702,0.479519018561027,,664.95,
2026-05-13 00:00:00,1778630400000,664.95,682.95,664.36,681.28,63481.069,661.508718587028,659.8221848231916,,2.3103965540170748,1.7091379324471454,,681.28,
2026-05-13 04:00:00,1778644800000,681.28,682.18,675.94,679.02,31687.705,679.02,679.02,,0.0,0.0,,679.02,
2026-05-13 08:00:00,1778659200000,679.02,685.68,677.41,678.42,36146.83,678.962857142857,678.9964705882353,,-0.0478632478632334,-0.0382905982905867,,678.42,
2026-05-13 12:00:00,1778673600000,678.42,680.3,663.77,664.19,61800.437,677.5559183673469,678.4158246828143,,-1.2199741885212916,-0.968321231158916,,664.19,
2026-05-13 16:00:00,1778688000000,664.19,674.71,664.17,671.32,21029.274,676.9620213799805,678.1375570481943,,-1.555616957543748,-1.043171200145098,,671.32,
2026-05-13 20:00:00,1778702400000,671.33,673.84,668.2,671.68,11917.453,676.4589717247443,677.8843195168926,,-1.7721391616777282,-1.0077547234232624,,671.68,
2026-05-14 00:00:00,1778716800000,671.68,677.52,665.42,665.92,25552.318,675.4552601319115,677.4151305162302,,-2.38107092660664,-1.293349190681739,,665.92,
2026-05-14 04:00:00,1778731200000,665.91,672.06,665.47,669.34,24244.733,669.34,669.34,,0.0,0.0,,669.34,
2026-05-14 08:00:00,1778745600000,669.33,673.96,668.55,670.85,20888.197,669.4838095238096,669.3992156862745,,0.1204558404558611,0.0963646723646888,,670.85,
2026-05-14 12:00:00,1778760000000,670.85,680.58,670.62,679.98,43264.703,670.4834467120181,669.8141484044597,,0.9417764466197696,0.7341482228228778,,679.98,
2026-05-14 16:00:00,1778774400000,679.98,687.66,678.48,680.2,34513.078,671.408832739445,670.221436702324,,1.5920786144505428,1.1075603125229208,,680.2,
2026-05-14 20:00:00,1778788800000,680.21,681.99,677.2,678.27,11337.001,672.0622772404503,670.5370666355662,,1.9294711548939176,1.1559622823730364,,678.27,
2026-05-15 00:00:00,1778803200000,678.28,686.0,677.24,681.95,31590.787,673.0039651223121,670.9846326498578,,2.4653830181484864,1.353499316502084,,681.95,
2026-05-15 04:00:00,1778817600000,681.95,689.14,673.79,684.3,34855.094,684.3,684.3,,0.0,0.0,,684.3,
2026-05-15 08:00:00,1778832000000,684.31,689.98,681.63,686.47,31941.574,684.5066666666667,684.3850980392157,,0.1731054131055316,0.1384843304844253,,686.47,
2026-05-15 12:00:00,1778846400000,686.47,686.74,669.16,671.73,46245.668,683.2898412698412,683.8888196847366,,-0.8690838548386637,-0.722963949967816,,671.73,
2026-05-15 16:00:00,1778860800000,671.73,676.72,671.16,674.04,10415.878,682.4089040060468,683.5025914618058,,-1.4914363142839877,-1.0762531275305118,,674.04,
2026-05-15 20:00:00,1778875200000,674.04,674.56,671.21,672.38,11455.37,681.4537702911852,683.06641140448,,-2.094459622233785,-1.3434211483842473,,672.38,
2026-05-16 00:00:00,1778889600000,672.37,674.92,664.9,665.29,18248.201,679.9143635967866,682.3692972317554,,-3.108629340744301,-1.8860726935158103,,665.29,
2026-05-16 04:00:00,1778904000000,665.29,665.29,656.2,660.68,40063.387,660.68,660.68,,0.0,0.0,,660.68,
2026-05-16 08:00:00,1778918400000,660.68,661.97,650.7,654.28,38491.712,660.0704761904761,660.4290196078431,,-0.5105413105412708,-0.4084330484330166,,654.28,
2026-05-16 12:00:00,1778932800000,654.28,658.0,651.1,655.2,19256.183,659.6066213151927,660.2239600153787,,-0.8313296158308958,-0.5833770829781133,,655.2,
2026-05-16 16:00:00,1778947200000,655.19,658.34,654.92,656.16,8832.535,659.2783716661266,660.0645890343835,,-0.9966044462905757,-0.5989215307502345,,656.16,
2026-05-16 20:00:00,1778961600000,656.16,657.62,655.73,656.2,4886.318,658.9851934122098,659.9130365232312,,-1.111545074755668,-0.5710897273722613,,656.2,
2026-05-17 00:00:00,1778976000000,656.2,657.28,650.0,652.77,18338.033,658.3932702300946,659.6329174438888,,-1.462549326974795,-0.7376751836731106,,652.77,
2026-05-17 04:00:00,1778990400000,652.77,656.35,652.41,655.31,9915.355,655.31,655.31,,0.0,0.0,,655.31,
2026-05-17 08:00:00,1779004800000,655.31,655.45,650.0,655.07,20093.406,655.2871428571428,655.3005882352942,,-0.019145299145407,-0.0153162393163256,,655.07,
2026-05-17 12:00:00,1779019200000,655.07,657.51,650.57,652.4,14463.278,655.0121768707482,655.1868396770474,,-0.246918450337489,-0.1944715124067261,,652.4,
2026-05-17 16:00:00,1779033600000,652.41,656.35,650.22,656.04,8126.498,655.1100647878199,655.2202969446142,,-0.1321889425779545,-0.0637936037177532,,656.04,
2026-05-17 20:00:00,1779048000000,656.04,657.6,640.01,649.48,24875.382,654.5738681413608,654.9951872605118,,-0.564099568207098,-0.3965633834775173,,649.48,
2026-05-18 00:00:00,1779062400000,649.48,649.7,642.13,643.44,24070.12,653.5134997469454,654.5420426620603,,-1.3778859607290317,-0.9682798207995608,,643.44,
2026-05-18 04:00:00,1779076800000,643.44,644.58,637.54,641.85,22109.046,641.85,641.85,,0.0,0.0,,641.85,
2026-05-18 08:00:00,1779091200000,641.86,643.69,637.54,641.75,16265.504,641.8404761904762,641.8460784313726,,-0.0079772079772055,-0.0063817663817644,,641.75,
2026-05-18 12:00:00,1779105600000,641.75,645.54,634.3,637.03,28798.729,641.382335600907,641.6572126105344,,-0.3906604654182501,-0.3112520190582472,,637.03,
2026-05-18 16:00:00,1779120000000,637.04,644.92,635.74,644.78,25412.858,641.7059226865349,641.7796748611017,,-0.0677979410155558,0.0092884042755577,,644.78,
2026-05-18 20:00:00,1779134400000,644.79,646.4,641.89,643.53,9524.963,641.8796443354364,641.8483150626272,,0.0862145546391275,0.1306407199441928,,643.53,
2026-05-19 00:00:00,1779148800000,643.53,647.19,641.17,642.88,15081.766,641.9749163034901,641.8887732954654,,0.1540452614382275,0.1587771413946342,,642.88,
2026-05-19 04:00:00,1779163200000,642.87,646.34,640.95,645.93,12878.765,645.93,645.93,,0.0,0.0,,645.93,
2026-05-19 08:00:00,1779177600000,645.93,646.02,637.98,639.88,18231.516,645.3538095238094,645.6927450980393,,-0.4826210826209944,-0.3860968660967955,,639.88,
2026-05-19 12:00:00,1779192000000,639.87,642.05,636.1,638.73,22154.505,644.7229705215418,645.4196962706651,,-0.9469809498297082,-0.6803653866444074,,638.73,
2026-05-19 16:00:00,1779206400000,638.74,641.88,637.87,639.99,6959.289,644.2722114242521,645.2067670051489,,-1.199491034397056,-0.7463003769694041,,639.99,
2026-05-19 20:00:00,1779220800000,639.98,641.66,637.87,640.02,5648.096,643.8672389076567,645.003364377496,,-1.3812639948484955,-0.7424586699366751,,640.02,
2026-05-20 00:00:00,1779235200000,640.03,640.95,637.52,640.12,10998.41,643.5103590116894,644.811859892104,,-1.499960599249448,-0.6889242194701019,,640.12,
2026-05-20 04:00:00,1779249600000,640.13,645.0,638.38,643.41,17026.815,643.41,643.41,,0.0,0.0,,643.41,
2026-05-20 08:00:00,1779264000000,643.41,645.31,642.3,643.33,10929.184,643.4023809523809,643.406862745098,,-0.0063817663817644,-0.0051054131054115,,643.33,
2026-05-20 12:00:00,1779278400000,643.33,649.97,641.34,648.8,21178.265,643.916439909297,643.6183583237217,,0.4250442772379301,0.3410565044114264,,648.8,
2026-05-20 16:00:00,1779292800000,648.81,651.19,646.01,650.57,12072.633,644.5501122988877,643.8909717227915,,0.8994089065441813,0.652336906974142,,650.57,
2026-05-20 20:00:00,1779307200000,650.56,651.77,647.17,649.5,10737.346,645.0215301751841,644.1109336160154,,1.1754563066382389,0.7427074456545597,,649.5,
2026-05-21 00:00:00,1779321600000,649.5,656.0,649.31,654.81,16426.826,645.9537653965951,644.5305048467599,,1.80192698982728,1.0953425030748805,,654.81,
2026-05-21 04:00:00,1779336000000,654.81,655.33,650.13,652.93,15174.305,652.93,652.93,,0.0,0.0,,652.93,
2026-05-21 08:00:00,1779350400000,652.93,656.0,647.36,647.77,16397.079,652.4385714285714,652.7276470588234,,-0.4116239316239216,-0.3292991452991373,,647.77,
2026-05-21 12:00:00,1779364800000,647.78,653.08,646.33,652.39,22284.158,652.4339455782313,652.7144059976931,,-0.3608834343876879,-0.2228469184503228,,652.39,
2026-05-21 16:00:00,1779379200000,652.39,659.82,650.23,657.87,25349.236,652.9516650469711,652.9165861546463,,0.1201341453202076,0.2065365290060581,,657.87,
2026-05-21 20:00:00,1779393600000,657.88,659.0,656.11,658.58,7424.074,653.4876969472596,653.1386808152484,,0.5522688969965657,0.5109370245459329,,658.58,
2026-05-22 00:00:00,1779408000000,658.58,661.42,656.14,659.61,19957.927,654.070773428473,653.3924580381799,,0.9667075896547884,0.7403005737633246,,659.61,
2026-05-22 04:00:00,1779422400000,659.62,660.59,655.48,659.49,19045.979,659.49,659.49,,0.0,0.0,,659.49,
2026-05-22 08:00:00,1779436800000,659.49,661.1,654.79,657.94,19420.351,659.342380952381,659.4292156862745,,-0.1236467236467433,-0.0989173789173946,,657.94,
2026-05-22 12:00:00,1779451200000,657.95,664.2,656.45,658.51,27640.76,659.2631065759637,659.393168012303,,-0.1736417723881231,-0.1191299421270196,,658.51,
2026-05-22 16:00:00,1779465600000,658.51,661.58,648.31,652.48,26896.901,658.6170964258719,659.1220633843697,,-0.6918584997794142,-0.5098773356146484,,652.48,
2026-05-22 20:00:00,1779480000000,652.48,654.03,648.7,650.44,10945.702,657.8383253376936,658.7815903104728,,-1.2527193716696274,-0.8565905660038894,,650.44,
2026-05-23 00:00:00,1779494400000,650.45,653.0,648.07,652.34,12861.485,657.3146753055323,658.5289789257484,,-1.5262973268922906,-0.904134816981242,,652.34,
2026-05-23 04:00:00,1779508800000,652.33,652.78,635.29,636.76,29959.118,636.76,636.76,,0.0,0.0,,636.76,
2026-05-23 08:00:00,1779523200000,636.76,641.27,635.64,640.22,19254.322,637.0895238095238,636.8956862745098,,0.2760113960113131,0.2208091168090504,,640.22,
2026-05-23 12:00:00,1779537600000,640.23,648.8,639.28,647.49,16104.113,638.080045351474,637.3111495578623,,1.0690572316782436,0.8110839619807848,,647.49,
2026-05-23 16:00:00,1779552000000,647.49,653.17,646.27,652.34,10922.064,639.4381362703813,637.9005162418678,,2.065101037608997,1.4457022143292306,,652.34,
2026-05-23 20:00:00,1779566400000,652.34,663.93,651.73,656.26,23908.536,641.040218530345,638.6204959970887,,3.1346498765847173,2.012200842643961,,656.26,
2026-05-24 00:00:00,1779580800000,656.26,658.91,655.47,657.14,10230.955,642.5735310512645,639.3467510560264,,4.007092415650277,2.307714705367616,,657.14,
2026-05-24 04:00:00,1779595200000,657.14,658.05,654.01,656.64,11489.947,656.64,656.64,,0.0,0.0,,656.64,
2026-05-24 08:00:00,1779609600000,656.64,662.6,656.22,661.27,17094.839,657.0809523809523,656.8215686274509,,0.3693447293446752,0.2954757834757401,,661.27,
2026-05-24 12:00:00,1779624000000,661.27,661.31,652.07,655.51,17644.883,656.9313378684808,656.7701345636293,,0.1950211443088392,0.0969217587519233,,655.51,
2026-05-24 16:00:00,1779638400000,655.54,657.71,655.0,656.16,6343.873,656.8578771191017,656.7462077179969,,0.1080722256135686,0.0079782720453222,,656.16,
2026-05-24 20:00:00,1779652800000,656.16,657.65,649.68,656.57,10863.68,656.8304602506158,656.7392976114088,,0.0714248138081075,-0.0229353118081111,,656.57,
2026-05-25 00:00:00,1779667200000,656.58,659.98,655.76,657.07,8956.671,656.853273560081,656.75226633253,,0.0817845360254523,-0.010060471672613,,657.07,
2026-05-25 04:00:00,1779681600000,657.08,661.98,656.4,661.92,13397.803,661.92,661.92,,0.0,0.0,,661.92,
2026-05-25 08:00:00,1779696000000,661.92,663.38,660.86,662.25,14597.301,661.9514285714286,661.9329411764706,,0.0263247863248352,0.0210598290598682,,662.25,
2026-05-25 12:00:00,1779710400000,662.25,673.07,662.13,667.78,43130.126,662.5065306122449,662.1622376009227,,0.4877892224901643,0.3860194121801578,,667.78,
2026-05-25 16:00:00,1779724800000,667.78,668.25,660.87,662.37,20332.903,662.493527696793,662.1703851459846,,0.4122096300557132,0.2483518557965653,,662.37,
2026-05-25 20:00:00,1779739200000,662.37,663.29,660.38,663.15,13829.949,662.556048868527,662.2088014147695,,0.4105195262387724,0.1973294015836996,,663.15,
2026-05-26 00:00:00,1779753600000,663.15,663.75,656.04,658.05,28996.126,662.1269013572387,662.0457111632098,,-0.0023205212102084,-0.1724085166922249,,658.05,
2026-05-26 04:00:00,1779768000000,658.06,659.82,655.34,657.73,20163.733,657.73,657.73,,0.0,0.0,,657.73,
2026-05-26 08:00:00,1779782400000,657.73,664.6,656.3,662.48,16752.202,658.182380952381,657.916274509804,,0.3789173789173219,0.3031339031338575,,662.48,
2026-05-26 12:00:00,1779796800000,662.48,668.01,657.28,660.28,33101.37,658.3821541950114,658.0089696270666,,0.4959732469702658,0.3361518169494411,,660.28,
2026-05-26 16:00:00,1779811200000,660.29,661.05,653.45,657.2,15961.219,658.2695680812008,657.9772453279659,,0.3363335624310366,0.1412097059281695,,657.2,
2026-05-26 20:00:00,1779825600000,657.21,657.85,655.14,656.43,7358.632,658.0943711210864,657.9165690405947,,0.1460023729779322,-0.0392971868199478,,656.43,
2026-05-27 00:00:00,1779840000000,656.43,659.11,654.0,654.38,11603.96,657.7406214905068,657.7778800586105,,-0.1683141130376952,-0.2828909382684603,,654.38,
2026-05-27 04:00:00,1779854400000,654.39,654.71,650.75,653.5,22097.632,653.5,653.5,,0.0,0.0,,653.5,
2026-05-27 08:00:00,1779868800000,653.47,655.77,652.31,653.84,14860.91,653.532380952381,653.5133333333333,,0.0271225071224989,0.0216980056979991,,653.84,
2026-05-27 12:00:00,1779883200000,653.85,658.27,650.14,657.66,22805.928,653.9254875283448,653.6759477124183,,0.3527925909693294,0.2778944716358637,,657.66,
2026-05-27 16:00:00,1779897600000,657.67,659.9,650.27,653.39,11901.799,653.8744887161215,653.6647340766372,,0.2633000060519634,0.1507215093747982,,653.39,
2026-05-27 20:00:00,1779912000000,653.4,654.97,646.57,648.84,18467.365,653.3950136003004,653.4755288187299,,-0.1727787998640906,-0.2282858372330047,,648.84,
2026-05-28 00:00:00,1779926400000,648.83,649.38,636.76,637.81,27180.926,651.910726590748,652.8611943552503,,-1.3923530347000224,-1.158288057655149,,637.81,
2026-05-28 04:00:00,1779940800000,637.81,637.91,631.47,634.98,37611.48,634.98,634.98,,0.0,0.0,,634.98,
2026-05-28 08:00:00,1779955200000,634.99,635.36,631.35,632.9,22590.242,634.7819047619048,634.8984313725491,,-0.1659259259259897,-0.1327407407407918,,632.9,
2026-05-28 12:00:00,1779969600000,632.9,636.66,628.22,634.79,29623.064,634.7826757369616,634.894179161861,,-0.1432647462278282,-0.0880636488341042,,634.79,
2026-05-28 16:00:00,1779984000000,634.79,642.59,633.45,639.71,18517.018,635.2519447143937,635.0830348810038,,0.2686010184501128,0.2590416926750695,,639.71,
2026-05-28 20:00:00,1779998400000,639.72,642.53,637.56,638.24,9734.955,635.536521408261,635.2068374346899,,0.4709619335857269,0.3691220862485468,,638.24,
2026-05-29 00:00:00,1780012800000,638.23,639.47,633.79,635.61,10817.037,635.543519369379,635.2226477313686,,0.4143391527537687,0.2499994443332709,,635.61,
2026-05-29 04:00:00,1780027200000,635.6,639.49,634.56,637.04,18566.225,637.04,637.04,,0.0,0.0,,637.04,
2026-05-29 08:00:00,1780041600000,637.04,641.19,635.25,637.14,16834.76,637.0495238095237,637.0439215686274,,0.0079772079772055,0.0063817663817644,,637.14,
2026-05-29 12:00:00,1780056000000,637.14,643.04,630.86,639.74,34656.091,637.3057596371881,637.1496501345637,,0.2215436563014918,0.1759585717648406,,639.74,
2026-05-29 16:00:00,1780070400000,639.75,645.0,638.16,641.45,25151.916,637.7004491955512,637.3182913057573,,0.5227533391048382,0.3817346036545496,,641.45,
2026-05-29 20:00:00,1780084800000,641.46,643.87,641.36,643.1,9229.234,638.2146921293082,637.5450249800414,,0.8844104599437514,0.5947133795947702,,643.1,
2026-05-30 00:00:00,1780099200000,643.11,661.01,642.66,658.19,60112.76,640.1171024027075,638.3546318435692,,2.361441988123147,1.6573959262193323,,658.19,
2026-05-30 04:00:00,1780113600000,658.2,674.25,656.52,672.92,57378.158,672.92,672.92,,0.0,0.0,,672.92,
2026-05-30 08:00:00,1780128000000,672.93,677.34,669.5,673.82,40748.459,673.0057142857142,672.955294117647,,0.0717948717949639,0.0574358974359711,,673.82,
2026-05-30 12:00:00,1780142400000,673.82,695.0,671.11,694.53,82839.847,675.0556462585033,673.8013610149942,,1.7793060121266535,1.4119576302141286,,694.53,
2026-05-30 16:00:00,1780156800000,694.53,724.56,694.4,721.12,194021.804,679.4427275672173,675.656993916367,,5.217962250139976,3.880491094581961,,721.12,
2026-05-30 20:00:00,1780171200000,721.13,729.0,707.31,718.74,131279.938,683.185324941768,677.3465235667056,,7.662744633197349,5.060218782111466,,718.74,
2026-05-31 00:00:00,1780185600000,718.74,745.74,718.74,740.03,113699.45,688.5991035187425,679.8046991131093,,11.189195279373848,6.869335542630372,,740.03,
2026-05-31 04:00:00,1780200000000,740.02,742.28,716.67,719.71,84743.276,719.71,719.71,,0.0,0.0,,719.71,
2026-05-31 08:00:00,1780214400000,719.71,725.44,717.56,722.89,44018.579,720.0128571428572,719.834705882353,,0.2536752136752511,0.2029401709402009,,722.89,
2026-05-31 12:00:00,1780228800000,722.89,733.8,718.36,720.84,53174.303,720.0916326530613,719.8741291810842,,0.285999951299118,0.1882119268512542,,720.84,
2026-05-31 16:00:00,1780243200000,720.84,722.0,703.0,708.55,57418.865,718.9924295432459,719.4300456837867,,-0.6723325186684406,-0.6160964344930435,,708.55,
2026-05-31 20:00:00,1780257600000,708.55,714.83,706.26,710.55,27111.259,718.1883886343653,719.0818085981481,,-1.2559567328178218,-0.9597765189139398,,710.55,
2026-06-01 00:00:00,1780272000000,710.54,717.32,693.05,703.65,111698.751,716.8037801929972,718.4766396335149,,-2.2493266244413235,-1.562517128429953,,703.65,
2026-06-01 04:00:00,1780286400000,703.65,705.57,684.72,686.08,71195.399,686.08,686.08,,0.0,0.0,,686.08,
2026-06-01 08:00:00,1780300800000,686.08,729.57,685.25,697.14,169006.258,687.1333333333334,686.5137254901962,,0.8822792022791646,0.7058233618233316,,697.14,
2026-06-01 12:00:00,1780315200000,697.14,698.38,674.51,677.58,95175.973,686.2234920634921,686.1633833141101,,0.0031272473437411,-0.1386628744896734,,677.58,
2026-06-01 16:00:00,1780329600000,677.59,696.33,674.07,696.15,50083.583,687.1688737717309,686.5550153410077,,0.7956648638777324,0.5230997936354542,,696.15,
2026-06-01 20:00:00,1780344000000,696.14,701.73,688.42,693.1,36182.562,687.7337429363279,686.8116814060662,,1.1642266447646534,0.7133292596179002,,693.1,
2026-06-02 00:00:00,1780358400000,693.1,695.51,681.18,693.68,37983.098,688.300053132868,687.0810272332793,,1.4859861409607902,0.8280710046512295,,693.68,
2026-06-02 04:00:00,1780372800000,693.68,694.24,680.47,681.84,33244.698,681.84,681.84,,0.0,0.0,,681.84,
2026-06-02 08:00:00,1780387200000,681.84,685.57,675.58,678.13,37164.186,681.4866666666667,681.6945098039216,,-0.2959544159543839,-0.2367635327635071,,678.13,
2026-06-02 12:00:00,1780401600000,678.13,680.21,658.0,663.13,92326.056,679.7384126984127,680.9664898116109,,-1.7210360305516588,-1.3294761178886256,,663.13,
2026-06-02 16:00:00,1780416000000,663.14,671.5,652.36,660.31,50956.304,677.8880876795163,680.1564313876262,,-3.04289728380536,-2.121069896913861,,660.31,
2026-06-02 20:00:00,1780430400000,660.31,663.45,642.47,650.69,58462.998,675.2977936148005,679.0008850586996,,-4.8112740801288965,-3.1115573545899182,,650.69,
2026-06-03 00:00:00,1780444800000,650.7,657.51,630.35,633.99,76370.111,671.3637180324386,677.2357523112996,,-7.474118874055989,-4.619521718813608,,633.99,
2026-06-03 04:00:00,1780459200000,633.97,646.78,632.81,644.1,52117.066,644.1,644.1,,0.0,0.0,,644.1,
2026-06-03 08:00:00,1780473600000,644.1,646.06,637.04,637.38,27006.02,643.46,643.8364705882353,,-0.5360683760684424,-0.4288547008547539,,637.38,
2026-06-03 12:00:00,1780488000000,637.38,639.31,630.05,632.99,42293.227,642.4628571428572,643.4111188004615,,-1.300155355881884,-0.9543533445345564,,632.99,
2026-06-03 16:00:00,1780502400000,633.0,633.6,620.0,622.77,46595.81,640.5873469387756,642.6016631612277,,-2.699253071053363,-1.882760847764828,,622.77,
2026-06-03 20:00:00,1780516800000,622.77,630.0,616.21,620.63,56531.209,638.6866472303208,641.7400293117679,,-3.9353637815603406,-2.4950972466174446,,620.63,
2026-06-04 00:00:00,1780531200000,620.63,624.57,590.46,618.99,132041.733,636.8107760655283,640.8478712995417,,-4.989805349261701,-2.839631051455044,,618.99,
2026-06-04 04:00:00,1780545600000,618.99,621.36,599.22,600.2,114683.132,600.2,600.2,,0.0,0.0,,600.2,
2026-06-04 08:00:00,1780560000000,600.2,603.7,588.1,595.3,58774.044,599.7333333333333,600.007843137255,,-0.3908831908831871,-0.3127065527065497,,595.3,
2026-06-04 12:00:00,1780574400000,595.31,609.5,593.94,606.4,50585.263,600.368253968254,600.2585159554019,,0.1927938896599244,0.2167764222692494,,606.4,
2026-06-04 16:00:00,1780588800000,606.4,610.35,599.31,606.35,25343.14,600.9379440665156,600.497397682641,,0.6439050622831246,0.5343100759139597,,606.35,
2026-06-04 20:00:00,1780603200000,606.35,607.59,597.99,604.53,20004.453,601.2800446316093,600.6555389499885,,0.8448166070759271,0.5881772965654097,,604.53,
2026-06-05 00:00:00,1780617600000,604.5,608.0,591.4,595.76,42115.954,600.7543260952655,600.4635570303811,,0.2929972577588842,0.0290863577986934,,595.76,
2026-06-05 04:00:00,1780632000000,595.76,602.85,570.61,593.26,123442.609,593.26,593.26,,0.0,0.0,,593.26,
2026-06-05 08:00:00,1780646400000,593.26,597.0,585.6,590.11,39184.151,592.9599999999999,593.1364705882353,,-0.2512820512820326,-0.2010256410256261,,590.11,
2026-06-05 12:00:00,1780660800000,590.12,596.27,574.66,578.75,87171.076,591.6066666666666,592.5722952710496,,-1.3515026663743583,-1.0409970048943613,,578.75,
2026-06-05 16:00:00,1780675200000,578.75,583.0,556.46,567.33,177520.693,589.2946031746031,591.5824013388516,,-3.109094285989613,-2.2388708996076927,,567.33,
2026-06-05 20:00:00,1780689600000,567.28,579.4,563.19,572.22,65403.552,587.6684504913077,590.8230914824261,,-4.060608013198134,-2.552307701452971,,572.22,
2026-06-06 00:00:00,1780704000000,572.17,579.7,570.6,573.13,60477.621,586.2838361588022,590.1292447576251,,-4.687228648325231,-2.5431426692640544,,573.13,
2026-06-06 04:00:00,1780718400000,573.13,581.58,559.68,579.06,72844.762,579.06,579.06,,0.0,0.0,,579.06,
2026-06-06 08:00:00,1780732800000,579.06,584.43,571.05,574.06,38599.48,578.5838095238095,578.8639215686273,,-0.3988603988603927,-0.3190883190883141,,574.06,
2026-06-06 12:00:00,1780747200000,574.07,577.4,571.04,575.86,23850.117,578.3243990929706,578.7461207227989,,-0.563222701114455,-0.3867604970739012,,575.86,
2026-06-06 16:00:00,1780761600000,575.86,577.66,571.25,573.73,17426.36,577.8868372745925,578.5494101062186,,-0.8554926222409449,-0.5432243345603128,,573.73,
2026-06-06 20:00:00,1780776000000,573.74,576.86,570.93,574.53,12992.183,577.5671384865361,578.3917861804845,,-1.010912160192106,-0.5589150980091792,,574.53,
2026-06-07 00:00:00,1780790400000,574.54,581.64,573.6,581.1,35970.003,577.9036014878184,578.4979906439949,,-0.5970566738553771,-0.1160476893379601,,581.1,
2026-06-07 04:00:00,1780804800000,581.09,590.0,578.0,589.67,40069.656,589.67,589.67,,0.0,0.0,,589.67,
2026-06-07 08:00:00,1780819200000,589.67,599.0,587.45,593.38,35811.983,590.0233333333333,589.8154901960784,,0.2959544159542702,0.2367635327634161,,593.38,
2026-06-07 12:00:00,1780833600000,593.37,593.99,585.73,591.52,28623.872,590.165873015873,589.8823337178009,,0.3760787655943431,0.2535103059227913,,591.52,
2026-06-07 16:00:00,1780848000000,591.53,597.65,586.7,588.62,17718.224,590.0186470143614,589.8328304347499,,0.2032294239664906,0.064528771435951,,588.62,
2026-06-07 20:00:00,1780862400000,588.64,610.54,587.8,604.44,34650.624,591.3921092034699,590.4056606137793,,1.327484447774168,0.9510270361949028,,604.44,
2026-06-08 00:00:00,1780876800000,604.44,608.39,599.0,603.35,18647.702,592.5309559459965,590.9132817661801,,2.1062314385319496,1.3838192215621472,,603.35,
2026-06-08 04:00:00,1780891200000,603.36,603.7,591.55,596.39,24931.837,596.39,596.39,,0.0,0.0,,596.39,
2026-06-08 08:00:00,1780905600000,596.4,604.39,593.43,602.29,22250.794,596.9519047619048,596.6213725490196,,0.4706552706552429,0.3765242165241943,,602.29,
2026-06-08 12:00:00,1780920000000,602.29,606.28,597.86,604.2,29961.76,597.6421995464852,596.9185736255287,,0.9864033571154778,0.7138178423875433,,604.2,
2026-06-08 16:00:00,1780934400000,604.21,609.98,602.38,607.66,15682.805,598.5962757801533,597.3398060323707,,1.6552498253438443,1.1061314484927278,,607.66,
2026-06-08 20:00:00,1780948800000,607.67,610.44,601.09,601.86,10000.608,598.9071066582339,597.5170685409053,,1.6977335275131509,0.9188921205296274,,601.86,
2026-06-09 00:00:00,1780963200000,601.86,602.92,593.1,599.14,22077.226,598.9292869764973,597.5807129118501,,1.4946910317481752,0.5726796998117214,,599.14,
2026-06-09 04:00:00,1780977600000,599.14,605.68,596.5,604.23,19897.603,604.23,604.23,,0.0,0.0,,604.23,
2026-06-09 08:00:00,1780992000000,604.24,604.58,596.22,596.94,18689.713,603.5357142857142,603.9441176470589,,-0.5815384615384573,-0.4652307692307659,,596.94,
2026-06-09 12:00:00,1781006400000,596.93,599.68,584.63,586.91,38534.517,601.95231292517,603.2761130334487,,-1.8306465044927336,-1.3714710497480338,,586.91,
2026-06-09 16:00:00,1781020800000,586.91,596.97,583.84,596.76,23870.542,601.4578069322966,603.0205791889997,,-2.0026753529099324,-1.2347999185321858,,596.76,
2026-06-09 20:00:00,1781035200000,596.76,598.62,590.9,593.44,11567.124,600.694206272078,602.6448702011958,,-2.3794765834030613,-1.2892809192202517,,593.44,
2026-06-10 00:00:00,1781049600000,593.44,594.83,586.48,587.87,14257.248,599.4728532937849,602.0654635266391,,-3.0919051647478,-1.601367600451992,,587.87,
2026-06-10 04:00:00,1781064000000,587.88,589.46,583.58,588.63,20276.403,588.63,588.63,,0.0,0.0,,588.63,
2026-06-10 08:00:00,1781078400000,588.63,588.64,580.68,583.0,18632.505,588.0938095238096,588.4092156862745,,-0.4491168091168447,-0.3592934472934758,,583.0,
2026-06-10 12:00:00,1781092800000,583.01,598.52,582.4,596.9,30496.206,588.9324943310658,588.7421876201461,,0.3129610960950231,0.3222275663347136,,596.9,0.0
2026-06-10 16:00:00,1781107200000,596.9,597.16,587.05,588.06,16615.593,588.849399632869,588.715435164454,,0.2012789865476634,0.1684363654298831,,588.06,0.0
2026-06-10 20:00:00,1781121600000,588.05,589.22,582.1,586.53,14568.047,588.6285044297387,588.6297318246715,,-0.0105663014060155,-0.0347271380190366,,586.53,0.0
2026-06-11 00:00:00,1781136000000,586.51,597.75,586.51,596.43,16955.089,589.3715040078587,588.9356246942922,,0.6133220490736448,0.471328969968499,,596.43,0.0
2026-06-11 04:00:00,1781150400000,596.43,598.26,593.72,598.21,15849.425,598.21,598.21,,0.0,0.0,,598.21,
2026-06-11 08:00:00,1781164800000,598.21,603.77,598.15,600.63,26205.76,598.4404761904763,598.3049019607843,,0.1930484330484887,0.154438746438791,,600.63,
2026-06-11 12:00:00,1781179200000,600.64,602.99,597.2,598.48,19499.665,598.4442403628119,598.3117685505575,,0.1705872517269426,0.1055820520937959,,598.48,
2026-06-11 16:00:00,1781193600000,598.48,607.33,596.03,604.46,25300.89,599.0171698520679,598.552875666222,,0.6280824828655795,0.4504618265859462,,604.46,
2026-06-11 20:00:00,1781208000000,604.44,606.32,600.8,605.76,11995.1,599.659344151871,598.8355079930368,,1.0830649860896528,0.7243554638480156,,605.76,
2026-06-12 00:00:00,1781222400000,605.77,606.15,601.22,602.24,14102.351,599.9051208993119,598.9690174835059,,1.146392417549123,0.6301463162459886,,602.24,
2026-06-12 04:00:00,1781236800000,602.24,604.9,596.58,599.82,16773.899,599.82,599.82,,0.0,0.0,,599.82,
2026-06-12 08:00:00,1781251200000,599.83,608.68,599.78,606.65,18563.745,600.4704761904762,600.0878431372549,,0.5448433048433117,0.4358746438746493,,606.65,
2026-06-12 12:00:00,1781265600000,606.64,613.39,603.48,605.34,35491.909,600.9342403628118,600.2938100730489,,0.8610043749644092,0.6016285711965974,,605.34,
2026-06-12 16:00:00,1781280000000,605.34,609.47,602.74,603.45,12870.554,601.1738365187344,600.417582227047,,0.9481276706437712,0.5510014935007674,,603.45,
2026-06-12 20:00:00,1781294400000,603.46,604.61,602.11,603.83,7533.869,601.4268044693312,600.5514025318687,,1.0358951795589064,0.5110152019327222,,603.83,
2026-06-13 00:00:00,1781308800000,603.84,606.27,599.33,600.37,18441.865,601.3261564246329,600.5442887070895,,0.8168424280872841,0.2335699603688799,,600.37,
2026-06-13 04:00:00,1781323200000,600.37,604.0,599.48,603.27,13314.854,603.27,603.27,,0.0,0.0,,603.27,
2026-06-13 08:00:00,1781337600000,603.28,607.49,602.72,606.67,11740.27,603.5938095238096,603.4033333333333,,0.2712250712249897,0.2169800569799918,,606.67,
2026-06-13 12:00:00,1781352000000,606.67,611.08,606.16,610.37,16949.94,604.2391609977325,603.6765359477124,,0.7757891575554368,0.5772353146483511,,610.37,
2026-06-13 16:00:00,1781366400000,610.38,610.49,606.69,608.48,6493.412,604.6430504265198,603.8649070870179,,1.011492767557229,0.6503511397201146,,608.48,
2026-06-13 20:00:00,1781380800000,608.49,612.33,607.68,609.65,6550.812,605.1199027668513,604.0917734757622,,1.2779671882987031,0.733460448369271,,609.65,
2026-06-14 00:00:00,1781395200000,609.66,611.01,608.51,610.04,8456.312,605.5884834557226,604.3250372610264,,1.5032908263350464,0.7670272691244915,,610.04,
2026-06-14 04:00:00,1781409600000,610.04,612.1,608.0,610.31,12185.816,610.31,610.31,,0.0,0.0,,610.31,
2026-06-14 08:00:00,1781424000000,610.32,613.03,609.73,612.26,14418.801,610.4957142857143,610.3864705882353,,0.1555555555554519,0.1244444444443615,,612.26,
2026-06-14 12:00:00,1781438400000,612.26,612.5,605.34,608.15,31305.255,610.2723129251701,610.2987658592849,,-0.0522063944285946,-0.066654004431748,,608.15,
2026-06-14 16:00:00,1781452800000,608.16,608.76,602.88,603.28,17393.161,609.6063783608682,610.023520139313,,-0.602877934793014,-0.4938604358369339,,603.28,
2026-06-14 20:00:00,1781467200000,603.27,617.24,602.79,616.79,38268.266,610.2905328026902,610.2888722907126,,0.0502754502182369,0.1274343593394536,,616.79,
2026-06-15 00:00:00,1781481600000,616.79,618.3,612.66,617.83,16560.186,611.0085772976721,610.584602789116,,0.644395333629177,0.577243394200315,,617.83,
2026-06-15 04:00:00,1781496000000,617.84,619.0,615.49,615.58,18298.767,615.58,615.58,,0.0,0.0,,615.58,
2026-06-15 08:00:00,1781510400000,615.59,622.88,612.74,620.65,26092.281,616.0628571428572,615.7788235294119,,0.4044444444443797,0.3235555555555038,,620.65,
2026-06-15 12:00:00,1781524800000,620.65,632.9,619.34,629.07,69558.578,617.3016326530612,616.3000461361015,,1.3883887306108136,1.04599987337755,,629.07,
2026-06-15 16:00:00,1781539200000,629.07,629.68,618.69,620.91,25852.828,617.6452866861031,616.4808286405681,,1.4925229863753202,0.9201073033136452,,620.91,
2026-06-15 20:00:00,1781553600000,620.91,621.77,615.3,617.87,14175.002,617.6666879540933,616.5353059487811,,1.314593722528457,0.5937424315734257,,617.87,
2026-06-16 00:00:00,1781568000000,617.87,619.13,611.1,615.06,22140.718,617.4184319584652,616.4774508135348,,0.9360497839302298,0.1721587943801588,,615.06,
2026-06-16 04:00:00,1781582400000,615.07,619.21,611.8,615.77,34385.891,615.77,615.77,,0.0,0.0,,615.77,
2026-06-16 08:00:00,1781596800000,615.77,619.5,613.3,614.28,29635.779,615.6280952380952,615.711568627451,,-0.1188603988604199,-0.095088319088336,,614.28,
2026-06-16 12:00:00,1781611200000,614.29,617.94,601.33,606.47,74075.34,614.7558956916099,615.3491541714725,,-0.8336500515417811,-0.6479023774157576,,606.47,
2026-06-16 16:00:00,1781625600000,606.48,610.76,604.01,607.05,18479.793,614.0220008638375,615.0236971451402,,-1.3379023429413337,-0.9217237350522482,,607.05,
2026-06-16 20:00:00,1781640000000,607.06,608.93,604.56,604.94,13471.896,613.1570484006149,614.6282580414093,,-1.8860441399871208,-1.175892425678428,,604.94,
2026-06-17 00:00:00,1781654400000,604.94,608.4,603.1,604.77,16400.813,612.3582818862707,614.2416596868443,,-2.3075678369319803,-1.2779328980986302,,604.77,
2026-06-17 04:00:00,1781668800000,604.78,609.7,604.3,606.62,21872.108,606.62,606.62,,0.0,0.0,,606.62,
2026-06-17 08:00:00,1781683200000,606.63,606.69,600.9,604.07,22298.712,606.3771428571429,606.5200000000001,,-0.2034188034187991,-0.1627350427350393,,604.07,
2026-06-17 12:00:00,1781697600000,604.07,612.5,601.01,605.55,58015.475,606.2983673469388,606.4819607843139,,-0.2424116687362811,-0.161382326442017,,605.55,
2026-06-17 16:00:00,1781712000000,605.56,609.75,597.03,598.62,36748.91,605.567094266278,606.1736485966937,,-0.8230196211219436,-0.5935922230621435,,598.62,
2026-06-17 20:00:00,1781726400000,598.6,602.29,595.11,601.63,14048.171,605.1921329075849,605.9954662987842,,-1.028418790414321,-0.6391931138836167,,601.63,
2026-06-18 00:00:00,1781740800000,601.63,604.31,596.25,596.6,17644.621,604.373834535434,605.6270166400084,,-1.5788777544991035,-0.9517216623747192,,596.6,
2026-06-18 04:00:00,1781755200000,596.6,597.04,587.38,589.57,36450.086,589.57,589.57,,0.0,0.0,,589.57,
2026-06-18 08:00:00,1781769600000,589.56,592.8,588.49,589.64,13085.225,589.5766666666667,589.5727450980393,,0.0055840455841007,0.0044672364672806,,589.64,
2026-06-18 12:00:00,1781784000000,589.64,592.5,573.0,573.74,44152.816,588.0684126984128,588.9518531334103,,-1.2584806941501938,-1.0076780026136112,,573.74,
2026-06-18 16:00:00,1781798400000,573.75,579.83,573.48,578.88,27437.11,587.1933257747545,588.5568785007276,,-1.8244746561169904,-1.258937571664326,,578.88,
2026-06-18 20:00:00,1781812800000,578.88,581.12,576.94,578.48,12798.954,586.363485224778,588.1617067948168,,-2.279034316847401,-1.3707977859157894,,578.48,
2026-06-19 00:00:00,1781827200000,578.48,583.29,575.9,578.19,14688.521,585.5850580605135,587.7706594695298,,-2.632332805261853,-1.3792770194641937,,578.19,
2026-06-19 04:00:00,1781841600000,578.19,578.89,570.82,574.97,21351.895,574.97,574.97,,0.0,0.0,,574.97,
2026-06-19 08:00:00,1781856000000,574.97,575.28,571.0,573.28,17210.055,574.8090476190476,574.9037254901962,,-0.1348148148148311,-0.1078518518518649,,573.28,
2026-06-19 12:00:00,1781870400000,573.29,579.73,572.12,578.77,21356.003,575.1862811791384,575.0553440984238,,0.1990461116387223,0.1808072596813508,,578.77,
2026-06-19 16:00:00,1781884800000,578.77,582.0,577.2,579.93,9629.8,575.6380639239824,575.2465070749562,,0.550885343342884,0.42611719310841,,579.93,
2026-06-19 20:00:00,1781899200000,579.94,582.47,578.97,581.42,10106.917,576.1887245026508,575.4886048367226,,0.9391253642696712,0.6514857712281577,,581.42,
2026-06-20 00:00:00,1781913600000,581.41,582.75,580.12,580.6,15325.004,576.6088459785888,575.6890517058707,,1.1671866300752072,0.703637629626955,,580.6,
2026-06-20 04:00:00,1781928000000,580.6,589.43,580.24,587.69,24665.488,587.69,587.69,,0.0,0.0,,587.69,
2026-06-20 08:00:00,1781942400000,587.7,588.3,585.38,586.38,14244.61,587.5652380952381,587.6386274509805,,-0.1045014245014499,-0.0836011396011599,,586.38,
2026-06-20 12:00:00,1781956800000,586.37,589.0,582.0,587.2,18233.106,587.5304535147392,587.6214263744714,,-0.1197717550994639,-0.0790971761593391,,587.2,
2026-06-20 16:00:00,1781971200000,587.21,587.4,584.0,585.92,6243.845,587.3770769895259,587.554703771551,,-0.2324790311508877,-0.1534435617686103,,585.92,
2026-06-20 20:00:00,1781985600000,585.92,588.5,585.0,588.03,5828.117,587.4392601333806,587.5733428393332,,-0.1498140305512834,-0.0566228489352048,,588.03,
2026-06-21 00:00:00,1782000000000,588.03,591.0,587.0,590.36,10367.993,587.7174258349634,587.6826235123006,,0.1025282238280169,0.1565755243552764,,590.36,
2026-06-21 04:00:00,1782014400000,590.37,591.83,588.81,590.94,9427.15,590.94,590.94,,0.0,0.0,,590.94,
2026-06-21 08:00:00,1782028800000,590.94,591.78,587.51,588.45,10602.73,590.7028571428573,590.8423529411766,,-0.1986324786324758,-0.1589059829059806,,588.45,
2026-06-21 12:00:00,1782043200000,588.44,590.5,585.15,589.88,15171.087,590.6244897959185,590.8046136101501,,-0.2379185233886573,-0.1585536221297297,,589.88,
2026-06-21 16:00:00,1782057600000,589.88,592.56,588.58,591.85,6882.847,590.7412050534501,590.8456091548502,,-0.1088358687288746,-0.0235767739759576,,591.85,
2026-06-21 20:00:00,1782072000000,591.85,591.89,583.6,584.23,10909.445,590.1210902864549,590.5861735017188,,-0.6143256877991234,-0.4232532744369651,,584.23,
2026-06-22 00:00:00,1782086400000,584.23,596.31,584.07,590.05,22605.868,590.114319782983,590.5651470898868,,-0.5390903530216065,-0.2784143517275584,,590.05,
2026-06-22 04:00:00,1782100800000,590.05,595.03,589.31,593.96,14871.497,593.96,593.96,,0.0,0.0,,593.96,
2026-06-22 08:00:00,1782115200000,593.97,598.0,591.23,597.17,14406.134,594.2657142857144,594.0858823529412,,0.2560683760682423,0.2048547008545938,,597.17,
2026-06-22 12:00:00,1782129600000,597.17,602.31,595.5,596.25,30488.835,594.4546938775511,594.1707497116494,,0.3803832761096828,0.2633356807168274,,596.25,
2026-06-22 16:00:00,1782144000000,596.25,597.0,590.23,592.29,14208.175,594.2485325558796,594.0969948209965,,0.1575487017704517,0.0324008851020771,,592.29,
2026-06-22 20:00:00,1782158400000,592.29,593.15,587.88,590.15,8851.121,593.8581961219862,593.9422107103692,,-0.1895444684585072,-0.2517538281015055,,590.15,
2026-06-23 00:00:00,1782172800000,590.14,592.83,588.03,591.96,11648.442,593.67741553894,593.8644769570215,,-0.3149360466326243,-0.301716325020498,,591.96,
2026-06-23 04:00:00,1782187200000,591.97,592.31,577.46,580.88,20251.574,580.88,580.88,,0.0,0.0,,580.88,
2026-06-23 08:00:00,1782201600000,580.87,581.43,570.57,574.07,38951.074,580.2314285714285,580.6129411764706,,-0.5432478632478706,-0.4345982905982964,,574.07,
2026-06-23 12:00:00,1782216000000,574.07,577.02,571.21,574.67,19540.572,579.701768707483,580.3798846597463,,-0.9148153018237508,-0.6449325833393413,,574.67,
2026-06-23 16:00:00,1782230400000,574.67,577.25,572.7,576.2,11412.809,579.3682669258179,580.2159676142661,,-1.0734528642200305,-0.6428561165884966,,576.2,
2026-06-23 20:00:00,1782244800000,576.2,579.24,575.51,578.08,7050.411,579.2455748376448,580.1322041784125,,-1.035536961661819,-0.4839521712242283,,578.08,
2026-06-24 00:00:00,1782259200000,578.09,581.63,575.38,577.85,8595.401,579.1126629483452,580.0427059753375,,-1.012377357530454,-0.3686340536742905,,577.85,
2026-06-24 04:00:00,1782273600000,577.85,581.4,574.24,576.92,8601.196,576.92,576.92,,0.0,0.0,,576.92,
2026-06-24 08:00:00,1782288000000,576.93,582.21,573.84,579.79,13848.586,577.1933333333333,577.0325490196078,,0.2289458689459707,0.1831566951567765,,579.79,
2026-06-24 12:00:00,1782302400000,579.79,580.33,561.02,561.41,43424.318,575.6901587301586,576.4199000384467,,-1.0605004829504878,-0.8850317253917456,,561.41,
2026-06-24 16:00:00,1782316800000,561.4,563.79,546.6,555.57,63588.384,573.7739531368102,575.6022568996841,,-2.524533944032328,-1.8792521491788683,,555.57,
2026-06-24 20:00:00,1782331200000,555.57,566.26,554.67,564.67,22850.113,572.9069099809235,575.1735409428337,,-2.916873163466448,-1.817273094890391,,564.67,
2026-06-25 00:00:00,1782345600000,564.66,567.11,563.09,565.79,11715.364,572.2291090303594,574.8055589450755,,-3.1016759916445835,-1.6016607384548212,,565.79,
2026-06-25 04:00:00,1782360000000,565.78,572.72,563.79,570.47,20231.281,570.47,570.47,,0.0,0.0,,570.47,
2026-06-25 08:00:00,1782374400000,570.47,570.61,560.46,562.7,21541.017,569.7300000000001,570.1652941176471,,-0.6198290598291578,-0.4958632478633262,,562.7,
2026-06-25 12:00:00,1782388800000,562.71,568.58,540.6,554.04,76637.137,568.2357142857144,569.5329296424453,,-1.789212749896592,-1.3321975503446084,,554.04,
2026-06-25 16:00:00,1782403200000,554.04,560.24,552.46,554.27,15920.686,566.9056462585035,568.9343833819573,,-2.666659085420747,-1.7677151086950107,,554.27,
2026-06-25 20:00:00,1782417600000,554.28,563.0,554.27,560.62,10222.431,566.307013281503,568.6083291316845,,-2.817175056723954,-1.5345848639985742,,560.62,
2026-06-26 00:00:00,1782432000000,560.63,564.98,550.37,562.99,39254.645,565.9911072546931,568.3880024990694,,-2.713936287155548,-1.145076875544134,,562.99,
2026-06-26 04:00:00,1782446400000,562.99,570.34,559.04,569.48,30702.134,569.48,569.48,,0.0,0.0,,569.48,
2026-06-26 08:00:00,1782460800000,569.49,569.96,558.82,558.99,36766.367,568.4809523809524,569.0686274509803,,-0.8368091168090359,-0.6694472934472288,,558.99,
2026-06-26 12:00:00,1782475200000,558.99,567.2,551.92,565.28,50625.074,568.1760997732428,568.9200538254516,,-0.9811261272228649,-0.6510114430888461,,565.28,
2026-06-26 16:00:00,1782489600000,565.28,568.98,562.77,565.82,20166.201,567.9517093186482,568.7984830871987,,-1.0399371624220066,-0.5678579826303902,,565.82,
2026-06-26 20:00:00,1782504000000,565.85,568.68,564.46,567.64,8688.986,567.9220227168722,568.7530523778969,,-0.9289778633624336,-0.3655189468566538,,567.64,
2026-06-27 00:00:00,1782518400000,567.65,568.66,565.23,566.96,10668.188,567.8304015057415,568.6827365983715,,-0.8857023115252787,-0.257794716015599,,566.96,
2026-06-27 04:00:00,1782532800000,566.96,567.95,563.93,565.53,15786.083,565.53,565.53,,0.0,0.0,,565.53,
2026-06-27 08:00:00,1782547200000,565.53,565.72,562.53,563.16,13208.035,565.3042857142857,565.4370588235295,,-0.1890598290598291,-0.1512478632478632,,563.16,
2026-06-27 12:00:00,1782561600000,563.16,567.04,562.47,565.46,15042.781,565.3191156462585,565.4379584775087,,-0.151553315314004,-0.0909930796016305,,565.46,
2026-06-27 16:00:00,1782576000000,565.47,566.76,557.95,559.12,12143.073,564.7287236799482,565.1901953999593,,-0.6261957525181288,-0.4525084134446042,,559.12,
2026-06-27 20:00:00,1782590400000,559.11,563.28,554.53,557.2,14563.75,564.011702377096,564.8768544038825,,-1.1440928671080428,-0.7763244224276147,,557.2,
2026-06-28 00:00:00,1782604800000,557.19,558.85,556.46,558.74,5867.262,563.5096354840392,564.6361934468674,,-1.4139656165206134,-0.8369577374721481,,558.74,
2026-06-28 04:00:00,1782619200000,558.74,558.74,554.03,556.45,8767.078,556.45,556.45,,0.0,0.0,,556.45,
2026-06-28 08:00:00,1782633600000,556.46,558.89,554.35,557.29,14771.856,556.53,556.4829411764707,,0.0670085470085268,0.0536068376068215,,557.29,
2026-06-28 12:00:00,1782648000000,557.29,558.0,553.8,554.55,11020.552,556.3414285714285,556.4071395617071,,-0.0998310078653048,-0.0905861738136081,,554.55,
2026-06-28 16:00:00,1782662400000,554.56,554.84,547.23,548.45,17304.201,555.5898639455781,556.0950948730127,,-0.7160177701412067,-0.565418348871608,,548.45,
2026-06-28 20:00:00,1782676800000,548.44,555.28,545.62,551.07,19136.908,555.159400712666,555.898032328973,,-0.9816225808115178,-0.6648185276335352,,551.07,
2026-06-29 00:00:00,1782691200000,551.07,556.69,546.67,555.19,12917.628,555.1623149305073,555.8702663552879,,-0.8498699671678196,-0.4264527311918696,,555.19,
2026-06-29 04:00:00,1782705600000,555.2,555.53,548.37,553.6,14356.211,553.6,553.6,,0.0,0.0,,553.6,
2026-06-29 08:00:00,1782720000000,553.6,555.78,550.51,551.87,16456.672,553.4352380952381,553.5321568627451,,-0.1380056980055997,-0.1104045584044797,,551.87,
2026-06-29 12:00:00,1782734400000,551.86,558.42,546.17,551.97,26768.621,553.2956916099773,553.4708958093041,,-0.2365798978902376,-0.1671830066312941,,551.97,
2026-06-29 16:00:00,1782748800000,551.97,563.16,550.34,561.78,28961.634,554.1037209804557,553.7967430324686,,0.4714497734011047,0.4326773317280385,,561.78,
2026-06-29 20:00:00,1782763200000,561.78,562.21,559.28,559.52,6333.358,554.6195570775551,554.0211844821758,,0.840516327564842,0.6413951087134206,,559.52,
2026-06-30 00:00:00,1782777600000,559.51,560.4,553.76,553.77,13683.893,554.5386468796927,554.0113341103258,,0.6614030429061586,0.3698254592437898,,553.77,
2026-06-30 04:00:00,1782792000000,553.76,554.73,551.62,552.42,13039.724,552.42,552.42,,0.0,0.0,,552.42,
2026-06-30 08:00:00,1782806400000,552.42,553.06,547.0,547.7,23300.557,551.9704761904761,552.2349019607843,,-0.3765242165241034,-0.3012193732192827,,547.7,
2026-06-30 12:00:00,1782820800000,547.71,551.56,543.68,544.96,31849.999,551.3028117913832,551.9496116878124,,-0.8858064463761366,-0.6484012824570526,,544.96,
2026-06-30 16:00:00,1782835200000,544.96,548.66,544.86,547.4,12738.728,550.9311154302991,551.7711955431923,,-1.0800782054183171,-0.6741384331993867,,547.4,
2026-06-30 20:00:00,1782849600000,547.38,547.7,544.13,546.52,11702.619,550.511009198842,551.5652663062043,,-1.2901762707028863,-0.7073891987871648,,546.52,
2026-07-01 00:00:00,1782864000000,546.52,552.83,540.0,551.52,26274.241,550.607103560857,551.5634911569414,,-1.0412197546643256,-0.366746146198883,,551.52,
2026-07-01 04:00:00,1782878400000,551.52,552.65,545.08,546.89,15985.381,546.89,546.89,,0.0,0.0,,546.89,
2026-07-01 08:00:00,1782892800000,546.88,547.69,537.25,542.64,34363.088,546.4852380952381,546.7233333333334,,-0.3390313390314077,-0.2712250712251262,,542.64,
2026-07-01 12:00:00,1782907200000,542.64,555.68,541.32,554.36,44000.341,547.2352154195012,547.0228104575164,,0.3341381969302119,0.3215555717891948,,554.36,
2026-07-01 16:00:00,1782921600000,554.36,554.96,550.15,551.25,25310.103,547.6175758557392,547.1885825964373,,0.609651215738495,0.4776548724779823,,551.25,
2026-07-01 20:00:00,1782936000000,551.26,559.55,550.03,550.44,16140.018,547.8863781551927,547.316089161283,,0.7539460171894916,0.4975597391431831,,550.44,
2026-07-02 00:00:00,1782950400000,550.45,561.19,546.21,556.94,23289.301,548.7486278546982,547.693497429468,,1.3769240409225176,0.8964302103009673,,556.94,
2026-07-02 04:00:00,1782964800000,556.93,556.93,548.74,549.4,20760.498,549.4,549.4,,0.0,0.0,,549.4,
2026-07-02 08:00:00,1782979200000,549.4,561.73,549.25,559.93,35061.152,550.4028571428571,549.8129411764706,,0.8400000000000318,0.6720000000000255,,559.93,
2026-07-02 12:00:00,1782993600000,559.94,567.17,559.14,562.54,49231.818,551.558775510204,550.3120415224913,,1.6967521367521383,1.2230017094017058,,562.54,
2026-07-02 16:00:00,1783008000000,562.54,564.16,558.0,558.14,14749.848,552.1855587949465,550.6190202863152,,1.9976633306547456,1.2191303226434502,,558.14,
2026-07-02 20:00:00,1783022400000,558.14,559.6,556.16,558.96,9224.197,552.8307436716183,550.946117529989,,2.276067675385775,1.1980277338995835,,558.96,
2026-07-03 00:00:00,1783036800000,558.95,562.12,556.99,561.03,12219.006,553.6116252267022,551.341563901362,,2.63338084945849,1.2442727263778388,,561.03,
2026-07-03 04:00:00,1783051200000,561.03,563.97,560.04,561.69,12372.859,561.69,561.69,,0.0,0.0,,561.69,
2026-07-03 08:00:00,1783065600000,561.68,567.58,561.34,566.77,26349.251,562.1738095238096,561.8892156862746,,0.4052421652421571,0.3241937321937257,,566.77,
2026-07-03 12:00:00,1783080000000,566.78,568.45,563.23,565.65,24888.366,562.5048752834468,562.0366974240677,,0.6287767144747249,0.4381826251410348,,565.65,
2026-07-03 16:00:00,1783094400000,565.66,571.5,564.6,569.69,14527.066,563.1891728754995,562.3368269368494,,1.1190242762440905,0.74274414952832,,569.69,
2026-07-03 20:00:00,1783108800000,569.69,575.21,569.51,573.81,14302.443,564.2006802206901,562.7867552922671,,1.8190299240549168,1.154199837871317,,573.81,
2026-07-04 00:00:00,1783123200000,573.81,575.71,570.93,572.23,12691.296,564.9653773425291,563.1570786141391,,2.220697825626985,1.244694191554708,,572.23,
2026-07-04 04:00:00,1783137600000,572.23,573.36,568.7,569.7,19349.764,569.7,569.7,,0.0,0.0,,569.7,
2026-07-04 08:00:00,1783152000000,569.71,576.24,569.21,571.91,19981.257,569.9104761904762,569.7866666666666,,0.1762962962963001,0.1410370370370401,,571.91,
2026-07-04 12:00:00,1783166400000,571.91,578.23,571.9,576.74,18379.003,570.5609070294785,570.0593464052288,,0.6977102458583886,0.5299607892793028,,576.74,
2026-07-04 16:00:00,1783180800000,576.74,578.82,574.46,575.52,14055.018,571.0332015980996,570.2734896834552,,1.0009523972720444,0.6665623525543669,,575.52,
2026-07-04 20:00:00,1783195200000,575.52,578.27,572.57,575.37,12257.796,571.4462300173282,570.4733528331237,,1.2151626025416815,0.7046180462592033,,575.37,
2026-07-05 00:00:00,1783209600000,575.38,575.43,568.19,570.44,13791.617,571.3503985871064,570.4720448788836,,0.975866750800833,0.3722577556146836,,570.44,
2026-07-05 04:00:00,1783224000000,570.44,575.83,569.88,575.64,15559.302,575.64,575.64,,0.0,0.0,,575.64,
2026-07-05 08:00:00,1783238400000,575.65,579.0,572.48,577.05,26110.953,575.7742857142856,575.6952941176471,,0.1124786324786555,0.0899829059829244,,577.05,
2026-07-05 12:00:00,1783252800000,577.06,589.85,576.19,587.34,39665.879,576.875782312925,576.1519492502883,,1.0201758102613212,0.7981440670124721,,587.34,
2026-07-05 16:00:00,1783267200000,587.34,591.8,583.49,589.45,20577.935,578.0733268545513,576.6734414365516,,1.8880277209427727,1.3327967821551392,,589.45,
2026-07-05 20:00:00,1783281600000,589.44,593.47,585.84,589.87,17131.148,579.1968195350702,577.1909535370789,,2.57995696468538,1.6197808207181963,,589.87,
2026-07-06 00:00:00,1783296000000,589.88,593.1,582.67,585.41,21655.062,579.7885510079207,577.5132690846445,,2.736882076282086,1.421364745851922,,585.41,
2026-07-06 04:00:00,1783310400000,585.41,585.68,581.03,582.08,16865.242,582.08,582.08,,0.0,0.0,,582.08,
2026-07-06 08:00:00,1783324800000,582.07,582.9,576.1,577.81,19097.256,581.6733333333333,581.9125490196079,,-0.3406267806267351,-0.2725014245013881,,577.81,
2026-07-06 12:00:00,1783339200000,577.81,585.0,570.12,584.74,45128.136,581.9653968253969,582.0234294502116,,-0.0507973149567533,0.0138624329348749,,584.74,
2026-07-06 16:00:00,1783353600000,584.75,586.71,582.85,585.15,22209.494,582.2686923658352,582.1460400600073,,0.2095624922200158,0.2193777920893153,,585.15,
2026-07-06 20:00:00,1783368000000,585.15,592.1,583.55,586.01,15850.305,582.6250073786128,582.2975679007914,,0.4797639081879197,0.3916633664457753,,586.01,
2026-07-07 00:00:00,1783382400000,586.02,587.92,578.22,579.18,13612.041,582.2969114377926,582.1753103360545,,0.1411494744512538,0.0424391461672875,,579.18,
2026-07-07 04:00:00,1783396800000,579.18,580.79,576.39,578.33,14327.813,578.33,578.33,,0.0,0.0,,578.33,
2026-07-07 08:00:00,1783411200000,578.32,580.4,576.52,580.23,13786.319,578.5109523809524,578.4045098039217,,0.151566951566906,0.1212535612535248,,580.23,
2026-07-07 12:00:00,1783425600000,580.23,585.61,575.28,584.74,22126.992,579.1041950113379,578.6529603998463,,0.6283608087596804,0.4784379347570393,,584.74,
2026-07-07 16:00:00,1783440000000,584.73,587.16,580.01,583.29,17691.197,579.5028431054961,578.8348050900483,,0.8790869269731729,0.5833312423764254,,583.29,
2026-07-07 20:00:00,1783454400000,583.29,583.8,576.4,576.82,11524.127,579.247334238306,578.7557931257328,,0.5493813281151461,0.2029005148147188,,576.82,
2026-07-08 00:00:00,1783468800000,576.83,579.0,567.45,569.05,22550.581,578.2761595489436,578.3751737874688,,-0.3350248399715383,-0.5452045226175724,,569.05,
2026-07-08 04:00:00,1783483200000,569.06,570.31,565.23,567.94,15467.474,567.94,567.94,,0.0,0.0,,567.94,
2026-07-08 08:00:00,1783497600000,567.94,568.78,560.4,566.13,24124.948,567.7676190476191,567.8690196078433,,-0.1443874643874778,-0.1155099715099822,,566.13,
2026-07-08 12:00:00,1783512000000,566.14,567.38,560.94,562.36,17574.951,567.2526077097506,567.6529796232219,,-0.5566068457237634,-0.4221834822770142,,562.36,
2026-07-08 16:00:00,1783526400000,562.36,567.87,561.64,566.94,12328.243,567.2228355469173,567.6250196379975,,-0.5078715251669337,-0.2987585293761476,,566.94,
2026-07-08 20:00:00,1783540800000,566.95,568.98,564.77,568.66,7370.791,567.3597083519728,567.665607103174,,-0.3266928948143004,-0.0940639192188114,,568.66,
2026-07-09 00:00:00,1783555200000,568.66,572.81,565.48,568.26,11207.018,567.4454504136897,567.6889166285397,,-0.2129296614061786,0.0157594513514482,,568.26,
2026-07-09 04:00:00,1783569600000,568.26,577.15,567.66,572.74,19793.437,572.74,572.74,,0.0,0.0,,572.74,
2026-07-09 08:00:00,1783584000000,572.74,573.52,568.93,569.77,24040.651,572.4571428571429,572.6235294117647,,-0.2369230769230625,-0.18953846153845,,569.77,
2026-07-09 12:00:00,1783598400000,569.77,573.0,568.07,571.03,15050.399,572.321224489796,572.5610380622837,,-0.3193337716414817,-0.2175593250054953,,571.03,
2026-07-09 16:00:00,1783612800000,571.02,573.67,569.3,570.26,9539.491,572.1249173955297,572.4708012755275,,-0.4416859253764187,-0.2719291829923458,,570.26,
2026-07-09 20:00:00,1783627200000,570.26,571.21,568.62,568.72,5990.613,571.8006395483363,572.3237110294283,,-0.6553614198938931,-0.3884837420078562,,568.72,
2026-07-10 00:00:00,1783641600000,568.73,576.69,568.02,575.52,17703.906,572.1548643532567,572.449055694941,,-0.2728523467106925,-0.0047797350597244,,575.52,
2026-07-10 04:00:00,1783656000000,575.52,578.14,573.86,574.0,20552.974,574.0,574.0,,0.0,0.0,,574.0,
2026-07-10 08:00:00,1783670400000,574.0,577.66,573.93,575.59,17829.918,574.1514285714286,574.0623529411765,,0.1268376068375118,0.1014700854700095,,575.59,
2026-07-10 12:00:00,1783684800000,575.6,577.0,569.63,573.86,16217.656,574.1236734693878,574.0544175317186,,0.0867606594100607,0.0491145104340466,,573.86,
2026-07-10 16:00:00,1783699200000,573.86,578.31,573.86,575.99,10097.023,574.3014188532557,574.1303227265532,,0.2242871460763353,0.149312797680257,,575.99,
2026-07-10 20:00:00,1783713600000,575.99,577.01,574.69,575.43,5104.897,574.4089027719931,574.1812904627668,,0.2848074744208588,0.1678665008198244,,575.43,
2026-07-11 00:00:00,1783728000000,575.44,576.07,573.06,574.91,14391.707,574.4566263175176,574.2098673073642,,0.2874965353811376,0.1364444494240825,,574.91,
2026-07-11 04:00:00,1783742400000,574.92,577.72,574.31,576.92,11419.022,576.92,576.92,,0.0,0.0,,576.92,
2026-07-11 08:00:00,1783756800000,576.92,579.84,576.61,579.39,10306.69,577.155238095238,577.016862745098,,0.1970370370370346,0.1576296296296277,,579.39,
2026-07-11 12:00:00,1783771200000,579.39,583.01,577.81,579.86,17065.043,577.4128344671201,577.1283583237216,,0.3866582251768022,0.2778006542155162,,579.86,
2026-07-11 16:00:00,1783785600000,579.87,581.52,579.23,580.56,5633.817,577.7125645178705,577.2629325071051,,0.5866559284181676,0.3822386859655052,,580.56,
2026-07-11 20:00:00,1783800000000,580.57,582.08,574.65,574.65,6900.06,577.4208917066447,577.16046456565,,0.2652107565596679,0.0486348112856044,,574.65,
2026-07-12 00:00:00,1783814400000,574.65,575.89,570.3,575.39,11376.94,577.2274734488691,577.0910345826833,,0.0693752429206142,-0.1177605618827594,,575.39,
2026-07-12 04:00:00,1783828800000,575.4,575.89,570.13,572.37,11993.436,572.37,572.37,,0.0,0.0,,572.37,
2026-07-12 08:00:00,1783843200000,572.37,580.53,572.26,580.17,17188.497,573.1128571428571,572.6758823529412,,0.6222222222222626,0.4977777777778101,,580.17,
2026-07-12 12:00:00,1783857600000,580.18,584.63,579.36,581.1,21416.126,573.873537414966,573.0062399077278,,1.1768154479266286,0.8418968027857409,,581.1,
2026-07-12 16:00:00,1783872000000,581.09,582.07,578.88,579.86,9564.179,574.4436767087788,573.2750148133072,,1.498997428772782,0.9312630269055152,,579.86,
2026-07-12 20:00:00,1783886400000,579.87,579.96,572.89,573.91,10176.874,574.3928503555618,573.2999161931775,,1.259692742213247,0.553566672276784,,573.91,
2026-07-13 00:00:00,1783900800000,573.91,579.89,566.67,569.04,21142.99,573.8830550836035,573.1328606561901,,0.6693578140857426,-0.0294146046805761,,569.04,
2026-07-13 04:00:00,1783915200000,569.05,570.58,566.28,570.11,10869.089,570.11,570.11,,0.0,0.0,,570.11,
2026-07-13 08:00:00,1783929600000,570.11,571.1,568.45,569.66,12387.053,570.0671428571429,570.0923529411765,,-0.0358974358974819,-0.0287179487179855,,569.66,
2026-07-13 12:00:00,1783944000000,569.67,571.78,565.61,568.72,13743.311,569.938843537415,570.0385351787774,,-0.1385988750092792,-0.1051355102638262,,568.72,
2026-07-13 16:00:00,1783958400000,568.72,568.88,562.37,566.29,12017.275,569.5913346290898,569.8915337992175,,-0.4113296449684185,-0.3022930241783724,,566.29,
2026-07-13 20:00:00,1783972800000,566.29,567.5,563.31,567.49,6565.405,569.3912075215575,569.7973560031699,,-0.5245935855920152,-0.3324455718415752,,567.49,
2026-07-14 00:00:00,1783987200000,567.5,570.57,566.74,569.98,11899.992,569.4472829956949,569.8045185128495,,-0.4087223870996013,-0.173259498679329,,569.98,
2026-07-14 04:00:00,1784001600000,569.99,571.68,568.93,570.15,13379.087,570.15,570.15,,0.0,0.0,,570.15,
2026-07-14 08:00:00,1784016000000,570.16,571.74,569.14,570.96,12323.019,570.2271428571429,570.1817647058823,,0.064615384615422,0.0516923076923376,,570.96,
2026-07-14 12:00:00,1784030400000,570.96,584.64,570.21,582.87,54190.616,571.431224489796,570.6793425605537,,1.0645890861276257,0.841332807363633,,582.87,
2026-07-14 16:00:00,1784044800000,582.87,583.41,579.1,580.64,19812.644,572.3082507288631,571.0699565777868,,1.6580204581257476,1.147811343489404,,580.64,
2026-07-14 20:00:00,1784059200000,580.65,582.91,579.27,581.87,11629.828,573.2188935165904,571.4934876923835,,2.2021844053249424,1.353580232550879,,581.87,
2026-07-15 00:00:00,1784073600000,581.88,583.17,579.2,580.71,14805.681,573.9323322292961,571.8549195475841,,2.5108919490813832,1.3298302210458557,,580.71,
2026-07-15 04:00:00,1784088000000,580.72,582.28,576.49,576.49,20642.743,576.49,576.49,,0.0,0.0,,576.49,
2026-07-15 08:00:00,1784102400000,576.5,579.1,575.8,579.01,18256.09,576.73,576.5888235294118,,0.2010256410255806,0.1608205128204645,,579.01,
2026-07-15 12:00:00,1784116800000,579.02,585.3,577.22,581.73,34690.705,577.2061904761905,576.7904382929644,,0.5732135291109444,0.4264067207246625,,581.73,
2026-07-15 16:00:00,1784131200000,581.74,581.91,576.63,579.48,14929.381,577.4227437641724,576.8959113010835,,0.6787941989315414,0.4255899124362076,,579.48,
2026-07-15 20:00:00,1784145600000,579.5,581.97,579.3,580.55,9571.257,577.720577691394,577.0392088971195,,0.8391346758686495,0.4687443114986526,,580.55,
2026-07-16 00:00:00,1784160000000,580.56,582.4,577.85,581.46,14733.76,578.0767131493566,577.2125732540951,,1.027787360923412,0.525917597242732,,581.46,
2026-07-16 04:00:00,1784174400000,581.47,585.87,578.88,579.86,14193.549,579.86,579.86,,0.0,0.0,,579.86,
2026-07-16 08:00:00,1784188800000,579.86,580.07,574.57,578.09,14502.903,579.6914285714287,579.7905882352941,,-0.1411965811964819,-0.1129572649571855,,578.09,
2026-07-16 12:00:00,1784203200000,578.09,581.21,575.66,579.48,15236.599,579.6712925170069,579.7784083044983,,-0.1393284145419784,-0.0888712786421456,,579.48,
2026-07-16 16:00:00,1784217600000,579.49,579.56,574.28,575.8,18136.93,579.3025979915776,579.6223922925573,,-0.4298382165700332,-0.3035048645361603,,575.8,
2026-07-16 20:00:00,1784232000000,575.81,577.0,571.69,572.45,9545.502,578.6499696114273,579.3411220065747,,-0.9197836373433574,-0.6347602282475877,,572.45,
2026-07-17 00:00:00,1784246400000,572.45,574.84,570.32,572.36,16940.226,578.0509248865295,579.0673525161209,,-1.3003416321106442,-0.8122545784118995,,572.36,
2026-07-17 04:00:00,1784260800000,572.37,572.74,566.0,566.0,20220.86,566.0,566.0,,0.0,0.0,,566.0,
2026-07-17 08:00:00,1784275200000,566.01,566.01,562.86,564.78,49072.511,565.8838095238095,565.9521568627451,,-0.0973219373220217,-0.0778575498576174,,564.78,
2026-07-17 12:00:00,1784289600000,564.78,565.13,555.59,562.97,35489.948,565.6063038548754,565.8352095347944,,-0.3168497008953181,-0.237908250744731,,562.97,
2026-07-17 16:00:00,1784304000000,562.97,568.05,562.19,568.05,16221.528,565.8390368210777,565.9220640628417,,-0.0799913994112557,-0.0008399594085349,,568.05,
2026-07-17 20:00:00,1784318400000,568.05,569.16,566.62,568.09,4720.118,566.0534142666893,566.0070811584166,,0.1096838100067998,0.1510682000076165,,568.09,
2026-07-18 00:00:00,1784332800000,568.09,569.21,566.25,568.39,11604.096,566.2759462412903,566.1005289561257,,0.2809714092944659,0.2578846394362261,,568.39,
2026-07-18 04:00:00,1784347200000,568.39,568.5,566.39,567.97,12143.315,566.4372846945007,566.1738415460816,,0.3784648684595595,0.2843024788810557,,567.97,
2026-07-18 08:00:00,1784361600000,567.97,570.51,567.69,569.76,14232.943,569.76,569.76,,0.0,0.0,,569.76,
2026-07-18 12:00:00,1784376000000,569.76,571.87,568.99,570.86,10393.635,569.864761904762,569.8031372549019,,0.087749287749375,0.0701994301995,,570.86,
2026-07-18 16:00:00,1784390400000,570.86,572.75,570.06,570.64,8489.266,569.9385941043084,569.8359554017685,,0.1379488802850801,0.096319218188164,,570.64,
2026-07-18 20:00:00,1784404800000,570.65,572.5,569.66,570.65,5676.288,570.0063470467552,569.8678787193462,,0.176504699163047,0.1079000296529047,,570.65,
2026-07-19 00:00:00,1784419200000,570.66,572.61,568.7,569.15,8270.469,569.9247901851594,569.8397266127052,,0.0850426803449408,0.0131504086678389,,569.15,
2026-07-19 04:00:00,1784433600000,569.15,569.68,567.31,569.04,8652.193,569.8405244532395,569.8083647847561,,0.0036403273637688,-0.0546015554506665,,569.04,
2026-07-19 08:00:00,1784448000000,569.05,570.0,567.13,568.01,14891.715,568.01,568.01,,0.0,0.0,,568.01,
2026-07-19 12:00:00,1784462400000,568.01,570.96,567.0,570.16,7415.512,568.2147619047619,568.0943137254902,,0.1715099715098631,0.1372079772078905,,570.16,
2026-07-19 16:00:00,1784476800000,570.16,570.47,566.33,568.15,8389.194,568.2085941043084,568.0964975009612,,0.1435874708807887,0.0874283812630528,,568.15,
2026-07-19 20:00:00,1784491200000,568.16,571.75,568.0,571.06,7478.12,568.4801565705648,568.2127132852372,,0.3522112955062084,0.236841764710778,,571.06,
2026-07-20 00:00:00,1784505600000,571.06,573.94,568.23,570.13,15186.277,568.6372845162252,568.2879009995416,,0.4374611718308188,0.2576733128283107,,570.13,
2026-07-20 04:00:00,1784520000000,570.13,570.23,562.97,566.69,16075.397,568.4518288480134,568.2252382152459,,0.2248511185600819,0.036050607646059,,566.69,
2026-07-20 08:00:00,1784534400000,566.7,571.43,564.35,571.01,18476.073,571.01,571.01,,0.0,0.0,,571.01,
2026-07-20 12:00:00,1784548800000,571.02,574.6,565.0,573.91,23531.308,571.2861904761905,571.1237254901961,,0.2313390313390755,0.1850712250712604,,573.91,
2026-07-20 16:00:00,1784563200000,573.92,575.91,571.05,571.3,22445.646,571.2875056689343,571.1306382160707,,0.2017460897233149,0.1243826267643999,,571.3,
2026-07-20 20:00:00,1784577600000,571.3,572.96,569.86,571.27,7032.106,571.285838462369,571.136103384068,,0.1738684734747266,0.0772040084126492,,571.27,
2026-07-21 00:00:00,1784592000000,571.28,575.37,570.75,575.25,10311.672,571.6633776564291,571.297432663124,,0.4675385066308308,0.2966992332550027,,575.25,
2026-07-21 04:00:00,1784606400000,575.25,576.96,573.76,576.85,20739.555,576.85,576.85,,0.0,0.0,,576.85,
2026-07-21 08:00:00,1784620800000,576.86,579.79,576.18,576.66,24503.798,576.8319047619048,576.8425490196079,,-0.0151566951567474,-0.0121253561253979,,576.66,
2026-07-21 12:00:00,1784635200000,576.67,578.0,574.48,575.17,25948.039,576.6736281179138,576.7769588619761,,-0.1457192717592761,-0.1141503461823413,,575.17,
2026-07-21 16:00:00,1784649600000,575.17,575.6,572.15,572.75,14654.279,576.2999492495411,576.6190389066046,,-0.4393997033222376,-0.3262646221962422,,572.75,
2026-07-21 20:00:00,1784664000000,572.74,574.16,571.81,573.95,6823.121,576.0761445591087,576.5143707141888,,-0.5687573097796985,-0.3644977829229625,,573.95,
2026-07-22 00:00:00,1784678400000,573.96,575.63,570.9,571.08,13688.749,575.600321267765,576.3012581371618,,-0.8925701660094774,-0.5506485113221931,,571.08,
2026-07-22 04:00:00,1784692800000,571.07,572.58,566.89,568.27,13256.402,568.27,568.27,,0.0,0.0,,568.27,
2026-07-22 08:00:00,1784707200000,568.27,571.77,568.18,570.97,12655.426,568.5271428571428,568.3758823529412,,0.2153846153846643,0.1723076923077315,,570.97,
2026-07-22 12:00:00,1784721600000,570.97,575.25,569.37,572.5,19315.587,568.9055102040817,568.5376124567474,,0.5037300021915598,0.3685224632917016,,572.5,
2026-07-22 16:00:00,1784736000000,572.5,575.5,568.98,570.16,19560.714,569.0249854227405,568.6012354976593,,0.537234450519577,0.321621529295775,,570.16,
2026-07-22 20:00:00,1784750400000,570.16,572.18,569.38,571.08,6407.118,569.2207010967653,568.6984419487316,,0.6307523578932432,0.332111549335553,,571.08,
2026-07-23 00:00:00,1784764800000,571.09,572.24,569.62,570.38,8551.467,569.331110516121,568.7643854017225,,0.6409928567427414,0.2738816385480409,,570.38,
2026-07-23 04:00:00,1784779200000,570.38,570.64,568.23,569.82,8979.926,569.82,569.82,,0.0,0.0,,569.82,
2026-07-23 08:00:00,1784793600000,569.83,571.51,568.91,569.99,14259.184,569.8361904761905,569.8266666666667,,0.0135612535611926,0.0108490028489541,,569.99,
2026-07-23 12:00:00,1784808000000,570.0,570.28,563.71,567.66,24307.846,569.6289342403629,569.7416993464053,,-0.1618373227490792,-0.1316396587690542,,567.66,
2026-07-23 16:00:00,1784822400000,567.66,567.79,565.01,566.64,7681.585,569.3442738365188,569.6200640779189,,-0.3787810811375038,-0.278866733725983,,566.64,
2026-07-23 20:00:00,1784836800000,566.64,568.8,566.14,567.41,6826.237,569.1600572806599,569.5333948983927,,-0.4830101672694127,-0.3064766558863135,,567.41,
2026-07-24 00:00:00,1784851200000,567.41,570.39,565.92,569.15,8917.355,569.1590994444066,569.5183598043382,,-0.420363324013465,-0.1950638501042926,,569.15,
2026-07-24 04:00:00,1784865600000,569.15,571.31,566.81,569.5,11368.31,569.5,569.5,,0.0,0.0,,569.5,
2026-07-24 08:00:00,1784880000000,569.51,569.63,565.18,566.98,12890.11,569.2600000000001,569.4011764705882,,-0.2010256410255806,-0.1608205128204645,,566.98,
2026-07-24 12:00:00,1784894400000,566.98,566.99,556.0,561.41,37916.611,568.512380952381,569.0877970011534,,-0.8005639564613602,-0.6082870626049952,,561.41,
2026-07-24 16:00:00,1784908800000,561.41,566.37,560.0,565.16,15191.12,568.1931065759637,568.9337657462062,,-0.962019172754708,-0.6157938231186744,,565.16,
2026-07-24 20:00:00,1784923200000,565.17,565.71,563.6,564.9,6205.367,567.8794773782529,568.7755788541981,,-1.098292984121258,-0.6016541075881795,,564.9,
2026-07-25 00:00:00,1784937600000,564.91,566.47,564.18,565.37,11198.128,567.640479532705,568.6420267422687,,-1.155051178392796,-0.5267298414877738,,565.37,
2026-07-25 04:00:00,1784952000000,565.37,566.15,563.9,564.81,7963.752,564.81,564.81,,0.0,0.0,,564.81,
2026-07-25 08:00:00,1784966400000,564.81,566.16,564.34,565.74,9334.435,564.8985714285714,564.8464705882352,,0.0741880341880687,0.0593504273504549,,565.74,
2026-07-25 12:00:00,1784980800000,565.75,569.33,564.98,567.38,12489.334,565.1348979591836,564.9458246828142,,0.2622933255412363,0.197964574962898,,567.38,
2026-07-25 16:00:00,1784995200000,567.39,569.1,566.51,568.7,7520.79,565.4744314868805,565.0930472442724,,0.5119793136323096,0.3581204504431771,,568.7,
2026-07-25 20:00:00,1785009600000,568.7,570.0,568.23,568.94,4890.836,565.8044856309871,565.2439081366538,,0.7209130158274775,0.4536433221106759,,568.94,
2026-07-26 00:00:00,1785024000000,568.94,570.84,568.94,570.43,9640.65,566.2450108089884,565.4472842881576,,0.9952523777658372,0.5823861472392284,,570.43,
2026-07-26 04:00:00,1785038400000,570.44,572.91,569.93,571.57,12044.563,571.57,571.57,,0.0,0.0,,571.57,
2026-07-26 08:00:00,1785052800000,571.56,572.45,570.44,570.65,9566.124,571.4823809523809,571.5339215686275,,-0.073390313390405,-0.058712250712324,,570.65,
2026-07-26 12:00:00,1785067200000,570.66,573.99,570.01,573.79,15149.496,571.7021541950113,571.6223952326029,,0.1204308406586278,0.1080871226693671,,573.79,
2026-07-26 16:00:00,1785081600000,573.8,574.75,572.2,573.59,10852.996,571.8819490335817,571.6995562038734,,0.254958173994396,0.1940915648041082,,573.59,
2026-07-26 20:00:00,1785096000000,573.59,576.57,572.8,575.32,8575.186,572.2093824589549,571.8415343919569,,0.4954572736279488,0.3476725315501288,,575.32,
2026-07-27 00:00:00,1785110400000,575.31,575.67,571.49,573.61,7659.771,572.342774605721,571.9108859844292,,0.5418260009918185,0.3152330071311988,,573.61,
2026-07-27 04:00:00,1785124800000,573.61,577.2,573.09,574.76,9740.404,574.76,574.76,,0.0,0.0,,574.76,
2026-07-27 08:00:00,1785139200000,574.76,575.15,571.68,572.9,19993.189,574.5828571428572,574.6870588235295,,-0.1483760683761374,-0.1187008547009099,,572.9,
2026-07-27 12:00:00,1785153600000,572.9,576.89,565.8,568.64,22025.231,574.0168707482993,574.4499192618224,,-0.6027632892590873,-0.4584704604670878,,568.64,
2026-07-27 16:00:00,1785168000000,568.64,576.11,568.06,575.62,12177.78,574.1695497246517,574.4958047809666,,-0.3950864590191258,-0.2006349041817011,,575.62,
2026-07-27 20:00:00,1785182400000,575.63,575.77,565.4,566.28,8842.465,573.4181640365896,574.1736163581837,,-0.9729455070189488,-0.6227951617452192,,566.28,
2026-07-28 00:00:00,1785196800000,566.28,567.21,562.03,566.57,13448.51,572.7659579378668,573.8754353245295,,-1.391462476169636,-0.8330497047167251,,566.57,
2026-07-28 04:00:00,1785211200000,566.58,566.85,564.6,565.83,12108.767,565.83,565.83,,0.0,0.0,,565.83,
2026-07-28 08:00:00,1785225600000,565.84,567.44,564.9,566.86,9263.797,565.9280952380952,565.8703921568629,,0.0821652421652743,0.0657321937322194,,566.86,
2026-07-28 12:00:00,1785240000000,566.86,575.66,563.19,573.3,30437.738,566.6301814058958,566.161749327182,,0.6593355573412509,0.5143220071265568,,573.3,
2026-07-28 16:00:00,1785254400000,573.3,573.97,567.05,570.93,12694.089,567.0396879386676,566.3487395496454,,0.914960897637684,0.6159578779383919,,570.93,
2026-07-28 20:00:00,1785268800000,570.93,572.07,568.29,571.29,7143.171,567.4444795635565,566.5425144692672,,1.1335282053041738,0.6676201484839053,,571.29,
2026-07-29 00:00:00,1785283200000,571.29,573.5,567.1,567.38,11991.057,567.4383386527415,566.5753570390999,,0.9799438656662004,0.4112286470767455,,567.38,
2026-07-29 04:00:00,1785297600000,567.39,572.13,566.01,571.9,9406.561,571.9,571.9,,0.0,0.0,,571.9,
2026-07-29 08:00:00,1785312000000,571.89,573.23,570.11,570.69,11733.066,571.7847619047618,571.8525490196079,,-0.0965242165242443,-0.0772193732193955,,570.69,
2026-07-29 12:00:00,1785326400000,570.7,570.74,567.4,568.57,11698.205,571.4785941043083,571.7238216070742,,-0.3401654207351612,-0.2566884619442499,,568.57,
2026-07-29 16:00:00,1785340800000,568.57,573.56,567.37,568.54,18677.295,571.198727999136,571.5989658577772,,-0.5295690374733795,-0.3568736629459745,,568.54,
2026-07-29 20:00:00,1785355200000,568.55,572.56,565.27,571.99,9972.98,571.2740872373136,571.6143005300212,,-0.3967135344906864,-0.1792145279706252,,571.99,
2026-07-30 00:00:00,1785369600000,571.99,577.51,571.05,573.42,14809.732,571.4784598813789,571.685112273942,,-0.17402943916818,0.034775653881505,,573.42,
2026-07-30 04:00:00,1785384000000,573.42,576.1,571.56,574.72,11461.177,574.72,574.72,,0.0,0.0,,574.72,
2026-07-30 08:00:00,1785398400000,574.72,591.25,574.41,589.0,48181.611,576.08,575.2800000000001,,1.139145299145298,0.9113162393162384,,589.0,
2026-07-30 12:00:00,1785412800000,589.0,591.0,585.52,590.99,29338.501,577.5000000000001,575.8960784313726,,2.177402780821581,1.5596589767940168,,590.99,
2026-07-30 16:00:00,1785427200000,591.0,596.0,591.0,594.62,23174.893,579.1304761904763,576.6303498654365,,3.255611317396188,2.110294010694899,,594.62,
2026-07-30 20:00:00,1785441600000,594.62,595.18,590.78,591.99,16231.865,580.3551927437643,577.2326890863999,,3.8534600418646505,2.166514188130689,,591.99,
2026-07-31 00:00:00,1785456000000,591.99,594.46,585.79,589.46,20096.783,581.2223172443581,577.7121914751685,,4.076122603293129,1.9113413996473343,,589.46,
2026-07-31 04:00:00,1785470400000,589.47,592.92,588.47,589.76,22479.308,589.76,589.76,,0.0,0.0,,589.76,
2026-07-31 08:00:00,1785484800000,589.77,593.92,588.15,592.02,23900.806,589.9752380952381,589.8486274509804,,0.1802849002849598,0.1442279202279678,,592.02,
2026-07-31 12:00:00,1785499200000,592.02,595.5,583.99,585.45,36291.235,589.5442630385487,589.6761322568244,,-0.2046233390962015,-0.1925442553225548,,585.45,
2026-07-31 16:00:00,1785513600000,585.45,590.04,585.23,588.17,9032.151,589.4133808444012,589.617068246753,,-0.2868776766273413,-0.2198388742829556,,588.17,
2026-07-31 20:00:00,1785528000000,588.17,589.0,586.41,587.01,6680.52,589.1844874306487,589.5148302762921,,-0.4405883094324281,-0.2988396056704339,,587.01,
2026-08-01 00:00:00,1785542400000,587.01,591.44,587.01,589.36,12958.81,589.201202913444,589.5087585007512,,-0.368531531038343,-0.181426261821079,,589.36,
2026-08-01 04:00:00,1785556800000,589.35,592.8,588.79,590.09,15164.359,590.09,590.09,,0.0,0.0,,590.09,
2026-08-01 08:00:00,1785571200000,590.09,590.5,579.64,580.33,22030.749,589.1604761904762,589.7072549019608,,-0.778575498575492,-0.6228603988603936,,580.33,
2026-08-01 12:00:00,1785585600000,580.34,580.53,576.36,576.47,22893.35,587.9518594104309,589.1881468665898,,-1.6876181199827442,-1.2255224162141167,,576.47,
2026-08-01 16:00:00,1785600000000,576.47,578.73,573.5,575.74,17810.931,586.7888251808661,588.6607685580962,,-2.438832502908894,-1.5813894393122134,,575.74,
2026-08-01 20:00:00,1785614400000,575.74,576.52,574.85,575.13,14388.103,585.6784608779265,588.1301501832688,,-3.048258785795042,-1.7526525777586888,,575.13,
2026-08-02 00:00:00,1785628800000,575.14,583.1,574.03,582.31,16555.619,585.3576550800286,587.9019089996112,,-2.9182279956256707,-1.2980974300714538,,582.31,
2026-08-02 04:00:00,1785643200000,582.32,586.15,582.32,585.49,20548.164,585.49,585.49,,0.0,0.0,,585.49,
2026-08-02 08:00:00,1785657600000,585.49,585.7,581.59,582.11,9150.759,585.1680952380952,585.3574509803922,,-0.2696296296296623,-0.2157037037037298,,582.11,
2026-08-02 12:00:00,1785672000000,582.11,587.5,581.2,586.24,13729.017,585.2701814058958,585.3920607458671,,-0.1483465231614218,-0.0755364777883914,,586.24,
2026-08-02 16:00:00,1785686400000,586.24,590.99,585.89,589.4,9126.209,585.6634974624772,585.5492348342644,,0.2004461844495608,0.2186049838580729,,589.4,
2026-08-02 20:00:00,1785700800000,589.41,590.86,587.69,588.46,8618.685,585.9298310374793,585.6633824878228,,0.3964467823275299,0.3316844653888336,,588.46,
2026-08-03 00:00:00,1785715200000,588.46,588.54,582.97,583.1,11106.481,585.6603233196241,585.5628576843787,,0.117912244684021,0.0425199421962597,,583.1,
2026-08-03 04:00:00,1785729600000,583.11,584.47,581.75,583.73,15739.694,583.73,583.73,,0.0,0.0,,583.73,
2026-08-03 08:00:00,1785744000000,583.74,587.8,581.03,585.76,15489.418,583.9233333333333,583.8096078431373,,0.1619373219373301,0.1295498575498641,,585.76,
2026-08-03 12:00:00,1785758400000,585.76,593.69,584.45,592.54,25186.273,584.7439682539682,584.1519761630143,,0.8278205534046492,0.6363464712137465,,592.54,
2026-08-03 16:00:00,1785772800000,592.54,594.32,591.19,591.45,12383.347,585.3826379440665,584.4381731762295,,1.2531385204698609,0.8493315506231666,,591.45,
2026-08-03 20:00:00,1785787200000,591.45,592.55,589.05,589.35,6932.643,585.7604819493935,584.6307938359853,,1.404562699561211,0.8006045837716134,,589.35,
2026-08-04 00:00:00,1785801600000,589.35,592.58,588.8,590.86,11449.474,586.2461503351655,584.8750764306525,,1.6276493048371776,0.818952951238064,,590.86,
2026-08-04 04:00:00,1785816000000,590.87,593.09,589.4,590.61,9187.028,590.61,590.61,,0.0,0.0,,590.61,
2026-08-04 08:00:00,1785830400000,590.62,592.13,588.0,591.77,11296.277,590.7204761904762,590.6554901960785,,0.0925356125356984,0.0740284900285587,,591.77,
2026-08-04 12:00:00,1785844800000,591.78,594.7,588.7,593.28,21348.054,590.9642403628118,590.7584121491735,,0.2844363276271906,0.2127433640960407,,593.28,
2026-08-04 16:00:00,1785859200000,593.28,594.96,592.11,593.78,12994.333,591.2324079473059,590.8769057903824,,0.4714304909881548,0.3197900219656039,,593.78,
2026-08-04 20:00:00,1785873600000,593.77,594.78,592.56,593.18,5940.074,591.4178929047054,590.9672232103674,,0.5647002145217357,0.3304477963993478,,593.18,
2026-08-05 00:00:00,1785888000000,593.19,605.5,592.36,598.81,44107.471,592.1219031042572,591.2747830844706,,1.08045626327862,0.6769630761249857,,598.81,
2026-08-05 04:00:00,1785902400000,598.82,602.9,598.0,600.11,12969.263,600.11,600.11,,0.0,0.0,,600.11,
2026-08-05 08:00:00,1785916800000,600.12,600.99,595.23,596.62,19247.146,599.777619047619,599.973137254902,,-0.2784045584045316,-0.2227236467236252,,596.62,
2026-08-05 12:00:00,1785931200000,596.62,603.71,596.42,599.88,24611.189,599.7873696145125,599.9694848135333,,-0.233298106346524,-0.1420937557324941,,599.88,
2026-08-05 16:00:00,1785945600000,599.88,602.52,597.19,599.73,16379.634,599.7819058417018,599.9600932522183,,-0.2072654375679121,-0.0928488695631058,,599.73,
2026-08-05 20:00:00,1785960000000,599.73,600.08,591.79,593.85,17295.553,599.2169624282063,599.7204817521313,,-0.6535673017718864,-0.431320587013664,,593.85,
2026-08-06 00:00:00,1785974400000,593.86,596.91,592.0,594.52,16136.545,598.7696326731391,599.5165412912634,,-0.9423386506293808,-0.5760735486969268,,594.52,
2026-08-06 04:00:00,1785988800000,594.53,598.32,594.07,595.35,12313.931,595.35,595.35,,0.0,0.0,,595.35,
2026-08-06 08:00:00,1786003200000,595.36,596.27,592.4,594.1,13724.073,595.2309523809523,595.3009803921568,,-0.0997150997151266,-0.0797720797721012,,594.1,
2026-08-06 12:00:00,1786017600000,594.1,594.6,591.14,592.5,17178.461,594.9708616780046,595.191138023837,,-0.3043384388114418,-0.2275163350947332,,592.5,
2026-08-06 16:00:00,1786032000000,592.51,593.83,589.95,590.6,12192.609,594.5545891372423,595.0110933954512,,-0.6127545769774088,-0.4287459786085601,,590.6,
2026-08-06 20:00:00,1786046400000,590.6,592.74,590.37,592.39,4098.679,594.3484377908383,594.9083054191591,,-0.7046161715293238,-0.41648605852838,,592.39,
2026-08-07 00:00:00,1786060800000,592.4,594.68,592.06,592.93,10797.829,594.2133484774251,594.8307248144862,,-0.725480769294677,-0.3498805250349865,,592.93,
2026-08-07 04:00:00,1786075200000,592.94,592.95,585.3,585.46,30082.049,585.46,585.46,,0.0,0.0,,585.46,
2026-08-07 08:00:00,1786089600000,585.46,591.9,585.32,591.45,17421.618,586.0304761904762,585.6949019607844,,0.4778347578347848,0.3822678062678278,,591.45,
2026-08-07 12:00:00,1786104000000,591.45,593.45,590.4,592.31,24197.208,586.6285260770975,585.9543175701654,,0.9153652973595854,0.6558386766341027,,592.31,
2026-08-07 16:00:00,1786118400000,592.32,594.4,591.05,593.38,7762.233,587.2715235935643,586.2455208027079,,1.3330844916043816,0.8588462967031192,,593.38,
2026-08-07 20:00:00,1786132800000,593.38,593.73,592.22,592.57,3240.812,587.7761403941772,586.4935395947587,,1.5805501339145849,0.8850495512106579,,592.57,
2026-08-08 00:00:00,1786147200000,592.57,593.78,590.65,593.43,11285.886,588.3146032137794,586.7655576498662,,1.825025493172916,0.9036199283751912,,593.43,
2026-08-08 04:00:00,1786161600000,593.42,595.15,592.67,594.52,10311.558,594.52,594.52,,0.0,0.0,,594.52,
2026-08-08 08:00:00,1786176000000,594.53,596.61,593.74,596.51,10628.558,594.7095238095237,594.5980392156863,,0.1587464387463342,0.1269971509970673,,596.51,
2026-08-08 12:00:00,1786190400000,596.51,612.0,595.42,605.14,53396.722,595.7029024943309,595.0114494425221,,0.9697444014252596,0.7503960909407942,,605.14,
2026-08-08 16:00:00,1786204800000,605.15,607.42,602.75,603.29,10137.729,596.4254832091566,595.3360984839918,,1.4465120998041812,0.9817310314557726,,603.29,
2026-08-08 20:00:00,1786219200000,603.28,603.29,599.04,600.66,8224.574,596.8287705225703,595.5448789356,,1.5937630076531375,0.9031855514437832,,600.66,
2026-08-09 00:00:00,1786233600000,600.66,604.41,600.21,600.44,10920.082,597.1726971394684,595.7368444675373,,1.673418129100014,0.7862725383125275,,600.44,
2026-08-09 04:00:00,1786248000000,600.44000000,603.76,600.35,603.14,14391.408,603.14,603.14,,0.0,0.0,,603.14,
2026-08-09 08:00:00,1786262400000,603.14000000,604.71,601.0,603.92,10867.116,603.2142857142857,603.1705882352941,,0.06222222222220353,0.04977777777776282,,603.92,
2026-08-09 12:00:00,1786276800000,603.92000000,611.55,603.14,608.53,24416.976,603.720544217687,603.3807612456748,,0.4780120291230787,0.3724540677429104,,608.53,
2026-08-09 16:00:00,1786291200000,608.54000000,609.3,607.17,607.63,10372.365,604.0928733398121,603.5473980595699,,0.7265309715197645,0.49677840811167695,,607.63,
2026-08-09 20:00:00,1786305600000,607.63000000,611.12,601.86,602.23,13461.842,603.9154568312586,603.4957353905672,,0.482190758622437,0.2019505561714795,,602.23,
2026-08-10 00:00:00,1786320000000,602.22000000,606.84,601.33,602.59,15403.913,603.7892228473291,603.4602163556431,,0.3139790162256304,0.02699105101973831,,602.59,
2026-08-10 04:00:00,1786334400000,602.59000000,604.9,601.0,604.04,11174.733,603.8131063856788,603.4829529691474,,0.29428059678400587,0.005834105262491007,,604.04,
2026-08-10 08:00:00,1786348800000,604.04000000,606.66,603.59,605.18,13766.993,603.9432867298998,603.5495038331024,,0.36643390808433196,0.06238993325025366,,605.18,
2026-08-10 12:00:00,1786363200000,605.19000000,605.63,599.64,601.11,28031.787,603.6734498984807,603.4538370161181,,0.09411603052092232,-0.16794235545052477,,601.11,
2026-08-10 16:00:00,1786377600000,601.11000000,602.5,597.32,600.69,14116.672,603.3893118129112,603.3454512507801,,-0.15381525281816266,-0.3326989110316878,,600.69,
2026-08-10 20:00:00,1786392000000,600.68000000,601.54,598.29,599.23,5735.642,602.9931868783482,603.1840610056515,,-0.46277776537363025,-0.5133291388697243,,601.3225,
2026-08-11 00:00:00,1786406400000,599.24000000,601.0,599.05,600.38,9225.753,602.7443119375531,603.0740978289593,,-0.6078306995367484,-0.5267056584262739,,601.3225,
2026-08-11 04:00:00,1786420800000,600.38000000,602.5,598.46,602.5,19060.664,602.7210441339766,603.051584188608,,-0.5454325060801466,-0.3714459719757377,,602.7175,
2026-08-11 08:00:00,1786435200000,602.50000000,608.54,602.33,608.43,30562.96,603.2647542164551,603.2625024557215,58.87881839543473,-0.017280844470633383,0.1253645517070204,,608.2975,
2026-08-11 12:00:00,1786449600000,608.44000000,614.98,605.48,608.49,42982.042,603.7623966720308,603.4675023594186,58.961474036851016,0.4014964498895779,0.43531347685378535,,608.2975,
2026-08-11 16:00:00,1786464000000,608.49000000,611.84,607.83,611.71,20166.691,604.5193112746946,603.7907375610101,62.06255806751334,0.9818889574380592,0.8125647875218133,,608.278,
2026-08-11 20:00:00,1786478400000,611.71000000,617.73,611.28,616.69,20488.87,605.6784244866284,604.2965909899901,62.49234537660765,1.822687771529445,1.3226908812905593,,608.3965000000001,
2026-08-12 00:00:00,1786492800000,616.69000000,620.55,612.9,613.28,27072.18,606.4023840593304,604.6488815394023,58.03241398919532,2.1886391185066714,1.3509137826142286,,608.3965000000001,
2026-08-12 04:00:00,1786507200000,613.28000000,615.81,609.02,612.29,23990.394,606.9631093870132,604.9485332437395,66.35240572171642,2.3714370214829614,1.226969348472415,,608.3965000000001,
2026-08-12 08:00:00,1786521600000,612.29000000,614.88,610.0,614.87,15175.379,607.7161465882501,605.337610371436,68.61734384475434,2.693441794225464,1.239179296971934,0.8192625158726461,608.3965000000001,
2026-08-12 12:00:00,1786536000000,614.87000000,615.71,608.83,610.91,24271.851,608.0203231036548,605.5561354549092,59.678782755705804,2.5991328065538255,0.9158962474402363,1.2763076835674454,608.3965000000001,
2026-08-12 16:00:00,1786550400000,610.91000000,611.72,609.1,609.79,8769.793,608.1888637604496,605.7221693586382,56.49844939385395,2.4062795221210536,0.5784343704059713,0.4637065942273247,608.3965000000001,
2026-08-12 20:00:00,1786564800000,609.78000000,612.27,608.93,610.44,6266.864,608.4032576880259,605.9071823249662,64.55538221528855,2.279613507000022,0.36141468422795153,0.34806495180687064,608.3965000000001,
2026-08-13 00:00:00,1786579200000,610.44000000,612.48,609.79,612.34,8801.708,608.7781855272615,606.1594496847715,67.37250223680266,2.3059622016259027,0.31021070308306586,0.4909931248613092,608.3965000000001,
2026-08-13 04:00:00,1786593600000,612.35000000,614.99,610.83,613.71,11153.623,609.2478821437128,606.4555496971335,71.65071770334913,2.409614743550719,0.33109059600630575,0.6262236590331948,608.3965000000001,
2026-08-13 08:00:00,1786608000000,613.70000000,614.4,607.77,608.93,15918.805,609.2176076538354,606.5525869639126,61.532236309684194,2.0820534616565283,0.0028234512896916364,0.8924762762054097,608.3965000000001,
2026-08-13 12:00:00,1786622400000,608.93000000,611.64,606.62,607.6,16518.067,609.0635497820416,606.5936619849357,57.02866593164275,1.695593158615111,-0.30690948140138063,0.9124069715851227,608.3965000000001,
2026-08-13 16:00:00,1786636800000,607.59000000,610.26,605.0,609.79,14731.964,609.1327355170853,606.7190085737617,52.08973570989552,1.5481887256497657,-0.3634511314933808,0.8115852054894332,608.3965000000001,
2026-08-13 20:00:00,1786651200000,609.79000000,611.8,609.54,610.71,5369.935,609.2829511821247,606.8755180414573,53.323353293413184,1.4884480590741305,-0.33855343845521313,0.3155260153952059,608.3965000000001,
2026-08-14 00:00:00,1786665600000,610.71000000,612.9,609.92,611.76,9196.934,609.518860593351,607.067066353557,50.08005123278892,1.5084410062404459,-0.2548483930311183,0.5483175781023317,608.3965000000001,
2026-08-14 04:00:00,1786680000000,611.76000000,612.65,607.46,607.47,9762.638,609.3237310130319,607.0828676730255,34.905042567125136,1.164692563066069,-0.4788774689643962,0.5751404143865667,608.3965000000001,
2026-08-14 08:00:00,1786694400000,607.47000000,609.0,603.43,604.92,13851.688,608.9043280594097,606.9980493329068,35.91644204851758,0.6786823290910888,-0.7719101623515012,0.8050661257979027,608.3965000000001,
2026-08-14 12:00:00,1786708800000,604.93000000,607.31,602.98,606.69,14924.122,608.6934396727993,606.9859689669105,40.80761654629045,0.43136738989016976,-0.8153800812419363,0.8779501906055227,608.3965000000001,
2026-08-14 16:00:00,1786723200000,606.70000000,607.47,605.04,606.41,9045.63,608.4759692277707,606.9633819486003,34.97869318181829,0.21035007410728213,-0.8291179176198591,0.568087254184899,608.3965000000001,
2026-08-14 20:00:00,1786737600000,606.42000000,608.39,606.3,607.96,6859.076,608.4268293013164,607.0024650094396,44.27184466019438,0.1584379312675992,-0.7048240483676337,0.4858800046520423,608.3965000000001,
2026-08-15 00:00:00,1786752000000,607.97000000,610.79,606.97,610.41,9495.151,608.615702701191,607.1360938325988,51.14475627769571,0.3114020594558724,-0.44148793614348847,0.6990346540164045,608.3965000000001,
2026-08-15 04:00:00,1786766400000,610.42000000,612.35,610.17,611.57,10472.152,608.8970643486967,607.3099725058303,52.04784342152951,0.5202326207490842,-0.18612589988022143,0.800476505923681,608.3965000000001,
2026-08-15 08:00:00,1786780800000,611.57000000,612.15,609.91,611.74,10907.541,609.1678201250114,607.4836990742291,48.839907192575374,0.6914789850585521,-0.011903628456602866,0.8886584410023955,608.3965000000001,
2026-08-15 12:00:00,1786795200000,611.74000000,612.85,608.77,611.65,13310.818,609.4042182083437,607.6470834242593,45.80960130187136,0.810586774930016,0.08576332913188878,1.13378245650509,608.3965000000001,
2026-08-15 16:00:00,1786809600000,611.65000000,612.0,610.06,611.41,8995.865,609.5952450456442,607.7946487801707,56.18762475049899,0.8755220886476991,0.12055891427965748,0.7869564128648221,608.3965000000001,
2026-08-15 20:00:00,1786824000000,611.41000000,611.67,607.5,607.76,7581.756,609.4204598032019,607.7932900044779,50.357781753130524,0.6252517835702065,-0.10376911263826816,0.7154823057522637,608.3965000000001,
2026-08-16 00:00:00,1786838400000,607.76000000,607.97,606.32,606.49,13035.553,609.1413683933731,607.7421805925376,42.30410447761215,0.3207351424573517,-0.32662860300089847,1.2058797069693237,608.3965000000001,
2026-08-16 04:00:00,1786852800000,606.49000000,606.59,604.36,605.63,12928.922,608.8069523559091,607.6593499810656,38.11973807296542,0.009894638537502942,-0.5099752855365979,1.1602628547427039,608.3965000000001,
2026-08-16 08:00:00,1786867200000,605.64000000,608.54,604.87,606.9,14100.957,608.6253378458224,607.6295715504356,38.7500000000001,-0.13244358691019897,-0.5218508087874398,1.2360521583343551,608.3965000000001,
2026-08-16 12:00:00,1786881600000,606.90000000,608.43,606.77,607.44,14158.619,608.5124485271726,607.6221373719872,49.91596638655471,-0.19937588790867267,-0.4710264878287309,1.2249731516753404,608.3965000000001,
2026-08-16 16:00:00,1786896000000,607.44000000,608.19,605.27,606.09,13428.078,608.2817391436324,607.5620535534779,53.51351351351367,-0.3572359426749472,-0.5031092340760044,1.1744222705552507,608.3965000000001,
2026-08-16 20:00:00,1786910400000,606.10000000,606.1,601.5,602.98,12717.759,607.7768116061436,607.3823651788317,39.68871595330743,-0.7249355759797709,-0.6966470939046625,1.1310950585302089,608.3965000000001,
2026-08-17 00:00:00,1786924800000,602.99000000,605.71,601.01,605.17,13287.002,607.5285438341299,607.2956057600541,46.884422110552755,-0.8300571054808188,-0.6414148987245682,1.189364932571603,608.3965000000001,
2026-08-17 04:00:00,1786939200000,605.17000000,607.41,604.83,605.07,13859.327,607.2943968023079,607.208327102797,42.16802168021681,-0.9109351459106847,-0.5778343513235473,1.1951838238001697,608.3965000000001,
2026-08-17 08:00:00,1786953600000,605.07000000,605.67,601.88,604.99,16477.672,607.0749304401834,607.1213338830796,33.146766169154404,-0.9703018710804372,-0.5097608611946398,1.3777298948998924,608.3965000000001,
2026-08-17 12:00:00,1786968000000,604.99000000,607.86,603.85,607.16,16110.064,607.0830323030231,607.1228502013902,37.09771796372117,-0.8326512783094131,-0.2976882147388926,1.3121736093108278,608.3965000000001,
2026-08-17 16:00:00,1786982400000,607.16000000,608.0,604.95,605.24,12482.764,606.907505417021,607.0490129385906,32.74946921443728,-0.8684788619981418,-0.26681263874209704,1.0224280378641182,608.3965000000001,
2026-08-17 20:00:00,1786996800000,605.25000000,606.5,604.37,605.8,6827.526,606.8020287106381,607.000032039038,34.8524080787155,-0.8419793465177463,-0.19225049860936116,0.57840235939484,608.3965000000001,
2026-08-18 00:00:00,1787011200000,605.81000000,606.0,602.17,603.62,10906.516,606.498978357244,606.8674817629973,31.670588235294005,-0.9855255455400993,-0.26863735810537137,0.9167330487784899,608.3965000000001,
2026-08-18 04:00:00,1787025600000,603.63000000,605.2,602.97,603.33,11020.48,606.1971708946494,606.7287569879777,37.61878144214643,-1.1098933590698152,-0.3144041373080698,0.9103902652425467,608.3965000000001,
2026-08-18 08:00:00,1787040000000,603.34000000,603.34,601.0,602.12,18880.33,605.8088689046828,606.5480214198218,37.74537296690956,-1.2912083883702508,-0.3965753332868043,1.5014793786724494,608.3965000000001,
2026-08-18 12:00:00,1787054400000,602.13000000,604.24,600.0,603.45,20475.215,605.5842147232844,606.4265303837503,44.043715846994616,-1.3124528314019699,-0.33425582105481877,1.5660253604570107,608.3965000000001,
2026-08-18 16:00:00,1787068800000,603.46000000,604.48,602.7,603.0,8210.619,605.3380990353526,606.2921566432111,38.84439359267735,-1.3500380465246735,-0.2974728289420179,0.6345248004409592,608.3965000000001,
2026-08-18 20:00:00,1787083200000,603.00000000,604.2,602.23,603.94,6379.732,605.2049467462714,606.1999152062224,40.212527964205755,-1.2891143484411032,-0.18923930468675798,0.5065998197858219,608.3965000000001,
2026-08-19 00:00:00,1787097600000,603.95000000,604.82,601.42,601.97,10577.783,604.8968565799598,606.0340361785275,38.864864864864785,-1.383842341698255,-0.22717383835512783,0.8347146824266473,608.3965000000001,
2026-08-19 04:00:00,1787112000000,601.97000000,602.6,601.39,601.8,10816.796,604.6019178580589,605.8679955440755,46.20822622107948,-1.455850400897475,-0.23934551804347826,0.842817809764197,608.3965000000001,
2026-08-19 08:00:00,1787126400000,601.81000000,603.5,601.68,602.8,12780.087,604.4303066334818,605.7476819933274,41.753653444676395,-1.4159040039635329,-0.15951929688762867,0.996784619334289,608.3965000000001,
2026-08-19 12:00:00,1787140800000,602.81000000,620.18,602.8,616.65,74551.621,605.5940869541025,606.175223875942,70.59032716927432,-0.26362800632057315,0.7942053606042649,4.688059602347937,608.3965000000001,
2026-08-19 16:00:00,1787155200000,616.66000000,620.3,613.92,616.58,48462.146,606.6403643870451,606.5832543121795,70.61543934542873,0.6365725958934263,1.3555247702546116,2.7503264548554305,616.2535,
2026-08-19 20:00:00,1787169600000,616.59000000,636.59,616.24,627.51,69701.935,608.627948731136,607.4039110058196,77.59696229997292,2.2065124113499905,2.340371668568941,3.4171513763781074,602.765,
2026-08-20 00:00:00,1787184000000,627.51000000,630.73,622.28,626.37,43279.137,610.3176678995993,608.1476792016699,79.27403712939869,3.3204366267493697,2.7634367071746557,1.9770987238639943,602.765,
2026-08-20 04:00:00,1787198400000,626.38000000,632.71,624.51,630.44,27617.122,612.2340804805899,609.021887860428,81.11111111111113,4.480001905176209,3.138401588481196,1.2200965614003116,607.8125,
2026-08-20 08:00:00,1787212800000,630.45000000,649.0,630.35,645.83,88651.018,615.4336918633909,610.4653432384505,89.96402196553673,6.565131375109786,4.1788248467318185,3.3575613923429426,607.385,
2026-08-20 12:00:00,1787227200000,645.82000000,652.63,638.21,652.56,52979.867,618.9695307335442,612.1161140918447,91.54430379746819,8.660829605113463,5.019618461388396,1.8681575362882488,608.563,
2026-08-20 16:00:00,1787241600000,652.57000000,654.59,645.92,650.48,32462.409,621.97052780654,613.62058020589,90.21956087824353,10.038133578989687,5.117537948211695,1.113302560438279,608.563,
2026-08-20 20:00:00,1787256000000,650.48000000,658.3,650.18,654.8,18421.815,625.0971442059171,615.2354594135021,90.68293455870702,11.347438588961154,5.141474366546531,0.6292840151349552,606.1765,
2026-08-21 00:00:00,1787270400000,654.80000000,666.64,653.24,661.07,50430.204,628.5231304720202,617.0328923776784,92.12244305817502,12.744102758152849,5.23051082859058,1.6178243991628036,606.96,
2026-08-21 04:00:00,1787284800000,661.08000000,673.73,658.59,669.6,57401.453,632.4352132842088,619.0943475785538,92.90381599581814,14.373579212554887,5.487989826394095,1.7032913276172197,608.0264999999999,
2026-08-21 08:00:00,1787299200000,669.60000000,686.15,668.0,674.44,115475.028,636.4356691619032,621.2647653205713,95.6417684846959,15.872529947911971,5.5895524494009425,2.966318160951208,608.6315,
2026-08-21 12:00:00,1787313600000,674.44000000,682.0,673.0,679.11,46403.967,640.4998911464838,623.5332058962352,96.07819763976653,17.23857363005311,5.564476905233665,1.140205042743935,605.221,
2026-08-21 16:00:00,1787328000000,679.11000000,682.11,672.53,672.96,31785.284,643.5913300849139,625.4715115473633,89.39802336028768,17.621786502043506,4.758151821779247,0.7688159913090731,605.221,
2026-08-21 20:00:00,1787342400000,672.96000000,692.0,671.77,687.0,53820.599,647.725489124446,627.8843934474668,89.4205984534351,18.84120642736889,4.782057397683703,1.251338282912491,605.8125,
2026-08-22 00:00:00,1787356800000,687.00000000,721.85,681.8,718.11,98908.077,654.4287758744988,631.4226525279582,92.20919597572137,22.063587207297587,6.403550542089921,2.0802911892202856,608.146,
2026-08-22 04:00:00,1787371200000,718.11000000,726.08,683.18,706.06,163519.149,659.3460353150227,634.3496073307833,82.35439492544693,23.375554061004664,6.172413916637595,2.951487992915872,608.146,
2026-08-22 08:00:00,1787385600000,706.07000000,710.0,684.15,694.17,61724.176,662.6626033802586,636.6955050825173,75.65460874829726,23.1885702106498,4.788344053026183,1.0649518260518542,608.146,
2026-08-22 12:00:00,1787400000000,694.18000000,698.1,688.33,688.45,43301.733,665.1185459154722,638.725093118497,71.67949772030798,22.321519385321608,3.1370345821583925,0.7267361757635319,608.146,
2026-08-22 16:00:00,1787414400000,688.46000000,699.71,688.36,698.6,16158.734,668.3072558282843,641.0731286824775,70.5250875145858,22.19751638102946,2.4104252622929963,0.2704265090877279,608.146,
2026-08-22 20:00:00,1787428800000,698.61000000,700.36,691.35,695.28,20852.25,670.8760886065429,643.1988883419882,67.06888285120668,21.582556575603576,1.436372365493689,0.36539428746542574,608.146,
2026-08-23 00:00:00,1787443200000,695.28000000,701.79,688.2,689.31,28989.775,672.6316992154436,645.0071672305377,65.04688832054558,20.37855608331165,0.1858974985614097,0.5168053368296814,608.146,
2026-08-23 04:00:00,1787457600000,689.32000000,690.37,676.98,683.95,45115.734,673.7096326234966,646.5343371430657,61.20550472822331,18.775438249369927,-1.1337762683042527,0.8223063066383587,608.146,
2026-08-23 08:00:00,1787472000000,683.95000000,695.6,683.53,695.16,26039.193,675.7525247545922,648.4412258825533,62.62499074142655,18.19971415440864,-1.3676002906124332,0.48218156723156275,608.146,
2026-08-23 12:00:00,1787486400000,695.16000000,700.0,690.0,695.09,25446.551,677.5941890636786,650.2705895734337,60.071118135124486,17.535660072550968,-1.6253234979760833,0.47215618376091467,608.146,
2026-08-23 16:00:00,1787500800000,695.10000000,700.3,695.1,698.87,20073.473,679.6204567718997,652.176448805848,59.73384333413021,17.117091660012306,-1.6351135284117966,0.39776646463272913,608.146,
2026-08-23 20:00:00,1787515200000,698.87000000,707.27,697.81,702.37,20917.777,681.7870799364807,654.1448233624815,59.35489060489062,16.873289152638677,-1.5031328286283419,0.42809584157892977,608.146,
2026-08-24 00:00:00,1787529600000,702.37000000,705.0,693.26,695.85,25961.582,683.1264056568159,655.7803204855214,59.17876333306602,15.96987363657513,-1.925238675753512,0.5348786847200078,608.146,
2026-08-24 04:00:00,1787544000000,695.85000000,703.5,694.57,698.77,18647.705,684.6162717847383,657.466190270403,55.18182618649292,15.31301106830233,-2.065680995221051,0.3841036914122766,608.146,
2026-08-24 08:00:00,1787558400000,698.78000000,707.0,692.94,703.75,27774.341,686.4385316147632,659.281241632348,41.78865507776758,15.021132861612045,-1.8860473615290694,0.5857609485370793,608.146,
2026-08-24 12:00:00,1787572800000,703.75000000,716.84,696.46,705.89,65274.539,688.2910524133572,661.1090360781383,49.89036501999229,14.791984604386357,-1.6921564950038075,1.3653052579996139,608.146,
2026-08-24 16:00:00,1787587200000,705.89000000,712.4,698.67,702.09,31186.493,689.6052378977994,662.716132702525,55.70276497695861,14.140748965769262,-1.8747137068967241,0.715367645605947,608.146,
2026-08-24 20:00:00,1787601600000,702.10000000,705.29,700.1,704.31,12367.551,691.0056914313423,664.3472647534064,62.026084319077945,13.64646749430824,-1.8951961426861992,0.2952159403260991,608.146,
2026-08-25 00:00:00,1787616000000,704.31000000,719.18,703.62,715.5,38695.041,693.3384827235953,666.3532543709199,62.61570618094958,13.996344204766956,-1.2362555457819884,0.9161034627995914,608.146,
2026-08-25 04:00:00,1787630400000,715.50000000,718.56,702.44,706.31,32856.968,694.5738653213482,667.9201855720604,57.57035003431711,13.37785622344802,-1.483794821680739,0.7976823398010097,608.146,
2026-08-25 08:00:00,1787644800000,706.31000000,708.76,696.61,696.78,41033.861,694.7839733859818,669.0519430006071,54.88810365135457,11.980603745509256,-2.3048378396956046,1.0714688293284462,608.146,
2026-08-25 12:00:00,1787659200000,696.78000000,700.42,690.5,700.07,33296.073,695.2874044920787,670.2683373927402,60.84207694377189,11.011809311277943,-2.618905819141535,1.0475181156670328,608.146,
2026-08-25 16:00:00,1787673600000,700.08000000,701.43,696.66,698.1,14059.325,695.5552707309283,671.3597751420446,52.258064516129075,9.970140631338495,-2.9284595992647873,0.4781687307159572,608.146,
2026-08-25 20:00:00,1787688000000,698.11000000,698.4,688.0,694.41,14492.244,695.4461973279828,672.2637055286311,49.505238649592506,8.746039635587294,-3.3220484760127906,0.5182842597892949,608.146,
2026-08-26 00:00:00,1787702400000,694.42000000,698.21,691.4,696.04,14991.78,695.502749963413,673.1961092333906,47.87441790596362,7.817344671558885,-3.4005947520329602,0.5372702132678677,608.146,
2026-08-26 04:00:00,1787716800000,696.04000000,700.19,692.6,698.67,16959.848,695.8043928240403,674.1950853418851,47.18417047184167,7.210448677843715,-3.205992596598504,0.6120701746043624,608.146,
2026-08-26 08:00:00,1787731200000,698.67000000,708.06,694.22,702.15,36242.517,696.4087363646079,675.2913565049485,55.027130545802706,6.930396845983182,-2.788835542767229,1.2910727755465055,608.146,
2026-08-26 12:00:00,1787745600000,702.15000000,703.96,692.1,697.0,35620.704,696.4650471870262,676.1426758576956,48.63615349052244,6.221177925340498,-2.7984435707279314,1.2907512079002066,608.146,
2026-08-26 16:00:00,1787760000000,697.01000000,702.0,694.8,699.53,15584.716,696.7569474549284,677.0598258240605,46.62075592568864,5.796448823123683,-2.578538138355798,0.5756307562173931,608.146,
2026-08-26 20:00:00,1787774400000,699.54000000,708.39,697.8,707.52,18606.375,697.7820000782685,678.2543424584111,51.193439742275594,6.035006377533591,-1.8719844671567127,0.6960299874020776,608.146,
2026-08-27 00:00:00,1787788800000,707.52000000,707.6,702.1,703.34,15426.742,698.3113334041477,679.2380937345519,50.910149992718786,5.819688149478338,-1.6698421561695733,0.5821454011908335,608.146,
2026-08-27 04:00:00,1787803200000,703.34000000,707.81,701.05,707.35,12707.228,699.172158794229,680.3405214312361,52.15725234175423,5.904556339469309,-1.2679791729428826,0.4870669944260424,608.146,
2026-08-27 08:00:00,1787817600000,707.36000000,715.79,704.86,706.72,36627.773,699.8910008138262,681.375010786874,42.67111853088484,5.853503709525512,-1.0552254423093448,1.375815476594179,608.146,
2026-08-27 12:00:00,1787832000000,706.72000000,713.74,704.86,711.35,28394.623,700.9823340696523,682.5505005599377,54.55366823274311,6.116143344646048,-0.6340686457510474,1.0473880074033812,608.146,
2026-08-27 16:00:00,1787846400000,711.35000000,714.18,706.66,709.91,19184.192,701.8325879677807,683.6234221066069,63.89417989417985,6.137343704416935,-0.4902946287841292,0.7190360969318198,608.146,
2026-08-27 20:00:00,1787860800000,709.92000000,712.71,708.89,711.85,8873.663,702.7866272089444,684.7303467298772,62.83224400871454,6.238770268859412,-0.3110944514733225,0.37189939239813263,608.146,
2026-08-28 00:00:00,1787875200000,711.84000000,719.99,706.21,709.42,30713.122,703.4183769985688,685.6985684267448,62.208800690250115,6.0532922749739555,-0.39725795628702265,1.288479517269771,608.146,
2026-08-28 04:00:00,1787889600000,709.42000000,714.15,706.22,706.92,14379.306,703.751864903467,686.5307814296176,63.847686517600145,5.63956117121802,-0.6487912480343674,0.6007069705618344,608.146,
2026-08-28 08:00:00,1787904000000,706.93000000,709.51,702.82,706.11,18591.482,703.9764491983749,687.2985939225739,61.352874859075584,5.186528982563345,-0.8814587493512338,0.8107177288407754,703.25,
2026-08-28 12:00:00,1787918400000,706.11000000,707.49,695.95,696.11,34012.833,703.2272635604345,687.6441392589435,47.52513534416092,3.9747626925054647,-1.6745800315272916,1.4794671961532044,703.25,
2026-08-28 16:00:00,1787932800000,696.11000000,696.43,685.39,688.83,38983.002,701.8560956022978,687.69064360173,38.00432276657066,2.399335967331922,-2.600005405360668,1.7032533399829377,703.25,
2026-08-28 20:00:00,1787947200000,688.83000000,691.5,686.72,691.47,10003.05,700.8669436401742,687.8388536565642,44.78400301829846,1.3482827100896202,-2.9208469300823756,0.4604877806256017,703.25,
2026-08-29 00:00:00,1787961600000,691.47000000,692.45,688.5,688.51,11390.949,699.6900918649195,687.8651731210127,39.68937125748506,0.2733175346423877,-3.1966496844236865,0.5276199353027418,703.25,
2026-08-29 04:00:00,1787976000000,688.50000000,691.28,686.97,688.16,11385.59,698.5919878777843,687.8767349594044,28.864628820960718,-0.5999266060600803,-3.255915060100924,0.531193590213593,703.25,
2026-08-29 08:00:00,1787990400000,688.16000000,689.82,687.16,689.35,10857.963,697.7117985560906,687.9345100590356,33.66035972903532,-1.1823266979943128,-3.0706521216281253,0.5115097650340465,703.25,
2026-08-29 12:00:00,1788004800000,689.35000000,692.53,687.39,690.86,13160.737,697.0592463126534,688.0492351547597,29.54601835772769,-1.504693417338899,-2.7144150727781695,0.6255897508012228,703.25,
2026-08-29 16:00:00,1788019200000,690.87000000,694.36,690.38,693.46,10918.003,696.7164609495435,688.2614220114358,34.31882686849582,-1.532705024605093,-2.193941344035491,0.5522202374484156,703.25,
2026-08-29 20:00:00,1788033600000,693.46000000,693.76,692.06,692.58,6079.279,696.3225122876822,688.4307780109873,25.642356605242824,-1.6073841468266892,-1.8148963730056695,0.3323094219680852,703.25,
2026-08-30 00:00:00,1788048000000,692.58000000,695.56,690.6,694.57,14262.46,696.155606355522,688.671531814478,30.37359263050172,-1.4888292238171061,-1.3570731599968693,0.7824513765384051,703.25,
2026-08-30 04:00:00,1788062400000,694.58000000,695.29,692.42,693.2,7832.005,695.8741200359484,688.8491188021455,25.785510257076183,-1.488265347113611,-1.0852074266346992,0.4427563120844566,703.25,
2026-08-30 08:00:00,1788076800000,693.21000000,696.25,691.43,692.8,14956.28,695.5813466991915,689.0040553197084,27.22039473684218,-1.5027721064244588,-0.8797713487564376,0.8466293140081753,703.25,
2026-08-30 12:00:00,1788091200000,692.80000000,700.0,692.79,699.41,19781.992,695.9459803468876,689.4121315816806,40.74895294407495,-0.9697187456972642,-0.2773743904233944,1.0978154274396208,697.306,
2026-08-30 16:00:00,1788105600000,699.42000000,704.04,698.19,699.58,15386.627,696.2920774567078,689.8108715196538,41.827284105131504,-0.527472166828943,0.13189775075594157,0.9073717197417884,697.306,
2026-08-30 20:00:00,1788120000000,699.59000000,700.35,679.09,684.74,23957.513,695.1918796036881,689.6120138130008,37.30743469524456,-1.358789266953977,-0.5595354794952738,1.4315383205944268,697.306,
2026-08-31 00:00:00,1788134400000,684.73000000,688.5,682.29,685.39,19585.545,694.2583672604798,689.4464446438635,45.49266247379451,-1.942769453468486,-0.9148125328078263,1.1688975631121543,697.306,
2026-08-31 04:00:00,1788148800000,685.40000000,688.18,682.8,686.81,18023.548,693.5489989499579,689.3430546578296,43.6924742826204,-2.2648876115243866,-0.9895445526909814,1.0470853815377892,697.306,
2026-08-31 08:00:00,1788163200000,686.82000000,689.74,684.93,687.21,18723.068,692.9452847642476,689.2594054555618,48.10936591041311,-2.4595398708386256,-0.9473574496041763,1.1269749648383645,697.306,
2026-08-31 12:00:00,1788177600000,687.22000000,691.51,684.44,689.67,16807.189,692.6333528819382,689.2755072024025,52.06906001644284,-2.3877769415738612,-0.7004756162715295,1.0043163095904808,697.306,
2026-08-31 16:00:00,1788192000000,689.67000000,694.73,688.05,691.65,12965.231,692.5397002265156,689.3686245670142,53.08476394849777,-2.1463925731575273,-0.3672729982841565,0.7879854231918679,697.306,
2026-08-31 20:00:00,1788206400000,691.65000000,693.11,690.01,691.44,5902.814,692.4349668716093,689.449854976151,50.80600333518626,-1.949565588521864,-0.13635681091879426,0.3922619750620712,697.306,
2026-09-01 00:00:00,1788220800000,691.44000000,694.83,690.16,693.46,11925.581,692.5325890743131,689.6071155653216,50.0,-1.6119995397216371,0.16096739030514606,0.870780930574051,697.306,
2026-09-01 04:00:00,1788235200000,693.46000000,694.38,688.9,690.47,16356.108,692.3361520196166,689.6409541706031,47.187416688882955,-1.5676728685565422,0.16423524917619292,1.167215913201157,697.306,
2026-09-01 08:00:00,1788249600000,690.47000000,690.75,685.43,687.35,16617.29,691.8612803987007,689.5511128305795,40.65734989648032,-1.7639676661500516,-0.025647638733853118,1.1641452477493,697.306,
2026-09-01 12:00:00,1788264000000,687.36000000,688.81,683.52,686.88,14065.141,691.3868727416816,689.4463633078117,41.6269210386857,-1.9351505683541745,-0.1574644327503807,0.9761887498279022,697.306,
2026-09-01 16:00:00,1788278400000,686.87000000,687.0,674.6,679.89,20477.61,690.2919324805691,689.0716039624073,35.43875479359356,-2.6048220664532664,-0.661708744679578,1.375333030377745,697.306,
2026-09-01 20:00:00,1788292800000,679.89000000,683.99,677.54,683.0,10221.368,689.597462720515,688.8335018462344,29.904481998530557,-2.8517177180526687,-0.7268835170231842,0.6933392164766143,697.306,
2026-09-02 00:00:00,1788307200000,683.00000000,689.71,679.74,687.62,25938.607,689.4091329376088,688.785913538539,36.793286219081224,-2.644109265966108,-0.41542005194929876,1.6741862146687396,697.306,
2026-09-02 04:00:00,1788321600000,687.62000000,689.72,685.97,687.71,15528.858,689.2473107530745,688.7437208507532,54.86406812970853,-2.444141284804573,-0.17236165663021108,0.972636175829413,697.306,
2026-09-02 08:00:00,1788336000000,687.71000000,688.1,680.41,683.84,18712.406,688.7323287765913,688.5514180722923,47.70370370370377,-2.5683357008769008,-0.23724485816203122,1.155925974542611,697.306,
2026-09-02 12:00:00,1788350400000,683.84000000,689.52,682.86,687.61,19041.175,688.6254403216778,688.5144997165162,51.10803324099732,-2.3356294946556773,-0.0036309215526459937,1.1368749685255375,697.306,
2026-09-02 16:00:00,1788364800000,687.62000000,689.0,684.65,686.61,14484.034,688.4334936243753,688.4398134531234,49.18256130790187,-2.206465036851114,0.10042682900153377,0.8660065873206835,697.306,
2026-09-02 20:00:00,1788379200000,686.61000000,688.99,685.45,688.84,7615.279,688.472208517292,688.455507043197,48.86207842061979,-1.9022311734787536,0.3237285538991155,0.47250712389302124,697.306,
2026-09-03 00:00:00,1788393600000,688.82000000,695.0,686.24,692.6,13641.676,688.8653315156452,688.618036178758,51.24183006535954,-1.3422504409394378,0.7069674291507453,0.8510355441764954,697.306,
2026-09-03 04:00:00,1788408000000,692.60000000,699.45,689.77,697.96,17450.41,689.731490418917,688.9843877011597,57.51152073732715,-0.460644448882249,1.2708587369663473,1.11119757801043,697.306,
2026-09-03 08:00:00,1788422400000,697.96000000,715.57,697.95,711.43,41592.311,691.7980151409249,689.8646077913103,66.38103919781213,1.3098519203804244,2.4330840849832165,2.4750720123220438,697.306,
2026-09-03 12:00:00,1788436800000,711.43000000,728.0,708.66,727.56,53297.096,695.2039184608368,691.3428584661608,77.27607001029557,3.9687895097416686,4.073617339475568,2.8703484102406556,705.102,
2026-09-03 16:00:00,1788451200000,727.62000000,727.98,718.82,724.59,26231.007,698.0025928931382,692.646667938076,77.44693396226418,5.769851273375139,4.699743282487231,1.3846926144352847,705.102,
2026-09-03 20:00:00,1788465600000,724.60000000,727.58,720.58,725.22,14418.083,700.5947269033155,693.9240535091319,78.1911764705883,7.165442669117851,4.876267742583955,0.7659372689672604,705.102,
2026-09-04 00:00:00,1788480000000,725.22000000,729.9,718.22,723.54,26968.378,702.7799910077617,695.0854631754405,84.81416493858671,8.043180170977621,4.603204195554979,1.381275182258365,705.102,
2026-09-04 04:00:00,1788494400000,723.54000000,729.36,714.11,714.5,26887.17,703.8961823403558,695.8468175607173,72.9524919848441,7.918066473905014,3.5824723987858977,1.306884920982301,705.102,
2026-09-04 08:00:00,1788508800000,714.51000000,725.05,713.75,724.39,23272.106,705.8479744984172,696.9661580485323,74.88158072810938,8.518754415242483,3.346528272098693,1.1008145283242787,705.102,
2026-09-04 12:00:00,1788523200000,724.40000000,727.35,708.88,716.64,49694.838,706.8757864509489,697.7376812623154,67.73758430410791,8.27406543007669,2.4814714295463185,2.178858287382033,705.102,
2026-09-04 16:00:00,1788537600000,716.64000000,721.5,716.02,720.1,15993.084,708.1352353603824,698.6146349383031,72.34409662312056,8.264077587794986,1.9771868698116926,0.7021738035152177,705.102,
2026-09-04 20:00:00,1788552000000,720.10000000,721.51,716.48,721.37,7569.501,709.395689135584,699.5070021956245,71.46490335707023,8.263385374180643,1.5811957249578787,0.33714525819019847,705.102,
2026-09-05 00:00:00,1788566400000,721.38000000,725.0,719.49,723.51,16250.092,710.7399092179094,700.4482962271687,73.12609676610683,8.339385658395145,1.3257568073379034,0.7306573188262421,705.102,
2026-09-05 04:00:00,1788580800000,723.52000000,739.46,720.69,738.25,38240.236,713.3599178638228,701.9307159829661,76.7688807021346,9.479734762456133,1.9728847291191123,1.6175171389085048,686.1175000000001,
2026-09-05 08:00:00,1788595200000,738.25000000,756.88,738.16,747.85,101520.749,716.6446875910779,703.7314722189283,78.15143177417715,11.030951470624018,2.8192811498295978,3.702377006786268,706.9795,
2026-09-05 12:00:00,1788609600000,747.85000000,772.31,747.84,769.99,105133.811,721.7251935347847,706.3298458574018,81.34191976329305,13.886737193882368,4.540053498470357,3.29566131617647,705.955,
2026-09-05 16:00:00,1788624000000,769.99000000,780.64,767.71,773.42,53842.901,726.6485084362337,708.9608322943665,79.55564031658247,16.23954096915452,5.514285818994004,1.5997440678129438,690.6795,
2026-09-05 20:00:00,1788638400000,773.42000000,774.03,763.47,766.53,22506.68,730.4467457280209,711.2184467141952,70.37540520757089,17.348210126770482,5.298363981287974,0.6652783305379886,690.6795,
2026-09-06 00:00:00,1788652800000,766.52000000,769.0,759.76,764.87,34604.815,733.7251508967807,713.3224291959915,71.35284139100933,17.88670351092253,4.669485892352016,0.9933490426465971,690.6795,
2026-09-06 04:00:00,1788667200000,764.87000000,765.26,753.96,756.62,32574.734,735.905612716135,715.0203731490899,65.40121640180499,17.44664330180035,3.3835405465838697,0.9027352058096082,690.6795,
2026-09-06 08:00:00,1788681600000,756.62000000,758.99,753.99,758.24,24082.247,738.0326972193603,716.7152604765766,67.0298390263055,17.032275408022997,2.3753381222452123,0.6578678324763494,690.6795,
2026-09-06 12:00:00,1788696000000,758.24000000,758.51,740.24,745.97,50166.723,738.7886308175165,717.8625051637697,64.97003139568073,15.53472477434525,0.7022299908539722,1.311811427087254,690.6795,
2026-09-06 16:00:00,1788710400000,745.98000000,750.47,745.05,749.18,15790.745,739.7782850253722,719.0906422161709,62.59270547597278,14.440464593836055,-0.3136241517241807,0.4273283787987382,690.6795,
2026-09-06 20:00:00,1788724800000,749.18000000,754.93,748.38,753.0,19592.016,741.0374959753367,720.4204209527916,69.23809523809527,13.723303887239581,-0.8246278866565255,0.5555340214150024,690.6795,
2026-09-07 00:00:00,1788739200000,753.01000000,756.43,744.89,746.31,26906.729,741.5396392157808,721.435698562486,63.409393226235515,12.471359699595723,-1.6612576594403077,0.7622134001513433,690.6795,
2026-09-07 04:00:00,1788753600000,746.32000000,750.2,740.26,743.87,18023.463,741.7615783380874,722.3154750894473,61.37512639029324,11.153724114409329,-2.383114595701363,0.5079743283477547,690.6795,
2026-09-07 08:00:00,1788768000000,743.88000000,746.92,742.52,744.95,19940.804,742.0652375439838,723.2031035173122,60.956663941128404,10.080434421007908,-2.765123431282227,0.5676342177767317,690.6795,
2026-09-07 12:00:00,1788782400000,744.95000000,747.68,733.0,734.6,33529.844,741.3542625397948,723.6500406342803,48.04708400214019,8.299020166394143,-3.6372301487167924,0.9455199234509374,690.6795,
2026-09-07 16:00:00,1788796800000,734.60000000,742.17,734.51,741.9,13178.593,741.4062375360048,724.365725315289,46.73614920460776,7.391085691509943,-3.6361316988807957,0.37699298843331114,690.6795,
2026-09-07 20:00:00,1788811200000,741.91000000,741.99,736.06,739.98,8928.772,741.2704053897187,724.9780498127286,28.845340476526104,6.44234972752372,-3.6678941302936163,0.2712360319996153,690.6795,
2026-09-08 00:00:00,1788825600000,739.98000000,745.24,737.01,742.91,17571.461,741.4265572573645,725.6812635455628,28.340195939230398,5.859353177648131,-3.400712544135363,0.5325048900764608,690.6795,
2026-09-08 04:00:00,1788840000000,742.91000000,757.58,741.7,754.66,48045.101,742.6868851376155,726.8176845829918,42.11714703147827,6.273138180706837,-2.3895420328613266,1.3718734379071515,690.6795,
2026-09-08 08:00:00,1788854400000,754.66000000,761.39,750.23,752.28,51746.748,743.6005151245092,727.8162067562077,41.718194974345444,6.335982406115249,-1.8613582459623323,1.4063007854260883,690.6795,
2026-09-08 12:00:00,1788868800000,752.30000000,757.03,742.33,756.35,40034.518,744.8147517793178,728.9351790402781,49.81205624390925,6.637686771821336,-1.2477231042049972,1.0853559370661867,690.6795,
2026-09-08 16:00:00,1788883200000,756.36000000,757.96,747.53,748.88,15679.444,745.2019182765257,729.7173288818358,43.97528321318228,6.202524246128746,-1.3463085039180704,0.4810529672993616,690.6795,
2026-09-08 20:00:00,1788897600000,748.88000000,754.96,748.87,752.02,12602.253,745.8512593930471,730.5919434354893,54.41283734500361,6.041385238863768,-1.205958008946439,0.45060462126023315,690.6795,
2026-09-09 00:00:00,1788912000000,752.03000000,756.66,747.12,749.55,20492.644,746.2035204032331,731.3353966340975,50.27282111782923,5.649251996831481,-1.2784730007829808,0.7791904527210917,690.6795,
2026-09-09 04:00:00,1788926400000,749.56000000,757.56,749.55,754.47,20499.799,746.9908041743538,732.24263598178,51.06660861993906,5.670124790147156,-1.0060801659738443,0.7824478388963341,690.6795,
2026-09-09 08:00:00,1788940800000,754.48000000,757.78,747.75,750.24,25348.937,747.3002513958439,732.9484149628867,52.95711060948085,5.284425414082193,-1.1134236336310463,0.9849304470552672,690.6795,
2026-09-09 12:00:00,1788955200000,750.24000000,751.69,735.0,739.11,49745.03,746.5202274533826,733.1900457486558,46.832579185520366,4.0341546731301605,-1.8909554996664637,1.8704448554582693,690.6795,
2026-09-09 16:00:00,1788969600000,739.11000000,742.31,736.49,737.24,15378.264,745.6363962673462,733.3488674840027,44.92295535361515,2.859450763003906,-2.4525275278341754,0.5878520071395461,690.6795,
2026-09-09 20:00:00,1788984000000,737.25000000,738.17,717.61,722.64,44585.551,743.4462632895037,732.9289118963948,42.541780992766256,0.7418399985117503,-3.656110633861065,1.7227112293550477,690.6795,
2026-09-10 00:00:00,1788998400000,722.64000000,726.36,716.18,723.65,26267.996,741.5609048809796,732.5650329984969,37.65056164568955,-0.845140970802845,-4.194473282540528,0.9948152669180793,690.6795,
2026-09-10 04:00:00,1789012800000,723.65000000,723.96,715.45,719.09,27775.195,739.4208187018387,732.0366003318893,36.35175748072653,-2.442631576723784,-4.633571110769174,1.0358445456145124,690.6795,
2026-09-10 08:00:00,1789027200000,719.10000000,719.77,715.68,716.46,18628.117,737.2340740635684,731.4257532600506,32.651187196641814,-3.8761910933088757,-4.853704501883413,0.7056071060446841,690.6795,
2026-09-10 12:00:00,1789041600000,716.46000000,718.12,703.62,707.94,61948.989,734.4441622479906,730.5047433282839,18.0000000000001,-5.634835260510272,-5.289878935267847,2.1663210229622236,708.0989999999999,
2026-09-10 16:00:00,1789056000000,707.95000000,715.99,704.5,714.38,27404.191,732.5332896529438,729.8724004526649,25.40877238515445,-6.434743536687847,-4.871829769156338,0.9459646372722518,708.0989999999999,
2026-09-10 20:00:00,1789070400000,714.38000000,716.27,708.4,708.72,14548.141,730.2653573050444,729.0428945525604,19.720279720279706,-7.439631860910254,-4.701374474702995,0.5191965755684649,708.0989999999999,
2026-09-11 00:00:00,1789084800000,708.72000000,714.85,708.72,712.1,13223.085,728.5353232759926,728.3784673152051,25.335300429184542,-7.8725257689374075,-4.1074147061841195,0.47187028487371446,708.0989999999999,
2026-09-11 04:00:00,1789099200000,712.11000000,717.44,711.99,713.85,15710.748,727.1367210592314,727.8087234989225,23.916905835725032,-7.982371129711396,-3.373808053566486,0.5539402339849206,708.0989999999999,
2026-09-11 08:00:00,1789113600000,713.85000000,716.21,710.5,713.31,13714.783,725.8198904821617,727.240146106808,24.564851207186976,-8.020542040520695,-2.729583171500628,0.4868754426567437,708.0989999999999,
2026-09-11 12:00:00,1789128000000,713.32000000,741.61,706.5,728.58,91556.94,726.0827580552891,727.2926893967372,34.134085059443564,-6.740926178157338,-1.159973847309816,3.017243087421511,708.0989999999999,
2026-09-11 16:00:00,1789142400000,728.58000000,733.51,720.79,725.08,21408.913,725.9872572881187,727.2059172635318,34.442245857036866,-5.940760745500484,-0.28784673172236985,0.7426513442017939,708.0989999999999,
2026-09-11 20:00:00,1789156800000,725.08000000,727.67,721.95,726.75,11428.492,726.0598994511549,727.188038155158,41.34453781512603,-5.112930155863523,0.4319870863316728,0.4171382020984521,708.0989999999999,
2026-09-12 00:00:00,1789171200000,726.76000000,736.26,726.1,733.49,18653.636,726.7675280748545,727.4351739137793,47.54162842533106,-3.868414108075285,1.3412025072959288,0.6771792022192684,708.0989999999999,
2026-09-12 04:00:00,1789185600000,733.50000000,735.35,731.6,733.6,13043.247,727.4182396867731,727.6769317995135,58.87018452573652,-2.8405065024512623,1.8952880903359617,0.4731276543484993,708.0989999999999,
2026-09-12 08:00:00,1789200000000,733.60000000,739.89,732.6,736.71,16512.546,728.3031692404138,728.03116976816,60.222291797119645,-1.754704173230607,2.3848723356452934,0.6033273984229678,708.0989999999999,
2026-09-12 12:00:00,1789214400000,736.70000000,737.43,734.71,735.19,14700.193,728.959057884184,728.3119082086243,63.231426692965165,-1.005261275143539,2.5074521869858892,0.5428602139601155,708.0989999999999,
2026-09-12 16:00:00,1789228800000,735.19000000,735.32,725.06,726.18,15704.135,728.6943857047378,728.2283039651489,57.229991074085014,-1.1253813831932575,1.909865663148937,0.5904496137400866,708.0989999999999,
2026-09-12 20:00:00,1789243200000,726.18000000,727.96,725.32,727.59,4888.999,728.5892061138104,728.2032724371039,66.34503410414231,-1.09418908741236,1.552846367143868,0.20074637880240492,708.0989999999999,
2026-09-13 00:00:00,1789257600000,727.60000000,729.92,726.96,727.01,10300.823,728.4388055315427,728.1564774395705,61.64055299539162,-1.1035490939951842,1.234789088448835,0.4274158560107047,708.0989999999999,
2026-09-13 04:00:00,1789272000000,727.01000000,727.92,721.54,722.23,13034.706,727.8474907190148,727.9240665595875,62.65692336518635,-1.479616915745396,0.6869770133588986,0.5787365465554049,708.0989999999999,
2026-09-13 08:00:00,1789286400000,722.23000000,722.55,714.05,716.31,22941.937,726.7486820791087,727.4686129690155,53.76497943122866,-2.229645928048285,-0.05044159915519231,1.0261914458929569,708.0989999999999,
2026-09-13 12:00:00,1789300800000,716.31000000,720.32,713.1,718.88,12785.698,725.9992837858603,727.1318046172894,54.433280451260295,-2.5868521806725084,-0.3261182814235326,0.5917409976318253,708.0989999999999,
2026-09-13 16:00:00,1789315200000,718.89000000,723.1,718.88,721.09,6845.892,725.5317329491116,726.8948711028859,56.66095890410961,-2.6609385360826536,-0.32016370946694206,0.32571869887058186,708.0989999999999,
2026-09-13 20:00:00,1789329600000,721.09000000,722.84,715.25,716.41,9244.077,724.6629964777677,726.4836996870865,37.27253712612426,-3.061992648884484,-0.5769742578150181,0.5028721490687333,708.0989999999999,
2026-09-14 00:00:00,1789344000000,716.41000000,725.24,713.9,722.51,29189.274,724.4579491941707,726.3278683268087,47.45090259869071,-2.854704644397316,-0.29574900266228,1.5802062095880058,708.0989999999999,
2026-09-14 04:00:00,1789358400000,722.52000000,726.98,722.13,724.96,11797.446,724.5057635566307,726.2742264316397,48.25161164289906,-2.4643256705751355,0.07570397692792064,0.6434638810575501,708.0989999999999,
2026-09-14 08:00:00,1789372800000,724.96000000,728.5,720.9,722.16,25348.062,724.2823575036182,726.1128842186343,38.01058201058211,-2.353751538143797,0.14902248748740776,1.3382975844122948,708.0989999999999,
2026-09-14 12:00:00,1789387200000,722.16000000,723.99,717.15,722.44,32303.078,724.106894884226,725.9688495433938,38.232813159004834,-2.217959821416798,0.22785136337152512,1.6339323701987125,708.0989999999999,
2026-09-14 16:00:00,1789401600000,722.45000000,728.44,722.05,725.34,23639.899,724.2243334666807,725.9441887769863,37.95805973310754,-1.85495537302495,0.47268464941069865,1.1664577531411704,708.0989999999999,
2026-09-14 20:00:00,1789416000000,725.35000000,733.75,717.13,720.42,28636.465,723.8620159936635,725.7275539229868,35.40802213001393,-1.941889718324319,0.30860024328906377,1.6726539865284147,708.0989999999999,
2026-09-15 00:00:00,1789430400000,720.43000000,722.53,718.26,721.37,13997.955,723.6246811371241,725.5566694554186,44.34782608695667,-1.9120873994753538,0.27072204971042346,0.8357073875624275,708.0989999999999,
2026-09-15 04:00:00,1789444800000,721.38000000,723.5,714.72,715.09,17680.585,722.8118543621599,725.1462118297159,36.81990721214692,-2.3679164955398164,-0.14808563708323108,1.0362288521619454,708.0989999999999,
2026-09-15 08:00:00,1789459200000,715.09000000,720.39,714.21,718.89,13784.522,722.4383444229067,724.9008701893349,41.982622432859465,-2.3949288472081207,-0.1400783910012282,0.8195814787652707,708.0989999999999,
2026-09-15 12:00:00,1789473600000,718.89000000,722.27,711.37,718.61,31787.628,722.0737401921537,724.6541693975962,46.077156480277445,-2.4111359164957094,-0.12502836823105312,1.7902273662669637,708.0989999999999,
2026-09-15 16:00:00,1789488000000,718.61000000,725.32,707.04,719.57,38566.006,721.8352887452819,724.4547902055336,53.958232151529955,-2.319775233840801,-0.026934148460915353,2.0449797917361856,708.0989999999999,
2026-09-15 20:00:00,1789502400000,719.58000000,720.51,708.76,712.06,15641.976,720.9043088647788,723.968720001395,42.60624457935822,-2.8208484855061897,-0.4224059201010433,0.8273569567803154,708.0989999999999,
2026-09-16 00:00:00,1789516800000,712.07000000,716.0,708.28,714.2,16846.356,720.2658032586094,723.5856329425168,42.51900108577643,-3.0105685717340975,-0.4897008050631606,0.8883770776937311,708.0989999999999,
2026-09-16 04:00:00,1789531200000,714.20000000,716.24,709.35,709.71,16860.246,719.2604886625513,723.0414904741829,42.695159180113535,-3.483077829357171,-0.7697680501489872,0.8619038732482415,708.0989999999999,
2026-09-16 08:00:00,1789545600000,709.70000000,715.93,704.29,714.48,22358.263,718.8052040280227,722.7057457497051,40.983606557377165,-3.433071375023701,-0.5758092766524134,1.1087931296974578,708.0989999999999,
2026-09-16 12:00:00,1789560000000,714.49000000,714.69,708.32,711.66,18295.787,718.1247084063062,722.2725792497166,35.18930957683749,-3.579726473479809,-0.5779715000868171,0.8956424139516317,708.0989999999999,
2026-09-16 16:00:00,1789574400000,711.71000000,721.43,708.88,719.32,34715.676,718.2385457009437,722.1567918281592,47.14630225080397,-3.042778456903079,-0.0328187868080696,1.6518496402821883,708.0989999999999,
2026-09-16 20:00:00,1789588800000,719.33000000,726.77,718.2,725.92,16892.871,718.9701127770443,722.3043686192118,53.10271041369463,-2.060921424463686,0.7592305965050592,0.796022375915501,708.0989999999999,
2026-09-17 00:00:00,1789603200000,725.92000000,729.22,722.51,725.54,23884.346,719.5958163220877,722.4312561243408,50.186706497386034,-1.298487322986034,1.2173317583861691,1.082035833704302,708.0989999999999,
2026-09-17 04:00:00,1789617600000,725.55000000,727.35,722.53,724.38,15765.13,720.0514528628412,722.507677452798,53.975903614457856,-0.7788767041874962,1.3895539017477656,0.7038136884945988,708.0989999999999,
2026-09-17 08:00:00,1789632000000,724.38000000,727.4,720.89,724.56,17223.414,720.4808383044754,722.5881606899432,53.253110340607726,-0.3485393053659891,1.4559130404554184,0.7900182748626949,708.0989999999999,
2026-09-17 12:00:00,1789646400000,724.56000000,732.54,723.42,727.87,35245.744,721.1845679897634,722.7952916432787,63.87320885801121,0.2566371672761534,1.6488716104780488,1.5341779212586537,708.0989999999999,
2026-09-17 16:00:00,1789660800000,727.87000000,733.63,726.21,732.58,17051.257,722.2698472288336,723.1790056964835,64.57313178624652,1.1035801339642148,1.9966516617328882,0.7558563175988829,708.0989999999999,
2026-09-17 20:00:00,1789675200000,732.58000000,739.49,731.69,738.36,19188.664,723.8022427308495,723.7743388064254,68.82027825424042,2.2156456476487847,2.4869737403339665,0.8760691132885312,708.0989999999999,
2026-09-18 00:00:00,1789689600000,738.36000000,743.24,735.22,742.83,12006.231,725.6144100898161,724.521619637546,70.77527688460154,3.4182537207904033,2.9516654507804683,0.5631055845196238,708.0989999999999,
