datetime,time,open,high,low,close,volume,EMA20,EMA50,RSI,MACD,Hist,vol_ratio,POC,fundingRate
2026-03-25 16:00:00,1774454400000,70832.99,71752.88,70681.07,70883.31,2995.16787,70883.31,70883.31,,0.0,0.0,,,
2026-03-25 20:00:00,1774468800000,70883.32,71594.11,70646.34,71336.53,1842.66044,71336.53,71336.53,,0.0,0.0,,,
2026-03-26 00:00:00,1774483200000,71336.53,71436.82,70672.37,70921.47,2157.03878,71297.00047619047,71320.25313725491,,-33.11019943020074,-26.488159544160588,,,
2026-03-26 04:00:00,1774497600000,70921.47,70921.47,69805.0,70087.44,3434.08444,70087.44,70087.44,,0.0,0.0,,,
2026-03-26 08:00:00,1774512000000,70087.44,70144.44,69192.96,69276.01,3321.72857,70010.16095238095,70055.61921568628,,-64.72945868947136,-51.783566951577086,,,
2026-03-26 12:00:00,1774526400000,69276.01,69877.45,68632.4,69082.64,4699.85538,69921.82562358276,70017.46316801231,,-130.1312914667942,-93.74831978311994,,,
2026-03-26 16:00:00,1774540800000,69082.64,69162.0,68153.0,68534.36,4026.59411,69789.6860403844,69959.30225946281,,-223.62650185967505,-149.7948241408006,,,
2026-03-26 20:00:00,1774555200000,68534.37,69478.42,68436.74,68820.31,3181.1564,69697.36451272875,69914.63589634663,,-271.5184586989926,-158.14942478409455,,,
2026-03-27 00:00:00,1774569600000,68820.31,69179.05,68531.37,68767.51,2714.9612,69608.8069400879,69869.65056707815,,-310.15838546826853,-157.43148124269635,,,
2026-03-27 04:00:00,1774584000000,68767.5,68955.53,68304.14,68540.48,3934.07819,68540.48,68540.48,,0.0,0.0,,68540.48,
2026-03-27 08:00:00,1774598400000,68540.49,68635.07,66231.96,66702.78,7325.96218,68365.46095238095,68468.41333333333,,-146.59715099715686,-117.2777207977255,,66702.78,
2026-03-27 12:00:00,1774612800000,66702.78,66773.25,65730.17,66112.82,8273.04177,68150.92371882085,68376.037124183,,-306.84418210890726,-222.0198015275807,,66112.82,
2026-03-27 16:00:00,1774627200000,66112.82,66290.0,65548.25,66040.66,3963.05735,67949.94622179029,68284.45370754838,,-434.6534038390964,-279.86321860621587,,66040.66,
2026-03-27 20:00:00,1774641600000,66040.65,66420.75,65817.44,66407.28,2392.59488,67803.02562923884,68210.8390523504,,-500.5894789400918,-276.639434965769,,66407.28,
2026-03-28 00:00:00,1774656000000,66407.28,66520.46,65932.09,66240.0,2309.42704,67654.16604550181,68133.55124637588,,-559.8883471367153,-268.750642529914,,66240.0,
2026-03-28 04:00:00,1774670400000,66240.0,66573.61,66110.0,66561.48,2351.82142,66561.48,66561.48,,0.0,0.0,,66561.48,
2026-03-28 08:00:00,1774684800000,66561.49,66570.09,66124.4,66319.47,1871.98665,66538.43142857144,66551.9894117647,,-19.30564102563949,-15.44451282051159,,66319.47,
2026-03-28 12:00:00,1774699200000,66319.46,67288.94,66240.87,67014.91,2726.87142,66583.81034013606,66570.14316032296,,21.2655592081137,20.10134993059328,,67014.91,
2026-03-28 16:00:00,1774713600000,67014.92,67096.77,66704.0,66916.52,1090.61096,66615.49697440882,66583.72656580049,,44.96099461395352,35.037428269146474,,66916.52,
2026-03-28 20:00:00,1774728000000,66916.52,67010.0,66283.38,66377.03,1111.68098,66592.78583398894,66575.62081812204,,19.97717911010841,8.042890212241092,,66377.03,
2026-03-29 00:00:00,1774742400000,66377.04,67130.5,66281.4,66912.0,1535.14396,66623.18718313285,66588.81215858785,,42.85097403889813,24.73334811282465,,66912.0,
2026-03-29 04:00:00,1774756800000,66912.0,66936.6,66556.78,66671.0,1351.87148,66671.0,66671.0,,0.0,0.0,,66671.0,
2026-03-29 08:00:00,1774771200000,66671.0,66988.01,66418.0,66816.28,1084.63055,66684.8361904762,66676.69725490197,,11.589287749287903,9.271430199430323,,66816.28,
2026-03-29 12:00:00,1774785600000,66816.29,66875.24,66334.37,66523.0,1436.58796,66669.42321995465,66670.66991157248,,-2.8584131622337736,-4.141016569673084,,66523.0,
2026-03-29 16:00:00,1774800000000,66523.01,66665.05,66158.26,66348.62,994.8232,66638.87053233992,66658.04050327552,,-28.05591771499894,-23.4708168979506,,66348.62,
2026-03-29 20:00:00,1774814400000,66348.61,66793.83,65000.0,66010.93,3649.79869,66579.06667211707,66632.66362079413,,-74.41606039632461,-55.86476766342102,,66010.93,
2026-03-30 00:00:00,1774828800000,66010.93,67450.0,65800.59,67173.8,3701.61439,66635.70794143926,66653.88465527279,,-17.125504828756675,1.140630323317538,,67173.8,
2026-03-30 04:00:00,1774843200000,67173.8,67800.0,67167.92,67624.39,2742.98319,67624.39,67624.39,,0.0,0.0,,67624.39,
2026-03-30 08:00:00,1774857600000,67624.39,68042.3,67360.41,67680.45,3383.09323,67629.72904761905,67626.58843137255,,4.472022792018834,3.577618233615067,,67680.45,
2026-03-30 12:00:00,1774872000000,67680.44,68169.65,67088.73,67629.4,4177.92296,67629.69770975057,67626.69868896579,,3.852416457651998,2.366409519398585,,67629.4,
2026-03-30 16:00:00,1774886400000,67629.4,67641.65,66233.13,66550.05,2673.9969,67526.87411834576,67584.47717175144,,-82.77892658446217,-67.41194681817247,,66550.05,
2026-03-30 20:00:00,1774900800000,66550.06,66994.17,66419.79,66797.37,1673.77908,67457.39753564616,67553.61022383961,,-129.97990558799938,-91.69034065736774,,66797.37,
2026-03-31 00:00:00,1774915200000,66797.38,68408.37,66544.51,67704.74,2940.06225,67480.95396082272,67559.53688172826,,-93.0966850854893,-43.84569612388613,,67704.74,
2026-03-31 04:00:00,1774929600000,67704.74,67979.38,67103.32,67367.69,3894.57803,67367.69,67367.69,,0.0,0.0,,67367.69,
2026-03-31 08:00:00,1774944000000,67367.7,67496.0,65998.05,66685.69,4187.99082,67302.73761904762,67340.94490196079,,-54.40455840456707,-43.523646723653655,,66685.69,
2026-03-31 12:00:00,1774958400000,66685.69,67767.87,66427.53,66736.8,4137.18923,67248.83879818594,67317.25294502114,,-92.33206646049804,-65.16092382366769,,66736.8,
2026-03-31 16:00:00,1774972800000,66736.79,68589.49,66729.28,67838.8,4391.49464,67305.02557931108,67337.7057707066,,-33.086301359478966,-4.732126978118899,,67838.8,
2026-03-31 20:00:00,1774987200000,67838.79,68410.3,67831.7,68284.48,2554.09165,67398.30695271003,67374.83417185536,,49.26119325082982,62.09229410575191,,68284.48,
2026-04-01 00:00:00,1775001600000,68284.49,68378.64,67578.75,68170.67,3175.60054,67471.86533816622,67406.0434200179,,104.13821958938206,93.57545635544332,,68170.67,
2026-04-01 04:00:00,1775016000000,68170.67,69310.0,68005.33,68692.0,4308.24633,68692.0,68692.0,,0.0,0.0,,68692.0,
2026-04-01 08:00:00,1775030400000,68692.0,68851.35,68389.21,68712.52,3486.85039,68693.95428571428,68692.80470588236,,1.6369230769341812,1.3095384615473449,,68712.52,
2026-04-01 12:00:00,1775044800000,68712.52,68965.0,67918.83,68918.52,4091.84986,68715.34149659864,68701.65628604384,,19.33380670612678,15.205137672591954,,68918.52,
2026-04-01 16:00:00,1775059200000,68918.52,69171.77,67939.28,68176.84,2610.209,68664.05563977972,68681.07525521859,,-26.186797934322385,-24.25237357428577,,68176.84,
2026-04-01 20:00:00,1775073600000,68176.84,68534.0,67964.48,68113.92,1347.43378,68611.6617693245,68658.833872661,,-66.5719235308643,-51.70999933666214,,68113.92,
2026-04-02 00:00:00,1775088000000,68113.92,68653.38,66500.0,66576.25,4290.09553,68417.81302938884,68577.16391687037,,-220.1171709523041,-164.2041974064816,,66576.25,
2026-04-02 04:00:00,1775102400000,66576.25,66961.26,66217.07,66930.79,2994.81146,66930.79,66930.79,,0.0,0.0,,66930.79,
2026-04-02 08:00:00,1775116800000,66930.79,66930.79,66167.1,66220.28,2840.44212,66863.12238095238,66902.9268627451,,-56.67886039886798,-45.34308831909439,,66220.28,
2026-04-02 12:00:00,1775131200000,66220.28,67104.86,65712.12,66852.91,4983.19383,66862.14977324264,66900.96541714725,,-49.97325119115703,-30.909983289106748,,66852.91,
2026-04-02 16:00:00,1775145600000,66852.91,67430.99,66596.8,66975.99,3741.79932,66872.99169960048,66903.90755765128,,-34.33172544503759,-12.214766034389848,,66975.99,
2026-04-02 20:00:00,1775160000000,66976.0,67100.0,66731.08,66901.99,1353.1369,66875.75344249567,66903.83235931201,,-27.58885797506082,-4.377518851530457,,66901.99,
2026-04-03 00:00:00,1775174400000,66901.99,67000.0,66282.0,66579.97,2208.57089,66579.97,66579.97,,0.0,0.0,,66579.97,
2026-04-03 04:00:00,1775188800000,66579.98,67247.38,66416.68,67042.08,2873.22499,67042.08,67042.08,,0.0,0.0,,67042.08,
2026-04-03 08:00:00,1775203200000,67042.08,67288.0,66674.72,67017.44,1439.81595,67039.73333333334,67041.1137254902,,-1.965584045581636,-1.5724672364653087,,67017.44,
2026-04-03 12:00:00,1775217600000,67017.43,67370.42,66508.1,66827.15,2358.77199,67019.4873015873,67032.72299115725,,-18.66300078733184,-14.615907182572409,,66827.15,
2026-04-03 16:00:00,1775232000000,66827.15,67069.0,66751.86,66885.74,1215.72021,67006.7494633409,67026.95895228835,,-26.858492527593626,-18.24911913826736,,66885.74,
2026-04-03 20:00:00,1775246400000,66885.73,66970.18,66826.13,66964.3,1333.02728,67002.70665730843,67024.50173847312,,-26.706487565956195,-14.477691341303938,,66964.3,
2026-04-04 00:00:00,1775260800000,66964.29,66968.28,66814.0,66832.18,803.20366,66986.46602327906,67016.9597095134,,-36.82253510237206,-19.67499110217584,,66832.18,
2026-04-04 04:00:00,1775275200000,66832.18,67052.99,66775.91,67014.96,1728.28038,67014.96,67014.96,,0.0,0.0,,67014.96,
2026-04-04 08:00:00,1775289600000,67014.95,67232.72,66918.0,67156.93,1347.31961,67028.48095238095,67020.5274509804,,11.325242165243251,9.060193732194602,,67156.93,
2026-04-04 12:00:00,1775304000000,67156.93,67562.93,67029.07,67383.66,1507.29551,67062.30752834467,67034.76794309882,,38.15595620164822,28.71272621487966,,67383.66,
2026-04-04 16:00:00,1775318400000,67383.66,67543.6,67265.0,67288.42,858.41299,67083.8420494547,67044.71508258514,,51.14485231334402,33.36129786126036,,67288.42,
2026-04-04 20:00:00,1775332800000,67288.42,67504.54,67186.62,67300.42,1129.00398,67104.4685209352,67054.74272640533,,61.69575550840818,35.12976084505962,,67300.42,
2026-04-05 00:00:00,1775347200000,67300.42,67307.28,66955.72,67145.98,1216.87122,67108.42199513185,67058.32065870316,,56.93904712267977,24.29844196746496,,67145.98,
2026-04-05 04:00:00,1775361600000,67145.98,67188.51,66611.66,66820.64,1903.42714,66820.64,66820.64,,0.0,0.0,,66820.64,
2026-04-05 08:00:00,1775376000000,66820.64,67150.0,66819.42,66999.0,1062.42874,66837.62666666666,66827.63450980393,,14.22814814814774,11.382518518518191,,66999.0,
2026-04-05 12:00:00,1775390400000,66998.99,67856.16,66680.57,67306.64,2736.41551,67306.64,67306.64,,0.0,0.0,,67306.64,
2026-04-05 16:00:00,1775404800000,67306.65,67560.45,67173.4,67361.01,965.55771,67311.8180952381,67308.77215686275,,4.337207977208891,3.469766381767113,,67361.01,
2026-04-05 20:00:00,1775419200000,67361.01,69136.2,67332.66,69034.18,3848.7672,67475.85256235827,67376.4352095348,,141.1581292359624,112.2325501124165,,69034.18,
2026-04-06 00:00:00,1775433600000,69034.18,69588.0,68776.61,69123.69,4502.91561,67632.7894611813,67444.95500523932,,253.8857669260324,179.96815024198918,,69123.69,
2026-04-06 04:00:00,1775448000000,69123.69,69354.26,68806.53,69115.91,2814.82721,69115.91,69115.91,,0.0,0.0,,69115.91,
2026-04-06 08:00:00,1775462400000,69115.91,70283.32,69081.88,69614.91,3999.04132,69163.43380952382,69135.47862745098,,39.80626780627063,31.8450142450165,,69614.91,
2026-04-06 12:00:00,1775476800000,69614.91,69973.25,69163.86,69968.87,3409.36539,69240.1420181406,69168.16064206076,,98.77600733759756,72.65180302107473,,69968.87,
2026-04-06 16:00:00,1775491200000,69968.87,70351.46,69282.02,69739.53,3175.25769,69287.70277831769,69190.56728354856,,125.5567889380618,79.54606769723118,,69739.53,
2026-04-06 20:00:00,1775505600000,69739.52,69974.08,68300.0,68853.66,2380.20322,69246.36537085887,69177.35523321333,,74.44034387932334,22.74369811079417,,68853.66,
2026-04-07 00:00:00,1775520000000,68853.66,69128.2,68273.34,68779.21,2422.31591,69201.87438315802,69161.74169465594,,27.60449269220408,-19.273722461060075,,68779.21,
2026-04-07 04:00:00,1775534400000,68779.2,68981.83,68443.0,68624.61,1823.63549,68624.61,68624.61,,0.0,0.0,,68624.61,
2026-04-07 08:00:00,1775548800000,68624.6,69247.9,68071.96,68345.75,2273.58534,68598.0519047619,68613.6743137255,,-22.245242165241507,-17.796193732193206,,68345.75,
2026-04-07 12:00:00,1775563200000,68345.75,68633.87,67732.01,68168.1,4041.29436,68557.10410430838,68596.20081122646,,-53.59185363755387,-39.31424416360446,,68168.1,
2026-04-07 16:00:00,1775577600000,68168.11,69098.44,68085.01,69011.29,3817.42066,68600.35990389806,68612.47881862934,,-10.277411302318797,3.200158537304496,,69011.29,
2026-04-07 20:00:00,1775592000000,69011.29,72761.0,69011.29,71924.22,9372.24485,68916.91800828872,68742.35102182036,,256.14601116890844,215.69886480682536,,71924.22,
2026-04-08 00:00:00,1775606400000,71924.22,72110.65,71240.99,71287.39,3370.06511,69142.67724559456,68842.15647194505,,411.16201440226,296.5718944321415,,71287.39,
2026-04-08 04:00:00,1775620800000,71287.39,71941.42,71287.38,71627.59,3297.9557,71627.59,71627.59,,0.0,0.0,,71627.59,
2026-04-08 08:00:00,1775635200000,71627.59,71955.0,71407.77,71675.12,2214.64952,71632.11666666667,71629.45392156862,,3.791566951578716,3.0332535612629727,,71675.12,
2026-04-08 12:00:00,1775649600000,71675.12,72857.0,70707.23,71310.0,6816.03917,71601.4388888889,71616.92631680124,,-22.40742266700545,-18.53258884585696,,71310.0,
2026-04-08 16:00:00,1775664000000,71309.99,71963.94,71019.0,71318.48,2617.29334,71574.49042328043,71605.22253967178,,-42.001874104185845,-30.50163222642988,,71318.48,
2026-04-08 20:00:00,1775678400000,71318.47,71748.0,70901.89,71069.93,1486.68343,71069.93,71069.93,,0.0,0.0,,71069.93,
2026-04-09 00:00:00,1775692800000,71069.93,71198.8,70466.0,70992.39,2645.29554,71062.54523809523,71066.88921568627,,-6.185527065521455,-4.9484216524171645,,70992.39,
2026-04-09 04:00:00,1775707200000,70992.37,71116.0,70689.38,70982.01,2261.38499,70982.01,70982.01,,0.0,0.0,,70982.01,
2026-04-09 08:00:00,1775721600000,70982.01,71575.0,70865.42,71150.17,1825.96774,70998.02523809523,70988.60450980392,,13.414472934484364,10.731578347587492,,71150.17,
2026-04-09 12:00:00,1775736000000,71150.17,72358.0,70522.77,72141.99,4001.11726,71106.97426303854,71033.83531334101,,102.89106029983668,80.16653257035185,,72141.99,
2026-04-09 16:00:00,1775750400000,72142.0,72550.0,71729.66,72096.32,4013.80807,71201.19766655868,71075.50137948451,,168.1780611097347,116.36282670419988,,72096.32,
2026-04-09 20:00:00,1775764800000,72096.33,73145.0,71585.25,71787.97,3410.84799,71257.08074593404,71103.44132538709,,192.8145653213869,112.79946473268168,,71787.97,
2026-04-10 00:00:00,1775779200000,71787.98,72387.0,71573.35,71868.67,2706.87605,71315.32734155937,71133.45029301898,,216.3569596145972,109.07348722071352,,71868.67,
2026-04-10 04:00:00,1775793600000,71868.67,72267.89,71428.0,71481.85,2293.26674,71481.85,71481.85,,0.0,0.0,,71481.85,
2026-04-10 08:00:00,1775808000000,71481.85,72261.93,71426.15,72127.59,1565.72366,71543.34904761905,71507.17313725491,,51.51202279201243,41.209618233609945,,72127.59,
2026-04-10 12:00:00,1775822400000,72127.59,73289.96,71899.51,72460.51,5093.36163,71630.69770975057,71544.55889657825,,117.84113440634974,86.0309838783578,,72460.51,
2026-04-10 16:00:00,1775836800000,72460.52,73264.76,72387.41,73236.11,2498.15366,73236.11,73236.11,,0.0,0.0,,73236.11,
2026-04-10 20:00:00,1775851200000,73236.11,73434.0,72700.6,72962.7,3215.25114,73210.07095238095,73225.3880392157,,-21.81048433049,-17.448387464392,,72962.7,
2026-04-11 00:00:00,1775865600000,72962.71,73094.89,72670.0,72866.63,1637.40665,73177.36229024944,73211.31909650135,,-46.31362180503493,-33.56121995114954,,72866.63,
2026-04-11 04:00:00,1775880000000,72866.62,72954.28,72612.16,72745.38,1432.18692,72745.38,72745.38,,0.0,0.0,,72745.38,
2026-04-11 08:00:00,1775894400000,72745.38,72915.95,72617.75,72907.05,905.10314,72760.77714285714,72751.72000000002,,12.896752136744908,10.317401709395927,,72907.05,
2026-04-11 12:00:00,1775908800000,72907.05,72982.4,72513.09,72858.17,1133.77392,72770.05265306123,72755.89450980394,,18.95481432779343,13.100371120355558,,72858.17,
2026-04-11 16:00:00,1775923200000,72858.18,73790.0,72812.94,73687.15,2377.30473,72857.39525753158,72792.41433294889,,89.6146087586385,67.00813244096051,,73687.15,
2026-04-11 20:00:00,1775937600000,73687.16,73689.97,72907.4,73043.16,1585.16838,72875.08713776668,72802.24749636266,,92.58117580550606,55.97975959026245,,73043.16,
2026-04-12 00:00:00,1775952000000,73043.16,73137.24,71310.0,71593.19,4092.12587,72753.00169607461,72754.83347689746,,-21.81676939486352,-46.7345484880857,,71593.19,
2026-04-12 04:00:00,1775966400000,71593.18,71781.0,71417.22,71665.0,1969.72049,71665.0,71665.0,,0.0,0.0,,71665.0,
2026-04-12 08:00:00,1775980800000,71664.99,71805.85,71357.76,71468.55,1780.81611,71646.29047619048,71657.29607843138,,-15.671225071229856,-12.536980056983884,,71468.55,
2026-04-12 12:00:00,1775995200000,71468.54,71500.0,70604.07,70892.03,2361.32179,71574.45614512471,71627.28564398308,,-73.76086038263747,-56.5012922947132,,70892.03,
2026-04-12 16:00:00,1776009600000,70892.04,71222.58,70821.05,71084.18,991.98626,71527.76317892235,71605.98738343472,,-103.10389818635304,-68.675464078743,,71084.18,
2026-04-12 20:00:00,1776024000000,71084.18,71452.0,70505.88,70740.98,2276.49749,71452.83144759641,71572.06552526081,,-152.2962622982595,-94.2942625525196,,70740.98,
2026-04-13 00:00:00,1776038400000,70741.56,71271.78,70615.3,70976.0,1886.6472,71407.41892877771,71548.69040662314,,-170.35368418309372,-89.88134754988303,,70976.0,
2026-04-13 04:00:00,1776052800000,70975.99,71144.0,70672.72,70813.88,2674.10149,70813.88,70813.88,,0.0,0.0,,70813.88,
2026-04-13 08:00:00,1776067200000,70813.88,70997.12,70566.99,70929.68,1023.04479,70824.90857142858,70818.4211764706,,9.23760683760338,7.390085470082704,,70929.68,
2026-04-13 12:00:00,1776081600000,70929.68,72464.28,70758.5,71866.59,5445.44909,70924.11632653061,70859.52583621684,,91.1090354786138,71.4092112888745,,71866.59,
2026-04-13 16:00:00,1776096000000,71866.59,73480.0,71679.8,73322.82,6766.75131,71152.56429543246,70956.12560734559,,270.3815332972881,200.54536728603904,,73322.82,
2026-04-13 20:00:00,1776110400000,73322.0,74900.0,73007.08,74417.99,6434.22237,71463.55721967698,71091.88499529281,,495.1199115507188,340.2269964315758,,74417.99,
2026-04-14 00:00:00,1776124800000,74418.0,74579.32,73954.86,74444.43,3586.04231,71747.44986542204,71223.35734841858,,667.6637701646396,410.2166840363972,,74444.43,
2026-04-14 04:00:00,1776139200000,74444.44,74924.64,74150.6,74546.0,3393.84035,74546.0,74546.0,,0.0,0.0,,74546.0,
2026-04-14 08:00:00,1776153600000,74545.99,74910.0,74307.35,74376.52,2697.70497,74529.85904761904,74539.35372549019,,-13.519772079773247,-10.815817663818596,,74376.52,
2026-04-14 12:00:00,1776168000000,74376.52,76038.0,74277.19,75317.07,9779.47075,74604.83151927438,74569.85240292196,,51.07151500393229,43.02037553590955,,75317.07,
2026-04-14 16:00:00,1776182400000,75317.06,75688.0,73795.47,74223.18,4920.10933,74568.48375553395,74556.25740672894,,13.83333234867314,4.625754304520321,,74223.18,
2026-04-14 20:00:00,1776196800000,74223.3,74434.33,73806.09,74131.55,2155.77685,74526.87101691167,74539.6022143082,,-22.8090424649854,-25.61329640731057,,74131.55,
2026-04-15 00:00:00,1776211200000,74131.55,74786.72,74126.32,74345.97,2142.74367,74509.64234863436,74532.00879413924,,-34.152794327936135,-29.56563861620905,,74345.97,
2026-04-15 04:00:00,1776225600000,74345.98,74434.51,73514.0,73730.43,3073.4123,73730.43,73730.43,,0.0,0.0,,73730.43,
2026-04-15 08:00:00,1776240000000,73730.43,74256.44,73675.96,74201.78,1889.67298,73775.32047619046,73748.91431372549,,37.60056980057561,30.08045584046049,,74201.78,
2026-04-15 12:00:00,1776254400000,74201.78,74506.84,73580.85,73844.08,2744.86135,73781.86900226756,73752.64630142253,,38.09673622778792,24.461297814138234,,73844.08,
2026-04-15 16:00:00,1776268800000,73844.07,75281.0,73762.89,75002.6,2728.37363,73898.1290972897,73801.6640935236,,130.46886962541612,93.46674496941314,,75002.6,
2026-04-15 20:00:00,1776283200000,75002.6,75425.0,74512.06,74809.99,1845.97774,73984.97299278592,73841.20628593444,,185.9884742005088,119.18907963560464,,74809.99,
2026-04-16 00:00:00,1776297600000,74809.99,75267.85,74451.49,74888.21,1937.97594,74070.99556490155,73882.26525511348,,233.6069852015061,133.4460725092816,,74888.21,
2026-04-16 04:00:00,1776312000000,74888.21,75174.38,74636.0,74707.03,2185.42777,74707.03,74707.03,,0.0,0.0,,74707.03,
2026-04-16 08:00:00,1776326400000,74707.02,74901.5,74277.34,74574.79,2687.27336,74694.43571428572,74701.84411764707,,-10.54905982906348,-8.439247863250785,,74574.79,
2026-04-16 12:00:00,1776340800000,74574.8,75030.39,73309.85,74697.19,5210.02393,74694.69802721088,74701.66160322953,,-8.929672973434208,-5.455888806097209,,74697.19,
2026-04-16 16:00:00,1776355200000,74697.2,75410.71,73912.23,75342.99,3497.56,74756.44011985746,74726.81173643623,,43.957649183794274,37.94514668090502,,75342.99,
2026-04-16 20:00:00,1776369600000,75343.0,75534.76,74789.5,75154.29,1570.42677,74794.33058463295,74743.57558990932,,69.83965202284162,51.06171961596189,,75154.29,
2026-04-17 00:00:00,1776384000000,75154.28,75154.77,74529.4,74615.82,2160.86835,74777.32957657267,74738.56556677564,,46.36680920986692,22.071101442389747,,74615.82,
2026-04-17 04:00:00,1776398400000,74615.82,75089.51,74555.12,75074.77,1339.49148,75074.77,75074.77,,0.0,0.0,,75074.77,
2026-04-17 08:00:00,1776412800000,75074.76,76370.25,74993.24,75589.7,4979.26567,75123.81095238095,75094.96333333335,,41.07703703704465,32.861629629635715,,75589.7,
2026-04-17 12:00:00,1776427200000,75589.7,78052.49,75531.97,77785.02,11844.17586,75377.25943310658,75200.455751634,,247.9170285955479,191.7612969505112,,77785.02,
2026-04-17 16:00:00,1776441600000,77785.03,78333.0,77000.0,77393.58,3865.48754,75569.2899632869,75286.46062411895,,375.9199048468436,255.81133856144547,,77393.58,
2026-04-17 20:00:00,1776456000000,77393.58,77611.68,76911.0,77072.0,1752.07804,75712.40520487861,75356.48177611429,,446.26996567225433,260.92911950948496,,77072.0,
2026-04-18 00:00:00,1776470400000,77072.01,77420.08,76962.67,77005.47,1127.42699,75835.5542329854,75421.14798097256,,490.99460061328136,244.5230035604096,,77005.47,
2026-04-18 04:00:00,1776484800000,77005.47,77278.58,76884.1,76997.8,1126.90915,76997.8,76997.8,,0.0,0.0,,76997.8,
2026-04-18 08:00:00,1776499200000,76997.79,77048.0,75763.76,76039.05,2670.18059,76906.49047619048,76960.20196078432,,-76.48148148147448,-61.18518518517958,,76039.05,
2026-04-18 12:00:00,1776513600000,76039.06,76363.75,75797.53,76167.34,1672.54902,76836.09519274377,76929.10933487122,,-125.29732615804824,-88.00082388940267,,76167.34,
2026-04-18 16:00:00,1776528000000,76167.33,76211.57,75445.16,75649.85,1564.20833,76723.1194601015,76878.94230213118,,-203.3967221165221,-132.88017587830126,,75649.85,
2026-04-18 20:00:00,1776542400000,75649.86,75891.64,75599.64,75691.76,980.57048,76624.89474961565,76832.38613342015,,-258.92454832769,-150.72640167157527,,75691.76,
2026-04-19 00:00:00,1776556800000,75691.76,75847.42,75357.0,75515.77,1006.37687,76519.26382108082,76780.75412818798,,-313.51763668881904,-164.25559202616344,,75515.77,
2026-04-19 04:00:00,1776571200000,75515.76,75782.63,74867.72,75252.34,1626.173,75252.34,75252.34,,0.0,0.0,,75252.34,
2026-04-19 08:00:00,1776585600000,75252.33,75641.99,74921.74,75604.11,1388.70023,75285.8419047619,75266.13490196077,,28.06142450142943,22.449139601143543,,75604.11,
2026-04-19 12:00:00,1776600000000,75604.11,76240.66,75401.44,75846.63,2918.88485,75339.25029478458,75288.89941560937,,69.07340752103482,50.768898096599145,,75846.63,
2026-04-19 16:00:00,1776614400000,75846.63,75853.26,74608.0,74965.47,2037.3962,75303.65217147175,75276.2159091149,,30.12617589798174,9.457333178836851,,74965.47,
2026-04-19 20:00:00,1776628800000,74965.46,74965.47,73762.9,73801.79,2392.29117,75160.61767895063,75218.39528522805,,-93.5605289451196,-91.38349733141158,,73801.79,
2026-04-20 00:00:00,1776643200000,73801.8,74746.93,73724.31,74634.0,2498.4367,75110.46361428866,75195.47782306225,,-123.0127275663981,-96.66855676215206,,74634.0,
2026-04-20 04:00:00,1776657600000,74634.01,75572.0,74095.18,74837.17,2480.55303,74837.17,74837.17,,0.0,0.0,,74837.17,
2026-04-20 08:00:00,1776672000000,74837.18,75404.63,74619.41,75192.71,1646.53372,74871.03095238096,74851.11274509804,,28.362165242171613,22.68973219373729,,75192.71,
2026-04-20 12:00:00,1776686400000,75192.72,75772.72,74702.0,75716.77,3717.10765,74951.57752834467,74885.06008842753,,92.0653754433879,69.11435391596285,,75716.77,
2026-04-20 16:00:00,1776700800000,75716.78,76486.67,75289.92,76296.96,4186.21296,75079.70919231186,74940.42871241077,,187.2090828609508,131.40644906682056,,76296.96,
2026-04-20 20:00:00,1776715200000,76296.97,76558.62,75617.6,75840.97,2464.56628,75152.21022161549,74975.74405702211,,223.24316607571384,133.95242582526691,,75840.97,
2026-04-21 00:00:00,1776729600000,75840.97,76263.4,75474.77,75710.3,1612.43915,75205.36162908067,75004.550172433,,238.507098325732,119.373086460228,,75710.3,
2026-04-21 04:00:00,1776744000000,75710.31,76300.0,75600.0,76084.34,2226.77918,76084.34,76084.34,,0.0,0.0,,76084.34,
2026-04-21 08:00:00,1776758400000,76084.34,76927.57,76063.98,76452.94,2659.19547,76119.44476190476,76098.79490196078,,29.403988603982725,23.52319088318618,,76452.94,
2026-04-21 12:00:00,1776772800000,76452.94,76595.3,75430.62,75834.65,3598.9457,76092.32145124716,76088.43627835446,,2.783934221297386,-2.477490799599328,,75834.65,
2026-04-21 16:00:00,1776787200000,75834.66,76190.72,74821.57,75023.43,2902.15339,75990.5222654141,76046.67132626213,,-82.81666604116617,-70.46247284965031,,75023.43,
2026-04-21 20:00:00,1776801600000,75023.43,76425.37,74967.58,76336.15,1913.05843,76023.43919251752,76058.0234311146,,-44.22047916939482,-25.493028782303163,,76336.15,
2026-04-22 00:00:00,1776816000000,76336.14,77733.11,76132.95,77521.48,3427.92326,76166.10974561109,76115.41388479639,,81.07887497993943,79.84506029362487,,77521.48,
2026-04-22 04:00:00,1776830400000,77521.47,78452.18,77364.25,78012.79,4391.05885,78012.79,78012.79,,0.0,0.0,,78012.79,
2026-04-22 08:00:00,1776844800000,78012.78,78399.0,77941.59,78300.0,2316.44812,78040.14333333333,78024.05313725489,,22.911339031343232,18.329071225074586,,78300.0,
2026-04-22 12:00:00,1776859200000,78300.0,79400.0,78114.04,79272.9,5465.82641,78157.54873015873,78073.02752402921,,118.21097685895802,90.9029672421515,,79272.9,
2026-04-22 16:00:00,1776873600000,79272.91,79472.82,78632.37,78846.62,2393.5344,78223.1745653817,78103.3644838712,,157.52355946625175,104.17243987955618,,78846.62,
2026-04-22 20:00:00,1776888000000,78846.62,78915.84,78155.83,78178.23,1742.72121,78218.89413058346,78106.30038646449,,133.2100152472849,63.887116528471466,,78178.23,
2026-04-23 00:00:00,1776902400000,78178.22,78574.44,77453.43,77746.46,3482.97564,78173.90040386123,78092.18899875999,,78.1996884062246,7.101431749928921,,77746.46,
2026-04-23 04:00:00,1776916800000,77746.47,78339.35,77675.8,78048.62,1711.42731,78048.62,78048.62,,0.0,0.0,,78048.62,
2026-04-23 08:00:00,1776931200000,78048.61,78175.52,77174.01,77704.62,3562.23716,78015.85809523809,78035.12980392158,,-27.441595441589016,-21.95327635327121,,77704.62,
2026-04-23 12:00:00,1776945600000,77704.61,78662.5,77379.92,78376.76,3163.89025,78050.22970521542,78048.52706651289,,4.989309502358083,8.38210287254071,,78376.76,
2026-04-23 16:00:00,1776960000000,78376.77,78509.82,76960.0,77727.26,3947.74807,78019.4706856711,78035.92835802218,,-21.47068587777904,-14.462314006077126,,77727.26,
2026-04-23 20:00:00,1776974400000,77727.25,78331.0,77637.5,78257.48,1102.51658,78042.13823941672,78044.6166577076,,0.3399808287067571,5.878682160326933,,78257.48,
2026-04-24 00:00:00,1776988800000,78257.48,78581.93,77555.0,77737.85,2050.74535,78013.15840709131,78032.58659269946,,-24.027730222660463,-14.791223112832231,,77737.85,
2026-04-24 04:00:00,1777003200000,77737.84,78057.65,77457.0,77644.6,2006.47598,77644.6,77644.6,,0.0,0.0,,77644.6,
2026-04-24 08:00:00,1777017600000,77644.59,78372.58,77402.01,78240.26,2919.1254,77701.32952380953,77667.95921568628,,47.51703703703242,38.01362962962594,,78240.26,
2026-04-24 12:00:00,1777032000000,78240.27,78479.37,77577.22,78038.62,2850.11432,77733.45242630386,77682.49493271818,,68.11873799725436,46.89226447187829,,78038.62,
2026-04-24 16:00:00,1777046400000,78038.63,78060.29,77363.63,77628.85,1634.32254,77723.4902904654,77680.39120986649,,50.79518475530495,23.654968983943103,,77628.85,
2026-04-24 20:00:00,1777060800000,77628.84,77757.14,77264.08,77437.13,1214.35956,77696.21788184965,77670.8515545776,,21.34983466824633,-4.632304882492413,,77437.13,
2026-04-25 00:00:00,1777075200000,77437.13,77711.87,77309.92,77679.07,943.00804,77694.58475024492,77671.17384655496,,17.336869959937758,-6.916215672640789,,77679.07,
2026-04-25 04:00:00,1777089600000,77679.08,77691.23,77450.0,77501.19,894.01774,77501.19,77501.19,,0.0,0.0,,77501.19,
2026-04-25 08:00:00,1777104000000,77501.19,77885.35,77491.36,77682.3,753.19705,77518.43857142857,77508.29235294118,,14.447521367532318,11.558017094025852,,77682.3,
2026-04-25 12:00:00,1777118400000,77682.29,77752.54,77299.89,77330.26,1006.59668,77500.51680272109,77501.31069204152,,-2.4808025908860145,-4.296245491513983,,77330.26,
2026-04-25 16:00:00,1777132800000,77330.25,77454.31,77140.23,77330.01,1247.67486,77484.2780596048,77494.59301784381,,-15.735406232473906,-14.0406793064815,,77330.01,
2026-04-25 20:00:00,1777147200000,77330.0,77650.0,77311.05,77625.0,840.61983,77497.68014916625,77499.70701714406,,-2.408780524536269,-0.5712428788350894,,77625.0,
2026-04-26 00:00:00,1777161600000,77625.0,77642.43,77326.51,77400.21,671.17692,77488.39727781709,77495.80517333449,,-9.87220732854621,-6.427735746276024,,77400.21,
2026-04-26 04:00:00,1777176000000,77400.21,78200.0,77383.46,78102.53,1405.76785,78102.53,78102.53,,0.0,0.0,,78102.53,
2026-04-26 08:00:00,1777190400000,78102.53,78210.0,77926.59,78101.44,721.69853,78102.4261904762,78102.48725490195,,-0.0869515669619431,-0.0695612535695545,,78101.44,
2026-04-26 12:00:00,1777204800000,78101.43,78173.15,77770.0,78049.0,1130.54235,78097.33798185941,78100.38971549404,,-4.337332976181642,-3.4559541302314027,,78049.0,
2026-04-26 16:00:00,1777219200000,78049.0,78500.0,77850.0,78221.16,1505.06004,78109.13055501565,78105.1258050825,,6.115585668725544,5.5975716117406265,,78221.16,
2026-04-26 20:00:00,1777233600000,78221.17,78961.0,77843.75,78657.55,2529.31593,78161.3609783475,78126.78949900084,,49.04723890141759,38.82337987554614,,78657.55,
2026-04-27 00:00:00,1777248000000,78657.55,79485.66,78400.03,79105.49,3042.99628,78251.27802802868,78165.16991080472,,117.85731207345088,86.10676243806356,,79105.49,
2026-04-27 04:00:00,1777262400000,79105.5,79160.0,77465.05,77606.6,3608.39615,77606.6,77606.6,,0.0,0.0,,77606.6,
2026-04-27 08:00:00,1777276800000,77606.59,77980.0,77553.23,77844.26,1607.93582,77629.2342857143,77615.92000000001,,18.95863247862144,15.166905982897152,,77844.26,
2026-04-27 12:00:00,1777291200000,77844.25,78265.34,76564.33,76793.09,3804.78309,77549.60149659865,77583.65215686275,,-50.2578079723462,-43.23962757445639,,76793.09,
2026-04-27 16:00:00,1777305600000,76793.1,76990.43,76459.64,76878.07,2644.9239,77485.64611597022,77555.98226835833,,-97.13544299264322,-72.09381007580272,,76878.07,
2026-04-27 20:00:00,1777320000000,76878.23,77450.0,76763.71,77371.32,1337.88894,77474.75791444925,77548.74061077567,,-93.4083998547867,-54.69341355035696,,77371.32,
2026-04-28 00:00:00,1777334400000,77371.32,77478.0,76672.0,76815.18,1448.26407,77411.94097021598,77519.97352800016,,-133.78831306753273,-76.05866141048239,,76815.18,
2026-04-28 04:00:00,1777348800000,76815.18,77154.0,76424.9,76879.28,2882.71195,76879.28,76879.28,,0.0,0.0,,76879.28,
2026-04-28 08:00:00,1777363200000,76879.28,77013.63,76130.1,76229.0,2842.73206,76817.34857142858,76853.77882352941,,-51.87418803418405,-41.49935042734724,,76229.0,
2026-04-28 12:00:00,1777377600000,76228.99,76421.94,75666.6,76066.38,3776.77215,76745.82775510204,76822.90043829297,,-104.89773492097449,-75.61831785131012,,76066.38,
2026-04-28 16:00:00,1777392000000,76066.37,76380.83,75881.28,76330.97,1381.80454,76706.31749271139,76803.609048556,,-124.1380894913018,-75.88693793730997,,76330.97,
2026-04-28 20:00:00,1777406400000,76330.97,76481.3,76197.02,76342.77,878.43906,76671.69392197697,76785.53692900478,,-136.85645173881494,-70.88424014785848,,76342.77,
2026-04-29 00:00:00,1777420800000,76342.78,77127.62,76187.75,76994.78,1891.92924,76702.46402464583,76793.74253963205,,-93.24916914937783,-21.821566046737104,,76994.78,
2026-04-29 04:00:00,1777435200000,76994.77,77455.71,76880.0,77053.64,2974.5751,77053.64,77053.64,,0.0,0.0,,77053.64,
2026-04-29 08:00:00,1777449600000,77053.65,77904.93,76972.32,77590.03,2697.20554,77104.72476190477,77074.67490196078,,42.78894586894603,34.23115669515683,,77590.03,
2026-04-29 12:00:00,1777464000000,77590.04,77596.39,75705.32,75924.25,5263.52444,76992.29859410432,77029.56019992311,,-57.05730959976791,-52.492079018845686,,75924.25,
2026-04-29 16:00:00,1777478400000,75924.24,76274.8,74937.52,75563.86,3962.49362,76856.25682323724,76972.08176071044,,-163.38326690887334,-127.0544290623609,,75563.86,
2026-04-29 20:00:00,1777492800000,75563.87,76088.9,75497.43,75780.0,1490.20228,76753.75617340513,76925.33345636885,,-227.58322472187865,-153.00350950029298,,75780.0,
2026-04-30 00:00:00,1777507200000,75780.0,76473.26,75494.7,75928.1,1613.44526,76675.12225212845,76886.22626200145,,-263.4745509318309,-151.11586856819616,,75928.1,
2026-04-30 04:00:00,1777521600000,75928.09,76179.91,75323.65,76161.67,1807.58096,76161.67,76161.67,,0.0,0.0,,76161.67,
2026-04-30 08:00:00,1777536000000,76161.67,76339.38,75876.29,76059.43,1712.03014,76151.93285714286,76157.6605882353,,-8.155897435892257,-6.524717948713805,,76059.43,
2026-04-30 12:00:00,1777550400000,76059.42,76669.14,76042.75,76473.6,3506.19966,76182.56782312925,76170.05036908881,,18.5863014098868,16.173984717652203,,76473.6,
2026-04-30 16:00:00,1777564800000,76473.6,76514.8,76111.0,76412.8,930.96663,76204.49469711694,76179.56996245788,,34.476214449634426,25.65111820591986,,76412.8,
2026-04-30 20:00:00,1777579200000,76412.8,76568.9,76206.02,76346.57,811.59342,76218.0256783439,76186.11898353798,,41.24938034174557,25.9394272784248,,76346.57,
2026-05-01 00:00:00,1777593600000,76346.58,77453.74,76320.42,77131.08,2250.38749,76304.98323278733,76223.1762783012,,108.66790768923238,74.68636370072929,,77131.08,
2026-05-01 04:00:00,1777608000000,77131.08,77206.38,76653.6,77130.54,2352.39487,77130.54,77130.54,,0.0,0.0,,77130.54,
2026-05-01 08:00:00,1777622400000,77130.54,77600.0,77048.0,77463.98,1968.27324,77162.29619047619,77143.61607843137,,26.5992022792052,21.27936182336416,,77463.98,
2026-05-01 12:00:00,1777636800000,77463.98,78914.12,77408.73,78445.89,6731.19551,77284.54321995465,77194.68564398309,,125.4649111614417,96.11605656448052,,78445.89,
2026-05-01 16:00:00,1777651200000,78445.88,78683.23,78131.02,78360.0,2194.42574,77386.96767519707,77240.38424617983,,194.64237639782368,132.23481744069,,78360.0,
2026-05-01 20:00:00,1777665600000,78360.01,78422.81,77752.0,78231.13,1818.78817,77467.36408708307,77279.23702083944,,236.3428705129481,139.14824924465157,,78231.13,
2026-05-02 00:00:00,1777680000000,78231.13,78514.82,78166.48,78400.0,1196.13639,77556.18655497993,77323.18851021829,,279.79194287651626,146.07785728657575,,78400.0,
2026-05-02 04:00:00,1777694400000,78399.99,78448.99,78040.0,78220.0,1475.03871,78220.0,78220.0,,0.0,0.0,,78220.0,
2026-05-02 08:00:00,1777708800000,78220.0,78394.0,78094.43,78143.08,868.1323,78212.6742857143,78216.98352941177,,-6.136068376072217,-4.908854700857773,,78143.08,
2026-05-02 12:00:00,1777723200000,78143.09,78487.68,78108.41,78487.67,726.08154,78238.8643537415,78227.5986851211,,16.615058319322998,14.273817595629954,,78487.67,
2026-05-02 16:00:00,1777737600000,78487.67,78596.61,78310.54,78486.0,708.03792,78262.4010819566,78237.73207001832,,34.1174503647926,25.420967712879644,,78486.0,
2026-05-02 20:00:00,1777752000000,78486.23,79199.48,78418.32,78686.85,1177.44956,78302.82478843693,78255.34453786074,,63.46357005437312,43.81366992196813,,78686.85,
2026-05-03 00:00:00,1777766400000,78686.84,78754.55,78108.75,78203.08,1047.76325,78293.32528477628,78253.29494814071,,47.14097357122228,21.992858751053827,,78203.08,
2026-05-03 04:00:00,1777780800000,78203.07,78483.67,78084.08,78363.25,794.16967,78363.25,78363.25,,0.0,0.0,,78363.25,
2026-05-03 08:00:00,1777795200000,78363.24,78849.22,78354.53,78656.01,948.77514,78391.1319047619,78374.73078431372,,23.354074074086384,18.683259259269107,,78656.01,
2026-05-03 12:00:00,1777809600000,78656.01,78878.77,78586.99,78668.36,1137.8563,78417.53458049886,78386.24565551711,,42.37046744751569,30.15972210615873,,78668.36,
2026-05-03 16:00:00,1777824000000,78668.36,78853.32,78558.65,78760.32,916.2637,78450.18081092753,78400.9152376537,,64.12233727060084,41.5292735433951,,78760.32,
2026-05-03 20:00:00,1777838400000,78760.32,79447.0,78484.42,78568.57,2580.96484,78461.45597179158,78407.4899342163,,65.13736533973133,34.03544129002047,,78568.57,
2026-05-04 00:00:00,1777852800000,78568.58,80458.0,78288.88,80316.31,5091.61332,78638.10873638287,78482.34562307056,,204.6111637945869,138.80739179590083,,80316.31,
2026-05-04 04:00:00,1777867200000,80316.3,80635.51,79500.0,79696.75,3632.41236,79696.75,79696.75,,0.0,0.0,,79696.75,
2026-05-04 08:00:00,1777881600000,79696.75,79930.0,78202.0,78793.67,5989.03806,79610.74238095238,79661.33509803921,,-72.04056980057794,-57.63245584046236,,78793.67,
2026-05-04 12:00:00,1777896000000,78793.67,80545.17,78500.0,80028.85,5918.14009,79650.56215419501,79675.74744713571,,-29.12875901981897,-11.776516047762705,,80028.85,
2026-05-04 16:00:00,1777910400000,80028.85,80776.99,79619.33,80053.31,3742.49503,79688.91909189073,79690.55382175784,,6.774782292966847,19.30162021201849,,80053.31,
2026-05-04 20:00:00,1777924800000,80053.31,80397.19,79744.91,79861.01,1669.26249,79705.30870218684,79697.23837776734,,19.486961016154964,25.61103914816529,,79861.01,
2026-05-05 00:00:00,1777939200000,79861.01,81083.98,79808.72,80893.08,2402.14099,79818.42977816905,79744.13412765882,,111.55494194154744,94.1432160588462,,80893.08,
2026-05-05 04:00:00,1777953600000,80893.08,81323.52,80725.0,80855.59,2974.59341,80855.59,80855.59,,0.0,0.0,,80855.59,
2026-05-05 08:00:00,1777968000000,80855.59,81095.48,80527.76,81014.05,2484.57226,80870.68142857142,80861.80411764706,,12.640683760677348,10.112547008541878,,81014.05,
2026-05-05 12:00:00,1777982400000,81014.05,81712.32,80932.54,81525.19,4561.19169,80933.0155782313,80887.81925028836,,63.17500085225038,48.51749128009192,,81525.19,
2026-05-05 16:00:00,1777996800000,81525.19,81680.0,81050.04,81606.35,1780.45876,80997.1426660188,80915.99692674764,,108.52177349264092,75.09141113638597,,81606.35,
2026-05-05 20:00:00,1778011200000,81606.35,81791.48,80790.0,80905.52,2744.22284,80988.41669782654,80915.58606687518,,86.90648968107416,42.78090185985536,,80905.52,
2026-05-06 00:00:00,1778025600000,80905.53,81760.84,80731.14,81581.69,3011.74344,81044.91891708116,80941.70778974282,,122.92053809443314,63.03596021857148,,81581.69,
2026-05-06 04:00:00,1778040000000,81581.7,81649.99,81060.0,81359.82,2300.70653,81359.82,81359.82,,0.0,0.0,,81359.82,
2026-05-06 08:00:00,1778054400000,81359.82,82850.0,81328.68,82522.89,5188.93186,81470.58857142858,81405.43058823531,,92.78051282050728,74.22441025640583,,82522.89,
2026-05-06 12:00:00,1778068800000,82522.88,82539.33,81136.0,81704.25,4508.6602,81492.84204081634,81417.1489965398,,99.10985462779354,64.44300165095366,,81704.25,
2026-05-06 16:00:00,1778083200000,81704.25,81907.51,81200.0,81464.87,2369.91746,81490.17803692906,81419.0204084402,,83.84344317051,39.34127215493609,,81464.87,
2026-05-06 20:00:00,1778097600000,81464.86,81700.0,81000.0,81447.01,1418.81447,81486.06679531679,81420.11803948176,,69.50236931457766,20.000158639203,,81447.01,
2026-05-07 00:00:00,1778112000000,81447.01,81490.03,80830.23,80834.91,2068.1731,81424.05186242946,81397.16870460012,,8.645945418160409,-32.6850122057714,,80834.91,
2026-05-07 04:00:00,1778126400000,80834.92,81708.32,80725.09,81518.58,2038.83969,81518.58,81518.58,,0.0,0.0,,81518.58,
2026-05-07 08:00:00,1778140800000,81518.57,81590.0,80572.4,80866.65,2364.09693,81456.49142857143,81493.01411764706,,-52.00581196582061,-41.60464957265649,,80866.65,
2026-05-07 12:00:00,1778155200000,80866.65,81180.0,79699.52,79890.63,4826.66306,81307.36176870749,81430.17552479816,,-170.01759271434275,-127.6931442569429,,79890.63,
2026-05-07 16:00:00,1778169600000,79890.0,80269.06,79500.0,80146.11,3315.14425,81196.76636216392,81379.82001402177,,-240.1592717314197,-158.26785861921587,,80146.11,
2026-05-07 20:00:00,1778184000000,80146.77,80371.23,79582.95,80006.0,1541.88635,81083.36004195784,81325.94471935426,,-303.5535869529704,-177.32973907261322,,80006.0,
2026-05-08 00:00:00,1778198400000,80006.0,80142.84,79181.48,79578.85,3093.73664,80940.07337129519,81257.43120094821,,-383.83684147751774,-206.09039487772847,,79578.85,
2026-05-08 04:00:00,1778212800000,79578.84,79778.95,79248.58,79682.4,2410.56518,79682.4,79682.4,,0.0,0.0,,79682.4,
2026-05-08 08:00:00,1778227200000,79682.4,80340.94,79666.05,80231.22,2348.19703,79734.66857142856,79703.92235294117,,43.78051282050728,35.02441025640583,,80231.22,
2026-05-08 12:00:00,1778241600000,80231.22,80500.0,79549.54,80142.14,3741.40163,79773.47537414964,79721.10735870819,,70.4764643144008,49.37628940023947,,80142.14,
2026-05-08 16:00:00,1778256000000,80142.13,80299.99,79738.75,80179.94,3047.90033,79812.1862908973,79739.1007956216,,93.6043298516306,58.00332394997543,,80179.94,
2026-05-08 20:00:00,1778270400000,80180.0,80409.09,80089.76,80193.17,1359.50928,79848.47045366898,79756.90743108743,,111.71312102921364,60.88969210204677,,80193.17,
2026-05-09 00:00:00,1778284800000,80193.18,80550.67,80129.85,80383.95,1093.10948,79899.46850570051,79781.49733575067,,139.8467537634424,71.2186598690204,,80383.95,
2026-05-09 04:00:00,1778299200000,80383.96,80666.66,80135.0,80228.89,1481.48785,80228.89,80228.89,,0.0,0.0,,80228.89,
2026-05-09 08:00:00,1778313600000,80228.88,80452.44,80166.26,80345.46,1009.73824,80239.9919047619,80233.46137254902,,9.299031339032808,7.439225071226247,,80345.46,
2026-05-09 12:00:00,1778328000000,80345.47,80600.0,80234.0,80527.92,1439.92073,80267.41362811792,80245.00876970396,,31.033839011055534,23.339226194599178,,80527.92,
2026-05-09 16:00:00,1778342400000,80527.92,81080.0,80487.4,80938.53,1533.85565,80331.32947305907,80272.20568069596,,80.46408617276757,58.21557868504897,,80938.53,
2026-05-09 20:00:00,1778356800000,80938.53,80938.53,80621.88,80678.4,990.30982,80364.38380895821,80288.13486968828,,97.5234070410952,60.21991964270127,,80678.4,
2026-05-10 00:00:00,1778371200000,80678.41,80887.15,80572.77,80775.0,1332.26793,80403.49011286696,80307.22761989658,,117.48357687193491,64.14407157883281,,80775.0,
2026-05-10 04:00:00,1778385600000,80774.99,80840.0,80658.97,80736.03,1238.41638,80736.03,80736.03,,0.0,0.0,,80736.03,
2026-05-10 08:00:00,1778400000000,80736.03,80975.4,80691.0,80821.21,1108.70905,80744.14238095238,80739.37039215687,,6.794985754982918,5.435988603986334,,80821.21,
2026-05-10 12:00:00,1778414400000,80821.21,81442.81,80784.2,81418.01,1642.67937,80808.32024943312,80765.9837101115,,59.649234015960246,46.63218949197093,,81418.01,
2026-05-10 16:00:00,1778428800000,81418.01,81583.11,81148.0,81437.83,1798.22732,80868.27355901092,80792.33062344046,,101.96057685272535,71.15482586298883,,81437.83,
2026-05-10 20:00:00,1778443200000,81437.83,82479.32,80279.77,82210.07,4914.01877,80996.06369624798,80847.92824605065,,195.55173631910293,131.7967882634931,,82210.07,
2026-05-11 00:00:00,1778457600000,82210.07,82380.0,80525.0,80736.01,3139.85094,80971.2966775577,80843.53929522513,,149.06080158401164,68.24468282272147,,80736.01,
2026-05-11 04:00:00,1778472000000,80736.0,81049.51,80639.99,80740.4,1595.10256,80740.4,80740.4,,0.0,0.0,,80740.4,
2026-05-11 08:00:00,1778486400000,80740.4,81200.0,80621.87,81196.94,1639.3936,80783.88,80758.30352941177,,36.41914529913629,29.13531623930903,,81196.94,
2026-05-11 12:00:00,1778500800000,81196.95,81458.0,80462.97,81445.9,2668.23418,80846.92952380954,80785.26809688582,,84.39768768109207,61.69108689701184,,81445.9,
2026-05-11 16:00:00,1778515200000,81445.89,82137.26,81344.72,81961.99,2673.46567,80953.1257596372,80831.4140538707,,162.19548940278764,111.59111089496594,,81961.99,
2026-05-11 20:00:00,1778529600000,81961.99,82078.91,81596.31,81745.65,1235.71361,81028.60425871938,80867.26644391498,,204.0419096758851,122.75002493445072,,81745.65,
2026-05-12 00:00:00,1778544000000,81745.66,81788.0,80714.28,81058.8,1860.32116,81031.48004360325,80874.77756376145,,179.7108496656292,78.73517193935587,,81058.8,
2026-05-12 04:00:00,1778558400000,81058.79,81305.24,80800.77,80865.4,1779.90239,80865.4,80865.4,,0.0,0.0,,80865.4,
2026-05-12 08:00:00,1778572800000,80865.4,80964.13,80496.57,80784.87,1973.06446,80857.73047619048,80862.2419607843,,-6.4240455840481445,-5.139236467238516,,80784.87,
2026-05-12 12:00:00,1778587200000,80784.86,80999.0,80188.65,80336.01,3205.73752,80808.0428117914,80841.60541330256,,-47.19041696090426,-36.7244862752757,,80336.01,
2026-05-12 16:00:00,1778601600000,80336.01,80874.42,79843.59,80834.64,2673.67675,80810.57587733507,80841.3322598397,,-38.81534704861406,-22.679533090388404,,80834.64,
2026-05-12 20:00:00,1778616000000,80835.3,80896.25,80439.91,80504.47,893.55448,80781.42293663649,80828.12197514011,,-58.1496900284692,-33.61110085619483,,80504.47,
2026-05-13 00:00:00,1778630400000,80504.47,81299.99,80412.15,81249.99,1575.91837,80826.04837124253,80844.66581925226,,-13.163324100678436,9.100212057276742,,81249.99,
2026-05-13 04:00:00,1778644800000,81249.99,81281.07,80889.12,81026.92,1495.76347,81026.92,81026.92,,0.0,0.0,,81026.92,
2026-05-13 08:00:00,1778659200000,81026.92,81324.64,80494.98,80501.22,1841.28298,80976.85333333333,81006.30431372549,,-41.93618233618327,-33.54894586894661,,80501.22,
2026-05-13 12:00:00,1778673600000,80501.22,80592.65,78807.22,78827.21,5073.46241,80772.1253968254,80920.84963475587,,-207.85351969546173,-159.57302658258004,,78827.21,
2026-05-13 16:00:00,1778688000000,78827.21,79800.0,78754.65,79642.41,3344.60077,80664.53345427061,80870.71474711839,,-270.44683506588626,-177.73307356240366,,79642.41,
2026-05-13 20:00:00,1778702400000,79642.41,79760.0,79228.0,79313.61,1479.02843,80535.8740776734,80809.65181585884,,-342.63422648070264,-199.936371981776,,79313.61,
2026-05-14 00:00:00,1778716800000,79313.61,79681.73,78922.0,79044.85,2209.55472,80393.87178456166,80740.44390151145,,-416.7261801364221,-219.2226605099964,,79044.85,
2026-05-14 04:00:00,1778731200000,79044.86,79998.0,78982.06,79745.98,2068.97946,79745.98,79745.98,,0.0,0.0,,79745.98,
2026-05-14 08:00:00,1778745600000,79745.99,79936.98,79234.0,79258.27,1846.46215,79699.53142857143,79726.85411764705,,-38.90564102564531,-31.124512820516248,,79258.27,
2026-05-14 12:00:00,1778760000000,79258.27,81332.23,79230.31,81301.23,5702.09728,79852.07414965986,79788.59434832756,,94.0272686098324,81.44671745196916,,81301.23,
2026-05-14 16:00:00,1778774400000,81301.22,82048.13,81080.25,81419.74,6279.93607,80001.37565921606,79852.56084447159,,206.5592374853732,155.18294906200794,,81419.74,
2026-05-14 20:00:00,1778788800000,81419.75,81590.19,81059.93,81089.99,1620.83839,80105.0532154812,79901.08747802173,,266.0665152370348,171.75218145093564,,81089.99,
2026-05-15 00:00:00,1778803200000,81090.0,81664.45,80750.0,81059.15,2453.72559,80195.91957591155,79946.5016945699,,307.1967583161168,170.3059396240141,,81059.15,
2026-05-15 04:00:00,1778817600000,81059.15,81100.0,80314.0,80814.88,3091.1014,80814.88,80814.88,,0.0,0.0,,80814.88,
2026-05-15 08:00:00,1778832000000,80814.88,80822.95,80369.0,80628.53,1706.25967,80797.13238095239,80807.57215686276,,-14.865527065529022,-11.892421652423218,,80628.53,
2026-05-15 12:00:00,1778846400000,80628.52,80635.44,78659.0,79150.27,6208.56941,80640.28834467121,80742.57991541717,,-144.26677445801033,-113.03493523592364,,79150.27,
2026-05-15 16:00:00,1778860800000,79150.26,79561.94,79051.0,79146.5,1959.36078,80498.02278803586,80679.98854618514,,-244.30619307652523,-170.45948308355082,,79146.5,
2026-05-15 20:00:00,1778875200000,79146.5,79217.07,78911.42,79113.21,1932.25394,80366.13585584196,80618.54625025632,,-322.55615133231913,-198.9675530714757,,79113.21,
2026-05-16 00:00:00,1778889600000,79113.2,79227.77,79010.0,79083.18,1248.1828,80243.949583857,80558.3358090698,,-382.58280066285806,-207.1953619216117,,79083.18,
2026-05-16 04:00:00,1778904000000,79083.19,79129.71,78066.0,78369.77,2404.82958,78369.77,78369.77,,0.0,0.0,,78369.77,
2026-05-16 08:00:00,1778918400000,78369.78,78530.52,77640.0,78081.71,3846.10003,78342.33571428571,78358.47352941177,,-22.97914529913396,-18.38331623930717,,78081.71,
2026-05-16 12:00:00,1778932800000,78080.46,78346.0,77833.4,78238.67,2684.35726,78332.46278911564,78353.77535178779,,-28.199852923266008,-18.88321909075137,,78238.67,
2026-05-16 16:00:00,1778947200000,78238.68,78364.65,78119.72,78259.66,1260.04581,78325.52919015224,78350.08455367846,,-30.29436911969969,-16.782188229748044,,78259.66,
2026-05-16 20:00:00,1778961600000,78259.67,78318.94,78125.32,78148.05,689.34644,78308.62641013775,78342.1616300048,,-40.49349868531863,-21.58505423629358,,78148.05,
2026-05-17 00:00:00,1778976000000,78148.05,78243.19,77721.19,78028.88,1284.92928,78281.98389488654,78329.87607588698,,-57.52924408647232,-30.896639709957817,,78028.88,
2026-05-17 04:00:00,1778990400000,78028.88,78323.96,78003.35,78180.01,952.09545,78180.01,78180.01,,0.0,0.0,,78180.01,
2026-05-17 08:00:00,1779004800000,78180.0,78599.99,78033.01,78415.99,1136.18338,78202.48428571428,78189.26411764706,,18.82461538461212,15.059692307689692,,78415.99,
2026-05-17 12:00:00,1779019200000,78415.99,78550.0,77850.0,78051.41,1115.91599,78188.0962585034,78183.85807381777,,4.2754152969428105,0.4083937760163092,,78051.41,
2026-05-17 16:00:00,1779033600000,78051.42,78468.46,77856.69,78415.3,837.07576,78209.73471007451,78192.9342277857,,21.85600878612604,14.391189812159633,,78415.3,
2026-05-17 20:00:00,1779048000000,78415.29,78485.36,76735.16,77457.67,3116.50234,78138.10949959123,78164.10033649999,,-41.01123003328394,-38.78083920580028,,77457.67,
2026-05-18 00:00:00,1779062400000,77457.67,77477.99,76707.61,76924.65,2888.01155,78022.5419282016,78115.49444095096,,-132.31893873758963,-104.07083832808478,,76924.65,
2026-05-18 04:00:00,1779076800000,76924.66,77089.29,76583.33,77073.69,2702.66726,77073.69,77073.69,,0.0,0.0,,77073.69,
2026-05-18 08:00:00,1779091200000,77073.69,77403.48,76668.58,77285.83,2052.55387,77093.89380952381,77082.00921568628,,16.922849002847215,13.538279202277772,,77285.83,
2026-05-18 12:00:00,1779105600000,77285.83,77800.0,76051.0,76409.46,6216.09738,77028.7096371882,77055.63473663977,,-39.92121914596646,-34.64463115722872,,76409.46,
2026-05-18 16:00:00,1779120000000,76409.46,76995.0,76144.24,76928.0,3295.85681,77019.11824317028,77050.62945284999,,-42.637213061447255,-29.88850005816761,,76928.0,
2026-05-18 20:00:00,1779134400000,76928.0,77222.79,76800.0,77001.87,1590.32991,77017.47555334453,77048.71731744411,,-38.38647082359239,-20.5102062562502,,77001.87,
2026-05-19 00:00:00,1779148800000,77001.88,77414.62,76487.83,76787.11,2006.76014,76995.53597683553,77038.45820695611,,-51.7505164113245,-27.099401475185843,,76787.11,
2026-05-19 04:00:00,1779163200000,76787.1,77278.57,76644.98,77233.69,1508.45954,77233.69,77233.69,,0.0,0.0,,77233.69,
2026-05-19 08:00:00,1779177600000,77233.68,77317.02,76633.83,76714.62,1745.68912,77184.25476190477,77213.33431372549,,-41.40729344730789,-33.12583475784631,,76714.62,
2026-05-19 12:00:00,1779192000000,76714.61,77048.72,76144.71,76521.23,3363.76947,77121.10954648527,77186.19296808919,,-88.80414964164083,-64.4181527617434,,76521.23,
2026-05-19 16:00:00,1779206400000,76521.24,77065.8,76407.72,76818.74,1634.99916,77092.31244682001,77171.78304777198,,-101.19343412847957,-61.445949798865705,,76818.74,
2026-05-19 20:00:00,1779220800000,76818.73,77040.83,76642.95,76834.36,765.18235,77067.74554712287,77158.55077138876,,-108.50089708392623,-55.00273020344991,,76834.36,
2026-05-20 00:00:00,1779235200000,76834.36,76922.46,76516.74,76723.54,1561.801,77034.9640664445,77141.49152545196,,-121.82998176888212,-54.66545191072463,,76723.54,
2026-05-20 04:00:00,1779249600000,76723.55,77472.21,76692.0,77282.64,2218.09189,77282.64,77282.64,,0.0,0.0,,77282.64,
2026-05-20 08:00:00,1779264000000,77282.65,77663.0,77210.33,77382.49,1682.41191,77292.14952380952,77286.5556862745,,7.965242165242671,6.372193732194137,,77382.49,
2026-05-20 12:00:00,1779278400000,77382.5,77853.04,76891.61,77455.46,3039.76807,77307.70290249433,77293.17938485197,,19.93601318172296,14.674371798939536,,77455.46,
2026-05-20 16:00:00,1779292800000,77455.45,77713.66,77018.38,77667.49,1712.28825,77341.96834035202,77307.85823250483,,46.00170542331762,32.59205123242736,,77667.49,
2026-05-20 20:00:00,1779307200000,77667.49,77766.6,77226.61,77552.23,1081.90195,77361.99326031849,77317.44143907327,,56.70477820036467,34.636099207579534,,77552.23,
2026-05-21 00:00:00,1779321600000,77552.24,78173.15,77525.0,78078.72,2263.9569,77430.25294981195,77347.29550028608,,106.4433705105912,67.49975321424483,,78078.72,
2026-05-21 04:00:00,1779336000000,78078.72,78180.01,77521.0,77889.01,1454.09234,77889.01,77889.01,,0.0,0.0,,77889.01,
2026-05-21 08:00:00,1779350400000,77889.01,78200.0,77147.15,77189.1,1934.87402,77822.35190476189,77861.5625490196,,-55.83327635328169,-44.66662108262536,,77189.1,
2026-05-21 12:00:00,1779364800000,77189.1,77402.12,76719.47,77259.46,2353.9044,77768.74315192743,77837.95068435217,,-93.32825610182772,-65.72928066493711,,77259.46,
2026-05-21 16:00:00,1779379200000,77259.45,78098.16,77008.75,77690.56,2693.31851,77761.29713745814,77832.17065751483,,-87.25135127687827,-47.72190067199013,,77690.56,
2026-05-21 20:00:00,1779393600000,77690.56,77813.35,77534.43,77615.52,618.11224,77747.41360055735,77823.67455329857,,-87.48202298067918,-38.36205790063283,,77615.52,
2026-05-22 00:00:00,1779408000000,77615.52,77817.8,77327.28,77779.98,884.30161,77750.51516240904,77821.9610414045,,-73.54648630438896,-19.54121697947409,,77779.98,
2026-05-22 04:00:00,1779422400000,77779.98,77900.0,77288.77,77408.06,1756.84353,77408.06,77408.06,,0.0,0.0,,77408.06,
2026-05-22 08:00:00,1779436800000,77408.07,77535.0,77184.45,77428.84,1436.53453,77410.03904761905,77408.87490196078,,1.6576638176484266,1.3261310541187412,,77428.84,
2026-05-22 12:00:00,1779451200000,77428.83,77584.94,76570.0,76790.59,2613.83665,77351.04390022677,77384.62843521722,,-47.977017394354334,-38.64684012630721,,76790.59,
2026-05-22 16:00:00,1779465600000,76790.6,77093.72,75668.76,75860.44,2815.05544,77209.0816240147,77324.8563397185,,-160.51784150752064,-120.95013139157882,,75860.44,
2026-05-22 20:00:00,1779480000000,75860.44,76087.85,75359.18,75539.5,1765.78958,77050.07385029901,77254.8423656119,,-272.46363998357265,-186.31674389410463,,75539.5,
2026-05-23 00:00:00,1779494400000,75539.5,75664.62,75220.0,75635.22,1896.10926,76915.32586455626,77191.32776303888,,-349.42967992938065,-210.6262270719301,,75635.22,
2026-05-23 04:00:00,1779508800000,75635.22,75650.63,74289.6,74609.36,2690.99014,74609.36,74609.36,,0.0,0.0,,74609.36,
2026-05-23 08:00:00,1779523200000,74609.37,74873.55,74303.56,74789.99,2509.09623,74626.56285714285,74616.44352941177,,14.409230769218992,11.527384615375194,,74789.99,
2026-05-23 12:00:00,1779537600000,74789.99,75726.3,74660.05,75520.0,2943.5001,74711.65210884353,74651.87711649366,,83.76872233179165,64.70950094235829,,75520.0,
2026-05-23 16:00:00,1779552000000,75519.99,76012.22,75371.72,75983.45,1772.27259,74832.77571752509,74704.09566094489,,174.12594538131088,124.053379193502,,75983.45,
2026-05-23 20:00:00,1779566400000,75983.45,77404.18,75953.94,76752.01,3274.91982,75015.55993490365,74784.40602718235,,304.24392987445754,203.3370909493189,,76752.01,
2026-05-24 00:00:00,1779580800000,76752.0,77011.62,76629.02,76750.0,1051.70404,75180.74470300807,74861.48814376345,,402.5607105471572,241.32309729761488,,76750.0,
2026-05-24 04:00:00,1779595200000,76750.01,77065.94,76651.59,76799.99,817.66826,76799.99,76799.99,,0.0,0.0,,76799.99,
2026-05-24 08:00:00,1779609600000,76799.99,77543.15,76734.42,77320.06,1746.24676,76849.52047619048,76820.38490196079,,41.48706552706426,33.18965242165141,,77320.06,
2026-05-24 12:00:00,1779624000000,77320.06,77325.72,76195.36,76371.59,1982.25663,76804.00328798186,76802.7851018839,,-2.143034877954051,-8.352358386693524,,76371.59,
2026-05-24 16:00:00,1779638400000,76371.59,76799.99,76371.59,76773.34,882.04437,76801.08297484074,76801.6303920061,,-4.253306877581053,-8.37010430905642,,76773.34,
2026-05-24 20:00:00,1779652800000,76773.33,77225.97,76108.0,77064.96,1918.0815,76826.21412009401,76811.95704329999,,17.404950750948046,10.630522655578144,,77064.96,
2026-05-25 00:00:00,1779667200000,77064.96,77485.0,76914.25,77026.67,1368.4044,76845.30515627554,76820.37715924901,,31.12085116360685,19.477138454589564,,77026.67,
2026-05-25 04:00:00,1779681600000,77026.68,77650.0,76990.78,77401.12,1348.52945,77401.12,77401.12,,0.0,0.0,,77401.12,
2026-05-25 08:00:00,1779696000000,77401.11,77699.97,77280.32,77357.5,1214.44703,77396.9657142857,77399.4094117647,,-3.479658119642409,-2.783726495713927,,77357.5,
2026-05-25 12:00:00,1779710400000,77357.5,77905.52,77286.5,77628.82,1563.39696,77419.04707482993,77408.405905421,,15.477528916177109,12.938768432084473,,77628.82,
2026-05-25 16:00:00,1779724800000,77628.82,77807.29,77343.61,77441.86,1121.16576,77421.21973436994,77409.7178306986,,15.23945575147809,10.160556213908364,,77441.86,
2026-05-25 20:00:00,1779739200000,77441.85,77500.0,77019.82,77322.01,1056.37837,77411.77118823947,77406.27830792611,,5.318578420134145,0.1917431060515335,,77322.01,
2026-05-26 00:00:00,1779753600000,77322.01,77345.0,76475.59,76664.01,2145.81269,77340.55583697856,77377.16974683097,,-55.00482779012236,-48.10533048336398,,76664.01,
2026-05-26 04:00:00,1779768000000,76664.0,77059.74,76603.73,76730.84,2043.2043,76730.84,76730.84,,0.0,0.0,,76730.84,
2026-05-26 08:00:00,1779782400000,76730.84,77621.75,76586.94,77183.55,1896.99632,76773.95523809524,76748.59333333334,,36.11361823360494,28.890894586883952,,77183.55,
2026-05-26 12:00:00,1779796800000,77183.56,78080.0,76272.63,76518.1,4834.0846,76749.58807256236,76739.55437908496,,10.911881884065224,2.9513265898753875,,76518.1,
2026-05-26 16:00:00,1779811200000,76518.1,76710.01,75779.3,76052.0,4688.69854,76683.15111327071,76712.5914622581,,-46.13918655940506,-43.27979348287592,,76052.0,
2026-05-26 20:00:00,1779825600000,76052.0,76180.0,75677.97,75930.01,1344.67984,76611.4233881973,76681.90199314995,,-100.04291042184924,-77.74681387625607,,75930.01,
2026-05-27 00:00:00,1779840000000,75930.01,76104.02,75607.62,75683.0,2404.25109,76523.0021131309,76642.72936596759,,-160.8395839844743,-110.83478995110492,,75683.0,
2026-05-27 04:00:00,1779854400000,75683.0,75980.0,75310.9,75977.17,2224.40852,75977.17,75977.17,,0.0,0.0,,75977.17,
2026-05-27 08:00:00,1779868800000,75977.16,76071.41,75710.76,75769.18,1291.66875,75957.36142857143,75969.01352941176,,-16.59179487178335,-13.27343589742668,,75769.18,
2026-05-27 12:00:00,1779883200000,75769.18,76174.15,74758.33,75326.01,5186.20338,75897.23272108844,75943.79770472896,,-64.75457666740112,-49.14897415443557,,75326.01,
2026-05-27 16:00:00,1779897600000,75326.02,75408.01,74663.45,75066.08,3165.53822,75818.07531908002,75909.37740258273,,-122.48616267059695,-85.50444812610513,,75066.08,
2026-05-27 20:00:00,1779912000000,75066.09,75415.81,74243.99,74449.3,2605.70487,75687.71576488191,75852.11946522654,,-215.5234319019364,-142.83337388595567,,74449.3,
2026-05-28 00:00:00,1779926400000,74449.31,74590.77,73060.59,73258.01,5727.94403,75456.31521584555,75750.38968227648,,-380.9914527310175,-246.6411157720294,,73258.01,
2026-05-28 04:00:00,1779940800000,73258.0,73512.14,72728.85,73498.0,4799.6102,73498.0,73498.0,,0.0,0.0,,73498.0,
2026-05-28 08:00:00,1779955200000,73498.0,73616.0,73193.13,73505.66,1994.38372,73498.72952380952,73498.30039215687,,0.6110541310481494,0.4888433048385195,,73505.66,
2026-05-28 12:00:00,1779969600000,73505.65,73580.75,72582.82,72928.73,4632.38493,73444.4438548753,73475.9642983468,,-44.94006931761396,-36.04982411505887,,72928.73,
2026-05-28 16:00:00,1779984000000,72928.73,73749.69,72741.4,73419.32,2524.28664,73442.05110679194,73473.74295331359,,-40.98074929229915,-25.672403271795247,,73419.32,
2026-05-28 20:00:00,1779998400000,73419.31,73949.22,73241.48,73617.51,1595.41074,73458.76147757366,73479.38087671305,,-21.601672357457574,-5.034661069562937,,73617.51,
2026-05-29 00:00:00,1780012800000,73617.52,73868.33,73189.11,73301.52,2123.30407,73443.78609875712,73472.40594037136,,-31.37964145571459,-11.850104134255965,,73301.52,
2026-05-29 04:00:00,1780027200000,73301.53,73939.19,73210.21,73528.56,2641.80699,73528.56,73528.56,,0.0,0.0,,73528.56,
2026-05-29 08:00:00,1780041600000,73528.55,73902.85,73341.85,73487.98,2197.79295,73524.69523809523,73526.96862745097,,-3.2371509971417254,-2.5897207977133805,,73487.98,
2026-05-29 12:00:00,1780056000000,73487.98,74200.0,72512.49,73808.26,4624.93207,73551.70140589567,73537.99966166858,,19.812911908185924,16.368273686091413,,73808.26,
2026-05-29 16:00:00,1780070400000,73808.25,74514.1,73187.25,73520.28,5596.86593,73548.70889104847,73537.30477297571,,14.673526299447984,8.98311046188278,,73520.28,
2026-05-29 20:00:00,1780084800000,73520.29,73844.0,73320.0,73460.78,1502.0394,73540.33471094862,73534.30380148646,,5.733283713707351,0.0342943009137171,,73460.78,
2026-05-30 00:00:00,1780099200000,73460.78,73796.43,73408.62,73524.01,1539.64276,73538.77997657256,73533.9001229968,,3.7074721868120832,-1.5932137807852411,,73524.01,
2026-05-30 04:00:00,1780113600000,73524.01,73709.91,73216.0,73548.6,1487.87007,73548.6,73548.6,,0.0,0.0,,73548.6,
2026-05-30 08:00:00,1780128000000,73548.6,73680.75,73500.02,73602.02,1076.47863,73553.68761904762,73550.69490196079,,4.261424501426518,3.4091396011412143,,73602.02,
2026-05-30 12:00:00,1780142400000,73602.01,74100.0,73594.4,73930.14,1485.09864,73589.54022675737,73565.5751018839,,33.726398974031326,26.299291258996817,,73930.14,
2026-05-30 16:00:00,1780156800000,73930.13,74143.76,73811.3,74016.65,836.20775,73630.21734801857,73583.26431357472,,63.32822912807751,44.7208971304344,,74016.65,
2026-05-30 20:00:00,1780171200000,74016.64,74054.0,73781.3,73884.38,1090.11124,73654.42331487394,73595.0727718659,,75.2474039880617,45.31205759233488,,73884.38,
2026-05-31 00:00:00,1780185600000,73884.38,74275.66,73858.56,74150.64,1099.56261,73701.68204679071,73616.85972198882,,104.96838253660826,60.02642891270514,,74150.64,
2026-05-31 04:00:00,1780200000000,74150.64,74221.33,73836.0,73871.24,869.39106,73871.24,73871.24,,0.0,0.0,,73871.24,
2026-05-31 08:00:00,1780214400000,73871.25,74024.0,73699.2,73937.79,1250.59286,73877.5780952381,73873.84980392158,,5.308831908827415,4.247065527061932,,73937.79,
2026-05-31 12:00:00,1780228800000,73937.63,74023.99,73483.05,73655.21,1349.33176,73856.40018140592,73865.27569396386,,-13.134320662982644,-11.356869635798503,,73655.21,
2026-05-31 16:00:00,1780243200000,73655.2,73734.0,73400.0,73563.42,985.40321,73828.4973069863,73853.4382157692,,-34.75668440826121,-26.38338670486165,,73563.42,
2026-05-31 20:00:00,1780257600000,73563.41,74198.0,73500.0,73674.39,1432.17557,73813.82042060666,73846.4167171116,,-42.44888752028055,-27.2604718535048,,73674.39,
2026-06-01 00:00:00,1780272000000,73674.39,74092.0,73222.0,73769.06,1797.97503,73809.55752340602,73843.38312036212,,-40.43977158218331,-20.20108473232604,,73769.06,
2026-06-01 04:00:00,1780286400000,73769.06,73841.37,72704.0,72818.0,2313.7758,72818.0,72818.0,,0.0,0.0,,72818.0,
2026-06-01 08:00:00,1780300800000,72818.0,73095.64,72290.0,72479.99,4064.81004,72785.80857142857,72804.74470588235,,-26.96376068376412,-21.571008547011296,,72479.99,
2026-06-01 12:00:00,1780315200000,72480.0,72610.0,71066.33,71129.62,8608.45364,72628.07632653062,72739.05354094578,,-155.50375824871298,-120.08880488956812,,71129.62,
2026-06-01 16:00:00,1780329600000,71129.62,71800.73,70686.68,71595.24,4920.23395,72529.71096209913,72694.19810796752,,-217.296135164288,-145.5049454441145,,71595.24,
2026-06-01 20:00:00,1780344000000,71595.24,71690.0,70840.9,71408.9,2215.84338,72422.96706094683,72643.79426059625,,-278.0973861931561,-165.0449571783861,,71408.9,
2026-06-02 00:00:00,1780358400000,71408.9,71408.9,70111.0,70953.69,3525.64758,72283.03591228522,72577.5156621415,,-358.8775414300908,-196.6600899322566,,70953.69,
2026-06-02 04:00:00,1780372800000,70953.7,71048.0,69733.0,70118.42,4217.43297,70118.42,70118.42,,0.0,0.0,,70118.42,
2026-06-02 08:00:00,1780387200000,70118.42,70172.0,69324.65,69461.72,3766.33037,70055.87714285713,70092.66705882353,,-52.38632478633372,-41.909059829066976,,69461.72,
2026-06-02 12:00:00,1780401600000,69461.73,69548.13,67076.0,67304.28,9534.68154,69793.82027210883,69983.3185467128,,-264.93622227093147,-203.56716585093176,,67304.28,
2026-06-02 16:00:00,1780416000000,67304.29,68146.3,66432.0,67315.14,5955.1383,69557.75548428894,69878.68409390055,,-427.57837873583776,-292.96745785267046,,67315.14,
2026-06-02 20:00:00,1780430400000,67315.14,67923.24,66193.0,66760.83,5858.9651,69291.38162864237,69756.41530590445,,-594.3503431600693,-367.7915378215216,,66760.83,
2026-06-03 00:00:00,1780444800000,66760.84,67204.15,65426.34,65849.9,5876.92165,68963.62147353357,69603.21862724154,,-790.9056959920417,-451.4775125227952,,65849.9,
2026-06-03 04:00:00,1780459200000,65849.9,67516.0,65834.0,67220.03,5699.32885,67220.03,67220.03,,0.0,0.0,,67220.03,
2026-06-03 08:00:00,1780473600000,67220.03,67476.69,66656.48,67067.37,3840.69634,67205.49095238095,67214.04333333333,,-12.178005698006018,-9.742404558404814,,67067.37,
2026-06-03 12:00:00,1780488000000,67067.37,67244.62,66076.0,66076.01,4537.71513,67097.92133786848,67169.4145751634,,-100.66324656456707,-78.58211633997271,,66076.01,
2026-06-03 16:00:00,1780502400000,66076.01,66373.18,65251.0,65462.0,4242.73831,66942.11930569053,67102.45714084328,,-217.82298517438176,-156.59348395982988,,65462.0,
2026-06-03 20:00:00,1780516800000,65461.99,65860.0,64092.49,64142.75,5940.90622,66675.51270514858,66986.39019414355,,-412.37180619146966,-280.9138439815342,,64142.75,
2026-06-04 00:00:00,1780531200000,64142.75,64540.3,61383.56,64363.49,16957.23407,66455.320066563,66883.53136300067,,-542.4878134704923,-328.8238810084454,,64363.49,
2026-06-04 04:00:00,1780545600000,64363.49,64764.32,63492.89,63603.15,5000.68767,63603.15,63603.15,,0.0,0.0,,63603.15,
2026-06-04 08:00:00,1780560000000,63603.15,63904.63,62205.0,62545.99,8595.49118,63502.468095238095,63561.69274509805,,-84.33185185184993,-67.46548148147994,,62545.99,
2026-06-04 12:00:00,1780574400000,62546.0,64494.92,62392.0,63896.17,6185.98937,63539.963514739226,63574.80950019224,,-41.73610214202199,-19.8957854173216,,63896.17,
2026-06-04 16:00:00,1780588800000,63896.16,64163.93,62944.91,63629.38,3723.72569,63548.47937047834,63576.94951979255,,-29.17013183212839,-5.863852085942398,,63629.38,
2026-06-04 20:00:00,1780603200000,63629.38,63918.0,63106.04,63885.99,3114.04773,63580.62323995659,63589.068754310494,,1.4777381466410588,19.82721431426164,,63885.99,
2026-06-05 00:00:00,1780617600000,63885.99,63978.0,62339.0,62730.0,4162.99809,63499.61150281788,63555.37978355322,,-66.74296472636343,-38.71479084699428,,62730.0,
2026-06-05 04:00:00,1780632000000,62730.0,63688.0,61126.01,63115.99,10733.42354,63115.99,63115.99,,0.0,0.0,,63115.99,
2026-06-05 08:00:00,1780646400000,63115.99,63259.9,61964.98,61964.99,4297.16406,63006.37095238095,63070.85274509804,,-91.81766381767376,-73.454131054139,,61964.99,
2026-06-05 12:00:00,1780660800000,61964.99,62457.86,60000.0,60438.01,14801.01342,62761.76514739228,62967.60400999616,,-284.5185951412859,-212.9240499022009,,60438.01,
2026-06-05 16:00:00,1780675200000,60438.0,61547.24,59130.91,60300.24,13747.59231,62527.334180973965,62863.00149980024,,-443.24293056415627,-297.318708260057,,60300.24,
2026-06-05 20:00:00,1780689600000,60300.24,62000.0,59940.01,61056.47,7285.09665,62387.251878024064,62792.15712725905,,-502.2223622423189,-285.0385119505757,,61056.47,
2026-06-06 00:00:00,1780704000000,61056.47,61530.05,60520.0,60687.04,2945.07914,62225.326937259866,62709.60351442537,,-572.1781863520737,-283.99546884826435,,60687.04,
2026-06-06 04:00:00,1780718400000,60687.05,61276.95,59500.0,61004.95,7062.57386,61004.95,61004.95,,0.0,0.0,,61004.95,
2026-06-06 08:00:00,1780732800000,61004.95,61500.0,60198.0,60802.91,3473.55766,60985.70809523809,60997.0268627451,,-16.117150997153658,-12.893720797722926,,60802.91,
2026-06-06 12:00:00,1780747200000,60802.9,61185.26,60396.0,60784.0,2291.49519,60966.49780045352,60988.67286812765,,-30.0693672940979,-21.476749675733736,,60784.0,
2026-06-06 16:00:00,1780761600000,60784.01,60971.24,60393.96,60600.01,2446.99506,60931.59420041032,60973.43118702461,,-55.33518499348429,-37.3940539000961,,60600.01,
2026-06-06 20:00:00,1780776000000,60600.0,61000.0,60429.09,60884.62,1575.88786,60927.12046703791,60969.94839537659,,-51.79580928794167,-27.08374255564278,,60884.62,
2026-06-07 00:00:00,1780790400000,60884.62,61778.33,60746.0,61701.07,2959.18911,61000.82994636763,60998.61983085202,,16.69738602879079,33.12756220887174,,61701.07,
2026-06-07 04:00:00,1780804800000,61701.06,62416.26,61482.46,62404.73,4903.20395,62404.73,62404.73,,0.0,0.0,,62404.73,
2026-06-07 08:00:00,1780819200000,62404.72,62960.0,62259.37,62621.96,4723.06235,62425.41857142857,62413.248823529415,,17.328888888885558,13.863111111108449,,62621.96,
2026-06-07 12:00:00,1780833600000,62621.97,62643.97,61577.12,62093.99,4554.1389,62393.85394557823,62400.72886966552,,-11.40909148465289,-11.899895409944,,62093.99,
2026-06-07 16:00:00,1780848000000,62093.99,62332.0,61184.0,61328.0,2477.20723,62292.34404599936,62358.66107085511,,-94.89920042135782,-76.31200347731914,,61328.0,
2026-06-07 20:00:00,1780862400000,61327.99,64234.68,61217.17,63332.01,6995.30289,62391.35985114228,62396.83161709608,,0.6338390204982716,15.37682877162956,,63332.01,
2026-06-08 00:00:00,1780876800000,63332.01,63863.06,62720.86,63130.12,3315.4618,62461.7179605573,62425.58802426879,,59.36925352315302,59.28979461942745,,63130.12,
2026-06-08 04:00:00,1780891200000,63130.12,63350.0,62408.0,63283.99,2834.18452,63283.99,63283.99,,0.0,0.0,,63283.99,
2026-06-08 08:00:00,1780905600000,63284.0,63873.08,62992.01,63479.61,3752.47446,63302.62047619048,63291.66137254902,,15.605014245018538,12.48401139601483,,63479.61,
2026-06-08 12:00:00,1780920000000,63479.62,64200.0,62718.3,63774.48,8126.80733,63347.55947845805,63310.59543637063,,51.17572324899811,38.44377631999552,,63774.48,
2026-06-08 16:00:00,1780934400000,63774.48,64046.86,63268.01,63372.01,2713.14128,63349.88809955728,63313.0038506306,,46.355444283472025,26.898797883575547,,63372.01,
2026-06-08 20:00:00,1780948800000,63372.01,63850.0,62978.66,63085.99,2311.31685,63324.7549472185,63304.10134668431,,19.23419501665193,-0.1779611065956317,,63085.99,
2026-06-09 00:00:00,1780963200000,63086.0,63184.0,62423.07,62875.17,3759.28744,63281.93733319769,63287.28050955944,,-19.05138996466121,-30.770836870327024,,62875.17,
2026-06-09 04:00:00,1780977600000,62875.18,63526.01,62748.0,63198.44,3708.0084,63198.44,63198.44,,0.0,0.0,,63198.44,
2026-06-09 08:00:00,1780992000000,63198.44,63208.86,62498.75,62711.12,2528.63515,63152.02857142858,63179.32941176471,,-38.874529914530285,-31.09962393162423,,62711.12,
2026-06-09 12:00:00,1781006400000,62711.12,62895.18,61037.0,61131.84,6183.44756,62959.62965986395,63099.03570934257,,-194.8712182531017,-149.6770498161565,,61131.84,
2026-06-09 16:00:00,1781020800000,61131.85,62103.39,60780.0,62098.09,4007.5249,62877.57826368644,63059.782936427175,,-237.7903191650621,-154.07692058249353,,62098.09,
2026-06-09 20:00:00,1781035200000,62098.09,62272.0,61556.0,61730.0,1449.31614,62768.2850957163,63007.63458597905,,-298.0698390343605,-171.4851523614335,,61730.0,
2026-06-10 00:00:00,1781049600000,61730.0,61974.7,61235.29,61549.64,1721.50899,62652.22365802904,62950.45832770537,,-356.2882681167466,-183.7628651550557,,61549.64,
2026-06-10 04:00:00,1781064000000,61549.64,61813.34,61080.0,61687.56,2220.41887,61687.56,61687.56,,0.0,0.0,,61687.56,
2026-06-10 08:00:00,1781078400000,61687.56,61736.0,60755.0,61034.04,2813.24386,61625.32,61661.931764705885,,-52.13264957265346,-41.70611965812277,,61034.04,
2026-06-10 12:00:00,1781092800000,61034.04,62857.99,60960.0,62639.23,4783.79909,61721.88285714286,61700.25718569782,,35.66613095672801,36.87412869700697,,62639.23,-3.385e-05
2026-06-10 16:00:00,1781107200000,62639.23,62646.0,61588.8,61942.44,2675.36915,61742.88829931973,61709.75455096457,,48.46351022098679,39.7372063690126,,61942.44,-3.385e-05
2026-06-10 20:00:00,1781121600000,61942.45,61949.21,61104.24,61510.99,1784.37656,61720.80274700357,61701.95986269145,,23.519992434055894,11.834950865665355,,61510.99,2.542e-05
2026-06-11 00:00:00,1781136000000,61510.99,62848.0,61510.99,62689.48,2852.15258,61813.05772347942,61740.68614258591,,97.719914482077,68.82789833094917,,62689.48,-8.11e-06
2026-06-11 04:00:00,1781150400000,62689.47,62997.53,62544.89,62719.39,2483.01428,62719.39,62719.39,,0.0,0.0,,62719.39,
2026-06-11 08:00:00,1781164800000,62719.39,63257.21,62719.38,63108.0,2178.0981,62756.40047619048,62734.62960784313,,31.000227920230827,24.800182336184665,,63108.0,
2026-06-11 12:00:00,1781179200000,63108.01,63239.43,62500.0,62749.44,4338.30998,62755.73757369615,62735.21040753557,,26.331799904219224,16.105403456138447,,62749.44,
2026-06-11 16:00:00,1781193600000,62749.44,63933.02,62348.0,63605.68,4125.82489,62836.68447143937,62769.346469985154,,90.67816769902856,64.36141700075822,,63605.68,
2026-06-11 20:00:00,1781208000000,63605.69,63700.0,63270.0,63625.99,1403.54659,62911.856426540384,62802.94033390731,,141.67879012860067,92.28963154426428,,63625.99,
2026-06-12 00:00:00,1781222400000,63626.0,63810.01,63301.53,63524.82,2654.11007,62970.233909727016,62831.24934042075,,171.95142832694546,98.04981579408724,,63524.82,
2026-06-12 04:00:00,1781236800000,63524.81,63863.98,62829.81,63100.8,3225.69245,63100.8,63100.8,,0.0,0.0,,63100.8,
2026-06-12 08:00:00,1781251200000,63100.8,63953.84,63100.8,63766.01,2378.6864,63164.153333333335,63126.88666666667,,53.06518518517987,42.4521481481439,,63766.01,
2026-06-12 12:00:00,1781265600000,63766.01,64394.44,63045.29,63593.02,4102.13697,63204.99777777778,63145.16640522877,,80.23596918855765,55.698345721217336,,63593.02,
2026-06-12 16:00:00,1781280000000,63593.02,64111.1,63510.16,63589.27,2256.79665,63241.595132275135,63162.5822324747,,100.3101051548656,60.61798535002023,,63589.27,
2026-06-12 20:00:00,1781294400000,63589.28,63696.41,63400.0,63580.01,1779.62986,63273.8251196775,63178.95194884825,,114.15587999849232,59.57100815491755,,63580.01,
2026-06-13 00:00:00,1781308800000,63580.0,63840.0,63418.66,63532.0,1807.91855,63298.41320351774,63192.79697046204,,119.87293003270317,52.23044655130271,,63532.0,
2026-06-13 04:00:00,1781323200000,63532.0,63883.47,63484.0,63846.0,1539.29828,63846.0,63846.0,,0.0,0.0,,63846.0,
2026-06-13 08:00:00,1781337600000,63845.99,63984.53,63726.57,63971.28,1197.2171,63857.93142857143,63850.91294117647,,9.9938461538477,7.995076923078159,,63971.28,
2026-06-13 12:00:00,1781352000000,63971.28,64350.0,63921.33,64296.15,2169.16248,63899.666530612245,63868.37321799308,,43.62544817007438,33.301343151443874,,64296.15,
2026-06-13 16:00:00,1781366400000,64296.15,64333.62,63920.05,64296.59,1609.94419,63937.46876579203,63885.16603297374,,69.51293751988123,47.351066001000575,,64296.59,
2026-06-13 20:00:00,1781380800000,64296.59,64762.77,64226.38,64458.01,1637.20103,63987.04412143088,63907.63050226889,,101.8797974090994,63.77434071217501,,64458.01,
2026-06-14 00:00:00,1781395200000,64458.01,64710.0,64380.7,64545.3,1832.15643,64040.21134796128,63932.63714923874,,133.04072983045626,75.94821850682547,,64545.3,
2026-06-14 04:00:00,1781409600000,64545.3,64563.48,64214.0,64429.39,1779.79489,64429.39,64429.39,,0.0,0.0,,64429.39,
2026-06-14 08:00:00,1781424000000,64429.39,64664.0,64321.18,64546.0,842.29439,64440.49571428571,64433.96294117647,,9.30222222222801,7.441777777782408,,64546.0,
2026-06-14 12:00:00,1781438400000,64546.01,64560.66,63866.66,64025.07,1790.92239,64400.931360544215,64417.92792387543,,-25.07138968026265,-21.545467299766607,,64025.07,
2026-06-14 16:00:00,1781452800000,64025.06,64208.92,63678.83,63802.0,1240.64937,64343.89027858763,64393.773887645024,,-69.51132618871634,-52.78832304657623,,63802.0,
2026-06-14 20:00:00,1781467200000,63801.99,65800.0,63794.09,65746.45,5717.21628,64477.467394912615,64446.82000969816,,51.57603211593232,54.63922820645794,,65746.45,
2026-06-15 00:00:00,1781481600000,65746.45,65995.0,65354.0,65927.1,3254.30382,64615.52764301618,64504.87020539627,,160.26811019374145,130.66504502741367,,65927.1,
2026-06-15 04:00:00,1781496000000,65927.11,66000.0,65611.01,65674.76,1981.09056,65674.76,65674.76,,0.0,0.0,,65674.76,
2026-06-15 08:00:00,1781510400000,65674.76,66385.12,65512.0,66233.9,2545.824,65728.01142857142,65696.68705882353,,44.60376068376354,35.68300854701083,,66233.9,
2026-06-15 12:00:00,1781524800000,66233.89,67292.15,66106.0,67292.14,5314.33714,65876.97605442177,65759.25384083045,,163.45942776439188,123.63094050211132,,67292.14,
2026-06-15 16:00:00,1781539200000,67292.15,67292.15,66348.0,66614.35,3808.29082,65947.20214447685,65792.78702354299,,200.6484612006316,128.65597915068082,,66614.35,
2026-06-15 20:00:00,1781553600000,66615.98,66681.3,66076.56,66328.74,1655.95468,65983.5390830981,65813.80478732561,,204.71487245464232,106.17791232375323,,66328.74,
2026-06-16 00:00:00,1781568000000,66328.74,66463.26,65650.0,66165.21,2681.099,66000.841075184,65827.58538390108,,192.52274597325595,75.1886286738935,,66165.21,
2026-06-16 04:00:00,1781582400000,66165.21,66572.99,65802.0,66372.0,2376.27499,66372.0,66372.0,,0.0,0.0,,66372.0,
2026-06-16 08:00:00,1781596800000,66372.0,66992.0,66345.06,66481.73,2144.18658,66382.45047619048,66376.3031372549,,8.753390313402633,7.002712250722107,,66481.73,
2026-06-16 12:00:00,1781611200000,66481.73,66818.0,65360.92,65859.76,4190.74899,66332.670430839,66356.04654363706,,-34.10413454435184,-28.68385008562589,,65859.76,
2026-06-16 16:00:00,1781625600000,65859.76,66248.69,65560.0,65675.88,1862.21148,66270.11896123529,66329.37334584737,,-81.9618063326925,-61.23321749917325,,65675.88,
2026-06-16 20:00:00,1781640000000,65675.89,65938.0,65592.0,65675.01,1047.53697,66213.44191730811,66303.71203816708,,-118.59249726278358,-78.29112674341145,,65675.01,
2026-06-17 00:00:00,1781654400000,65675.02,66200.0,65477.5,65851.99,2420.24,66179.01792518352,66285.99744843505,,-131.82221241014486,-73.21667351261819,,65851.99,
2026-06-17 04:00:00,1781668800000,65852.0,66048.19,65251.0,65539.5,2085.47507,65539.5,65539.5,,0.0,0.0,,65539.5,
2026-06-17 08:00:00,1781683200000,65539.51,65574.0,64565.0,64810.01,3091.21134,65470.02476190476,65510.89254901961,,-58.19293447292876,-46.554347578343005,,64810.01,
2026-06-17 12:00:00,1781697600000,64810.01,65855.66,64590.53,65752.0,3491.08992,65496.87954648526,65520.347743175706,,-27.97802063294512,-13.071546990687493,,65752.0,
2026-06-17 16:00:00,1781712000000,65751.99,66445.93,63998.35,64301.85,6215.6405,65383.06720872476,65472.56351795312,,-119.66801097901772,-83.80922986940806,,64301.85,
2026-06-17 20:00:00,1781726400000,64301.85,64529.2,63915.77,64509.4,1744.99726,65299.86080789383,65434.792399602025,,-173.58446482875297,-110.18054697531466,,64509.4,
2026-06-18 00:00:00,1781740800000,64509.4,64806.0,64267.86,64282.82,1652.26355,65202.99977857061,65389.61701138234,,-231.9232880463024,-134.8154961542912,,64282.82,
2026-06-18 04:00:00,1781755200000,64282.82,64510.5,63696.29,64510.44,2721.52451,64510.44,64510.44,,0.0,0.0,,64510.44,
2026-06-18 08:00:00,1781769600000,64510.45,64646.75,63878.14,63974.4,1838.10092,64459.38857142858,64489.41882352942,,-42.76102564102621,-34.208820512820964,,63974.4,
2026-06-18 12:00:00,1781784000000,63974.4,64445.19,62293.76,62369.44,5194.48784,64260.34585034015,64406.28239907729,,-203.8069457228412,-156.20379247570875,,62369.44,
2026-06-18 16:00:00,1781798400000,62369.43,63008.33,62272.07,62950.79,3580.0956,64135.62624554585,64349.20426578014,,-281.2844392829793,-186.9450288286775,,62950.79,
2026-06-18 20:00:00,1781812800000,62950.79,63274.19,62742.0,62958.01,1949.12419,64023.47231739862,64294.647627906415,,-338.20470416020544,-195.09223496472288,,62958.01,
2026-06-19 00:00:00,1781827200000,62958.01,63110.29,62386.9,62773.51,2468.91953,63904.42828717018,64234.995171910086,,-393.6641173356911,-200.44131851216684,,62773.51,
2026-06-19 04:00:00,1781841600000,62773.52,62917.32,62409.55,62629.99,1641.95094,62629.99,62629.99,,0.0,0.0,,62629.99,
2026-06-19 08:00:00,1781856000000,62630.0,62782.0,62316.44,62626.0,3116.66446,62629.61,62629.83352941177,,-0.3182905982903321,-0.2546324786322657,,62626.0,
2026-06-19 12:00:00,1781870400000,62626.0,63419.27,62353.0,63214.01,2901.51359,62685.26714285714,62652.74241061131,,46.34274429590732,37.12512193245231,,63214.01,
2026-06-19 16:00:00,1781884800000,63214.01,63387.8,62866.99,63021.6,2487.59549,62717.29884353741,62667.207414116754,,67.0234668563644,46.244675594327504,,63021.6,
2026-06-19 20:00:00,1781899200000,63021.6,63666.0,62958.59,63543.91,1630.77999,62796.02371558147,62701.587907680805,,124.12826696092088,82.6795805591072,,63543.91,
2026-06-20 00:00:00,1781913600000,63543.9,63777.0,63320.14,63476.79,1616.55782,62860.8585998118,62731.98798973254,,162.09962582391017,96.5207515376772,,63476.79,
2026-06-20 04:00:00,1781928000000,63476.79,63907.07,63402.0,63655.21,1346.24836,63655.21,63655.21,,0.0,0.0,,63655.21,
2026-06-20 08:00:00,1781942400000,63655.21,63798.76,63392.41,63688.0,1481.37623,63658.33285714286,63656.49588235294,,2.615726495736453,2.0925811965891628,,63688.0,
2026-06-20 12:00:00,1781956800000,63688.0,64388.0,63184.21,64160.04,2723.36068,63706.11448979592,63676.24271049597,,42.290888547991926,33.41419459907571,,64160.04,
2026-06-20 16:00:00,1781971200000,64160.04,64167.26,63730.21,63936.0,1179.02142,63728.00834791059,63686.42927086867,,55.0213330214392,36.91571125801839,,63936.0,
2026-06-20 20:00:00,1781985600000,63935.99,64350.0,63853.31,64298.01,1175.53873,63782.29421953816,63710.41282887383,,93.2465948394165,60.11277846079655,,64298.01,
2026-06-21 00:00:00,1782000000000,64298.01,64472.99,64206.17,64426.0,1550.54505,63843.5995319631,63738.475070878776,,132.34255102342286,79.36698771584231,,64426.0,
2026-06-21 04:00:00,1782014400000,64426.0,64588.0,64173.08,64191.07,991.47913,64191.07,64191.07,,0.0,0.0,,64191.07,
2026-06-21 08:00:00,1782028800000,64191.06,64483.95,63900.17,64176.0,1273.61935,64189.63476190476,64190.47901960785,,-1.202165242168121,-0.9617321937344968,,64176.0,
2026-06-21 12:00:00,1782043200000,64176.0,64355.88,63952.0,64224.0,1101.09932,64192.90764172335,64191.79356785852,,1.6987271207181038,1.5513281353213824,,64224.0,
2026-06-21 16:00:00,1782057600000,64224.0,64298.84,63933.47,64207.12,902.04873,64194.26119965447,64192.394604413086,,2.6055946173291886,1.9665565055459733,,64207.12,
2026-06-21 20:00:00,1782072000000,64207.13,64271.21,63270.0,63311.99,2215.87175,64110.235371115945,64157.868933651785,,-68.1199718125863,-55.007207939495615,,63311.99,
2026-06-22 00:00:00,1782086400000,63312.0,64823.52,63312.0,63974.01,3208.60773,64097.26152624776,64150.658779390935,,-69.94473215725156,-45.4655746273287,,63974.01,
2026-06-22 04:00:00,1782100800000,63974.01,64397.57,63868.41,64211.19,2188.39984,64211.19,64211.19,,0.0,0.0,,64211.19,
2026-06-22 08:00:00,1782115200000,64211.2,64768.46,64044.0,64657.22,1871.87312,64253.66904761905,64228.68137254902,,35.58074074074102,28.46459259259281,,64657.22,
2026-06-22 12:00:00,1782129600000,64657.22,65622.83,64579.08,64836.95,4214.1224,64309.21961451248,64252.53504421376,,77.38934683972184,56.218558953258906,,64836.95,
2026-06-22 16:00:00,1782144000000,64836.95,64862.0,64276.0,64472.0,2332.89568,64324.72250836843,64261.14151306813,,80.15062686782039,47.18387118508596,,64472.0,
2026-06-22 20:00:00,1782158400000,64472.51,64659.43,63804.59,64020.01,1607.20974,64295.702269476205,64251.68537530075,,45.34444310786057,9.902149940100912,,64020.01,
2026-06-23 00:00:00,1782172800000,64020.01,64275.38,63828.93,64065.35,1775.89841,64273.76395809752,64244.37810568112,,21.174761323178245,-11.414025475665134,,64065.35,
2026-06-23 04:00:00,1782187200000,64065.34,64095.55,62568.9,62886.03,3954.74479,62886.03,62886.03,,0.0,0.0,,62886.03,
2026-06-23 08:00:00,1782201600000,62886.04,62945.08,61938.0,62507.06,6446.41259,62849.93761904762,62871.16843137255,,-30.23122507122025,-24.1849800569762,,62507.06,
2026-06-23 12:00:00,1782216000000,62507.05,62855.98,61960.0,62487.79,4100.47989,62815.447369614514,62856.13398308343,,-55.109350411112246,-39.25048431749455,,62487.79,
2026-06-23 16:00:00,1782230400000,62487.79,62846.0,62104.7,62388.49,2461.76341,62774.78476298456,62837.795003354666,,-81.89409988925036,-52.82818703650614,,62388.49,
2026-06-23 20:00:00,1782244800000,62388.49,62799.99,62380.25,62734.57,1483.69383,62770.95478555746,62833.74696400743,,-74.33851500870514,-36.21808172476874,,62734.57,
2026-06-24 00:00:00,1782259200000,62734.57,63119.45,62461.87,62729.78,2762.4008,62767.03337740913,62829.669828164,,-67.95384292271046,-23.866727711019244,,62729.78,
2026-06-24 04:00:00,1782273600000,62729.78,63073.44,62525.49,62657.99,1825.36336,62657.99,62657.99,,0.0,0.0,,62657.99,
2026-06-24 08:00:00,1782288000000,62658.0,63239.06,62318.88,62921.19,2314.92971,62683.05666666667,62668.31156862745,,20.99601139601145,16.796809116809165,,62921.19,
2026-06-24 12:00:00,1782302400000,62921.19,62973.2,60249.82,60250.0,9369.88622,62451.33698412699,62573.47582083814,,-175.87977467715243,-144.0631815650838,,60250.0,
2026-06-24 16:00:00,1782316800000,60250.0,60678.1,59102.7,59958.3,10843.6224,62213.90489040061,62470.91990629547,,-351.3923731712057,-255.6606240473096,,59958.3,
2026-06-24 20:00:00,1782331200000,59958.3,61276.0,59854.0,61077.99,3562.08294,62105.722519886265,62416.29520408781,,-395.5777722970597,-239.8768185385309,,61077.99,
2026-06-25 00:00:00,1782345600000,61078.0,61163.16,60684.94,60883.65,2441.96666,61989.33466084948,62356.19147059417,,-441.1908596771973,-228.3919247349348,,60883.65,
2026-06-25 04:00:00,1782360000000,60883.66,61962.4,60792.0,61911.04,3236.44626,61911.04,61911.04,,0.0,0.0,,61911.04,
2026-06-25 08:00:00,1782374400000,61911.03,61920.0,61066.0,61282.01,1957.14848,61851.13238095238,61886.37215686275,,-50.17903133903019,-40.14322507122415,,61282.01,
2026-06-25 12:00:00,1782388800000,61282.0,61761.35,58115.01,59557.99,15979.29296,61632.737868480726,61795.06305267206,,-226.44990738711203,-173.1312808954448,,59557.99,
2026-06-25 16:00:00,1782403200000,59557.99,60067.0,59139.96,59320.0,4724.02547,61412.47711910161,61698.00175648885,,-380.958201642592,-262.1116601207398,,59320.0,
2026-06-25 20:00:00,1782417600000,59319.99,60273.81,59319.99,59794.0,2047.12711,61258.33644109193,61623.33502094027,,-459.85833871863,-272.8094377574222,,59794.0,
2026-06-26 00:00:00,1782432000000,59794.64,60131.37,58337.0,60036.01,6229.08405,61141.924399083175,61561.0869809034,,-497.1284935363874,-248.06367406014368,,60036.01,
2026-06-26 04:00:00,1782446400000,60036.0,60759.99,59702.0,60532.0,5385.16495,60532.0,60532.0,,0.0,0.0,,60532.0,
2026-06-26 08:00:00,1782460800000,60532.0,60580.0,59239.78,59413.24,3735.38397,60425.45142857143,60488.127058823535,,-89.2458119658113,-71.39664957264904,,59413.24,
2026-06-26 12:00:00,1782475200000,59413.24,60500.0,58500.1,60328.32,7768.84215,60416.20081632653,60481.86011534026,,-85.15286336961435,-53.84296078116167,,60328.32,
2026-06-26 16:00:00,1782489600000,60328.18,60583.0,59556.0,59751.97,2887.79333,60352.94073858114,60453.23697356221,,-126.95237243675363,-76.51397587864078,,59751.97,
2026-06-26 20:00:00,1782504000000,59751.96,60117.64,59571.31,60097.27,1397.28878,60328.59114443056,60439.27748440291,,-130.7092257237091,-64.21666333247697,,60097.27,
2026-06-27 00:00:00,1782518400000,60097.27,60412.0,59876.22,60305.73,1740.1281,60326.41389258003,60434.040328151816,,-115.53377772090607,-39.23297226373916,,60305.73,
2026-06-27 04:00:00,1782532800000,60305.73,60574.0,60093.33,60548.07,2155.72828,60548.07,60548.07,,0.0,0.0,,60548.07,
2026-06-27 08:00:00,1782547200000,60548.06,60548.74,60198.94,60363.65,1191.76765,60530.50619047619,60540.837843137255,,-14.71156695157697,-11.769253561261577,,60363.65,
2026-06-27 12:00:00,1782561600000,60363.65,60941.17,60257.03,60840.06,1696.07546,60559.98750566893,60552.57204536717,,11.934146313738893,11.901167763243429,,60840.06,
2026-06-27 16:00:00,1782576000000,60840.06,60855.03,60085.88,60175.95,1431.99252,60523.41250512903,60537.80255339199,,-20.303020174273115,-16.268798979814864,,60175.95,
2026-06-27 20:00:00,1782590400000,60175.95,60482.18,59855.16,60029.0,1371.53715,60476.32559987865,60517.849512082495,,-57.05119311873568,-42.41357753942194,,60029.0,
2026-06-28 00:00:00,1782604800000,60029.01,60339.99,59986.0,60197.04,1389.16748,60449.72697131878,60505.2687469028,,-71.78744037586148,-45.71985983723819,,60197.04,
2026-06-28 04:00:00,1782619200000,60197.03,60259.68,59753.48,60219.99,1116.37628,60219.99,60219.99,,0.0,0.0,,60219.99,
2026-06-28 08:00:00,1782633600000,60220.0,60545.01,60068.0,60342.0,1120.25594,60231.61,60224.77470588235,,9.732991452990971,7.786393162392779,,60342.0,
2026-06-28 12:00:00,1782648000000,60341.99,60457.02,59817.28,59890.0,1367.98594,60199.07571428572,60211.64628604383,,-18.809342781314623,-16.604752857530258,,59890.0,
2026-06-28 16:00:00,1782662400000,59890.35,59943.9,59270.26,59481.79,1660.7754,60130.762789115644,60183.02447090486,,-73.5209796568306,-57.053111786436986,,59481.79,
2026-06-28 20:00:00,1782676800000,59481.78,59906.0,58905.0,59577.01,2252.57692,60078.02442824749,60159.25919753604,,-107.9524788652052,-73.18768879584925,,59577.01,
2026-06-29 00:00:00,1782691200000,59577.01,60233.0,58900.01,60049.46,3201.11997,60075.30400650963,60154.95334665228,,-96.01017791603954,-48.99631027734688,,60049.46,
2026-06-29 04:00:00,1782705600000,60049.45,60346.27,59392.02,60026.0,2078.32745,60026.0,60026.0,,0.0,0.0,,60026.0,
2026-06-29 08:00:00,1782720000000,60026.01,60311.95,59745.46,59956.05,2255.33546,60019.3380952381,60023.2568627451,,-5.580056980055815,-4.464045584044652,,59956.05,
2026-06-29 12:00:00,1782734400000,59956.05,60780.57,59011.0,59824.01,8111.4911,60000.735419501136,60015.443260284505,,-20.421411514522333,-15.444320094808935,,59824.01,
2026-06-29 16:00:00,1782748800000,59824.01,60683.84,59584.48,60433.49,3485.29528,60041.95014145341,60031.83725007727,,16.80295643158024,17.42403828103491,,60433.49,
2026-06-29 20:00:00,1782763200000,60433.5,60585.99,60194.01,60260.21,1071.57252,60062.73679464833,60040.79304419188,,31.952954606655112,26.059229164887824,,60260.21,
2026-06-30 00:00:00,1782777600000,60260.2,60276.54,59600.0,59627.48,1857.16279,60021.28376658658,60024.58468951769,,-7.015712972497568,-10.327550731411884,,59627.48,
2026-06-30 04:00:00,1782792000000,59627.47,59712.88,59360.0,59524.01,3053.94506,59524.01,59524.01,,0.0,0.0,,59524.01,
2026-06-30 08:00:00,1782806400000,59524.01,59551.03,59123.01,59192.7,2089.47276,59492.45666666667,59511.0174509804,,-26.429287749284413,-21.14343019942753,,59192.7,
2026-06-30 12:00:00,1782820800000,59192.71,59276.6,58201.0,58381.99,7891.0473,59386.69793650794,59466.74186466744,,-111.50682900301037,-84.97677716252278,,58381.99,
2026-06-30 16:00:00,1782835200000,58382.0,58839.16,58241.79,58818.05,3095.15267,59332.540990173846,59441.30296801382,,-142.10687609350134,-92.461459402411,,58818.05,
2026-06-30 20:00:00,1782849600000,58818.0,58874.99,58509.99,58624.71,1653.04729,59265.1285149192,59409.27971436623,,-179.884954285837,-104.19163007579736,,58624.71,
2026-07-01 00:00:00,1782864000000,58624.71,59318.0,57800.19,59197.13,5065.96033,59258.65246587928,59400.96011772441,,-161.77005880363868,-68.86138767487921,,59197.13,
2026-07-01 04:00:00,1782878400000,59197.12,59457.0,58534.31,58768.65,2186.41376,58768.65,58768.65,,0.0,0.0,,58768.65,
2026-07-01 08:00:00,1782892800000,58768.64,59091.99,58500.0,58622.03,1602.12145,58754.68619047619,58762.90019607843,,-11.696182336185302,-9.35694586894824,,58622.03,
2026-07-01 12:00:00,1782907200000,58622.02,60536.55,58326.0,60147.15,10086.67787,58887.30179138322,58817.18450211457,,100.9354261734843,82.61973011257709,,60147.15,
2026-07-01 16:00:00,1782921600000,60147.15,60352.93,59787.35,60028.67,2234.35255,58996.003525537206,58864.69373732577,,178.57790661641047,128.2097684444026,,60028.67,
2026-07-01 20:00:00,1782936000000,60029.39,61334.0,59876.0,60024.0,3917.92066,59093.90795167652,58910.15672801888,,237.0012983410197,149.30652813520948,,60024.0,
2026-07-02 00:00:00,1782950400000,60024.0,61121.78,59588.0,61058.0,2904.94504,59280.96433723113,58994.3858759397,,362.5580719333302,219.890641382016,,61058.0,
2026-07-02 04:00:00,1782964800000,61057.99,61058.0,60104.0,60149.99,3061.89549,60149.99,60149.99,,0.0,0.0,,60149.99,
2026-07-02 08:00:00,1782979200000,60149.99,61437.49,60132.51,61358.01,4003.42248,60265.03952380952,60197.363333333335,,96.3662678062683,77.09301424501464,,61358.01,
2026-07-02 12:00:00,1782993600000,61358.0,62200.0,61147.23,61612.93,6769.2125,60393.41004535148,60252.87575163399,,191.10421246581245,137.46476712364702,,61612.93,
2026-07-02 16:00:00,1783008000000,61612.93,61962.43,61108.99,61479.6,3294.70341,60496.85670769895,60300.98258490325,,252.51526070373075,159.10065228925225,,61479.6,
2026-07-02 20:00:00,1783022400000,61479.59,61653.43,61342.0,61560.0,1347.96271,60598.10844982286,60350.35581686783,,304.1653382610384,168.6005838772479,,61560.0,
2026-07-03 00:00:00,1783036800000,61560.0,61733.11,61248.86,61434.0,2479.18215,60677.71716888735,60392.85166718674,,331.1143695294595,156.43969211653518,,61434.0,
2026-07-03 04:00:00,1783051200000,61434.0,61864.99,61332.76,61750.47,3163.90756,61750.47,61750.47,,0.0,0.0,,61750.47,
2026-07-03 08:00:00,1783065600000,61750.47,62103.1,61510.01,62024.02,1709.37837,61776.52238095238,61761.1974509804,,21.821652421655017,17.457321937324014,,62024.02,
2026-07-03 12:00:00,1783080000000,62024.01,62400.0,61700.0,61922.72,2814.47654,61790.44596371883,61767.53166858901,,30.588797168857127,20.9795733476209,,61922.72,
2026-07-03 16:00:00,1783094400000,61922.71,62317.64,61911.65,62210.0,1297.39519,61830.40349098371,61784.88336786004,,60.02597556431283,40.33340139446128,,62210.0,
2026-07-03 20:00:00,1783108800000,62210.0,62979.86,62186.01,62583.26,2584.64646,61902.10411089002,61816.19225539494,,112.18096176514518,73.9907100762349,,62583.26,
2026-07-04 00:00:00,1783123200000,62583.26,62946.0,62404.25,62627.29,1753.66085,61971.1694336624,61848.000010085336,,155.27707959468535,93.66946232462004,,62627.29,
2026-07-04 04:00:00,1783137600000,62627.28,62749.97,62328.24,62576.0,1478.55581,62576.0,62576.0,,0.0,0.0,,62576.0,
2026-07-04 08:00:00,1783152000000,62576.0,62674.47,62415.87,62482.01,1079.64345,62567.048571428575,62572.31411764706,,-7.497777777782176,-5.99822222222574,,62482.01,
2026-07-04 12:00:00,1783166400000,62482.0,63075.46,62482.0,62943.29,1355.98937,62602.88108843538,62586.862191464825,,23.510604621711536,20.00812814181437,,62943.29,
2026-07-04 16:00:00,1783180800000,62943.29,63461.99,62786.0,63294.72,1874.87989,62668.77050858439,62614.6213212113,,75.57129619258194,57.65505577014783,,63294.72,
2026-07-04 20:00:00,1783195200000,63294.72,63448.0,62927.98,63144.01,1597.09803,62714.03141252874,62635.38166155596,,103.47592581428034,68.44774831347698,,63144.01,
2026-07-05 00:00:00,1783209600000,63144.01,63144.01,62596.08,62769.04,1315.64704,62719.27032562125,62640.62316502435,,94.24717778781633,47.37520022961037,,62769.04,
2026-07-05 04:00:00,1783224000000,62769.03,63059.99,62659.65,63020.21,1264.39586,63020.21,63020.21,,0.0,0.0,,63020.21,
2026-07-05 08:00:00,1783238400000,63020.21,63104.0,62436.59,62658.92,1351.262,62985.80142857143,63006.04176470588,,-28.82085470086168,-23.05668376068934,,62658.92,
2026-07-05 12:00:00,1783252800000,62658.92,62943.59,62569.37,62740.01,1095.17438,62962.39272108844,62995.60914648212,,-44.60413568072545,-31.07197179244249,,62740.01,
2026-07-05 16:00:00,1783267200000,62740.01,62888.14,62590.02,62768.88,1289.13194,62943.96293812763,62986.717807404384,,-54.15862493070017,-32.50116883393377,,62768.88,
2026-07-05 20:00:00,1783281600000,62768.87,63999.0,62609.47,63650.0,2856.46636,63011.20456306786,63012.72887378068,,9.2616313541439,24.73526996072825,,63650.0,
2026-07-06 00:00:00,1783296000000,63650.01,63920.0,63136.01,63294.0,2106.27228,63038.1374618233,63023.75911402458,,30.44546027982869,36.73527910913043,,63294.0,
2026-07-06 04:00:00,1783310400000,63294.0,63402.77,62890.0,63089.42,2133.18277,63089.42,63089.42,,0.0,0.0,,63089.42,
2026-07-06 08:00:00,1783324800000,63089.42,63244.0,62483.83,62483.84,2033.95739,63031.74571428571,63065.67176470588,,-48.30837606838031,-38.64670085470425,,62483.84,
2026-07-06 12:00:00,1783339200000,62483.84,63550.0,61306.84,63545.98,9407.7266,63080.72040816326,63084.50738177624,,-0.8771792436818941,7.027596775995336,,63545.98,
2026-07-06 16:00:00,1783353600000,63545.98,63976.16,63386.01,63738.52,3288.31371,63143.367988338185,63110.15493543208,,51.653327433719824,47.64648276271764,,63738.52,
2026-07-06 20:00:00,1783368000000,63738.52,64700.0,63589.41,64042.02,2465.83162,63228.95389421074,63146.69866345435,,116.43189161192277,89.94003755273647,,64042.02,
2026-07-07 00:00:00,1783382400000,64042.93,64314.0,63150.0,63191.01,2149.22919,63225.34019000019,63148.436362926725,,97.97063116337084,57.18302168334765,,63191.01,
2026-07-07 04:00:00,1783396800000,63191.01,63445.7,62800.0,63083.18,2868.37826,63083.18,63083.18,,0.0,0.0,,63083.18,
2026-07-07 08:00:00,1783411200000,63083.19,63467.15,62984.58,63406.0,1660.52847,63113.92476190476,63095.83960784314,,25.75202279201767,20.601618233614136,,63406.0,
2026-07-07 12:00:00,1783425600000,63405.99,64105.0,62671.39,63930.51,5487.16202,63191.6947845805,63128.57178008458,,87.47589224113472,65.86039014618494,,63930.51,
2026-07-07 16:00:00,1783440000000,63930.5,64243.75,63379.69,63817.99,3152.55165,63251.34194795378,63155.60778870872,,125.86221853613095,83.39737315294495,,63817.99,
2026-07-07 20:00:00,1783454400000,63818.0,63901.75,63218.0,63363.99,1516.35864,63262.07033386294,63163.77964013191,,118.28612411156064,60.657022982699694,,63363.99,
2026-07-08 00:00:00,1783468800000,63364.0,63761.99,62525.47,62766.0,2945.00889,63214.825540161706,63148.180438558105,,63.29954159531917,4.536352373166579,,62766.0,
2026-07-08 04:00:00,1783483200000,62766.0,62901.49,62477.04,62888.35,2093.37251,62888.35,62888.35,,0.0,0.0,,62888.35,
2026-07-08 08:00:00,1783497600000,62888.34,62941.46,61743.83,62299.99,5277.16067,62832.31571428571,62865.277058823536,,-46.93470085469016,-37.54776068375213,,62299.99,
2026-07-08 12:00:00,1783512000000,62300.0,62451.08,61544.56,61704.01,4480.13744,62724.85802721088,62819.73717416379,,-130.71459809578664,-97.06212633987889,,61704.01,
2026-07-08 16:00:00,1783526400000,61704.01,62394.32,61692.0,62277.98,1878.09343,62682.298215095565,62798.49179478482,,-149.07771304997004,-92.34019303524984,,62277.98,
2026-07-08 20:00:00,1783540800000,62277.98,62350.63,61956.0,62290.0,1946.32502,62644.93648032456,62778.55094008738,,-160.80701721008518,-83.25559775629196,,62290.0,
2026-07-09 00:00:00,1783555200000,62290.01,62642.0,61705.29,61974.34,2507.70329,62581.07014886508,62747.01325616238,,-193.3449390767273,-92.63481569834728,,61974.34,
2026-07-09 04:00:00,1783569600000,61974.34,63283.26,61956.46,63000.0,3076.31626,63000.0,63000.0,,0.0,0.0,,63000.0,
2026-07-09 08:00:00,1783584000000,62999.99,63100.1,62614.66,62786.34,2526.25001,62979.65142857143,62991.62117647059,,-17.044102564104833,-13.635282051283866,,62786.34,
2026-07-09 12:00:00,1783598400000,62786.33,63261.0,62465.39,62868.05,4882.96602,62969.02272108844,62986.775247981546,,-23.685332748929795,-16.221209788887062,,62868.05,
2026-07-09 16:00:00,1783612800000,62868.06,63500.0,62559.59,63248.1,2646.20845,62995.6015095562,62997.02327747247,,1.698721468077565,7.330275542496239,,63248.1,
2026-07-09 20:00:00,1783627200000,63248.09,63418.0,63060.91,63230.0,1103.36269,63017.925175312754,63006.159619532365,,20.12327994046064,20.603867211903445,,63230.0,
2026-07-10 00:00:00,1783641600000,63230.01,64050.23,62926.01,63947.2,3284.75486,63106.42753956868,63043.063163864426,,91.5416858098106,73.61781846500273,,63947.2,
2026-07-10 04:00:00,1783656000000,63947.2,64200.0,63802.02,63963.0,1994.74883,63963.0,63963.0,,0.0,0.0,,63963.0,
2026-07-10 08:00:00,1783670400000,63963.0,64494.84,63962.99,64425.18,2735.04064,64007.01714285715,63981.12470588236,,36.86905982905592,29.49524786324473,,64425.18,
2026-07-10 12:00:00,1783684800000,64425.18,64692.83,63793.43,64040.0,3985.18915,64010.15836734694,63983.4335409458,,34.60830545207136,21.787594789008143,,64040.0,
2026-07-10 16:00:00,1783699200000,64039.99,64220.0,63732.66,63917.88,2956.75614,64001.36995140914,63980.86281384989,,22.7008961202082,7.904148365715983,,63917.88,
2026-07-10 20:00:00,1783713600000,63917.88,64222.61,63656.0,64161.72,2632.5116,64016.64138460827,63987.95525252244,,32.56465352550731,14.214324616812076,,64161.72,
2026-07-11 00:00:00,1783728000000,64161.72,64310.0,63984.07,64150.42,1101.49145,64029.38220512177,63994.32641909019,,39.020136922525126,16.53584641106391,,64150.42,
2026-07-11 04:00:00,1783742400000,64150.42,64278.0,64080.26,64162.18,1485.01598,64162.18,64162.18,,0.0,0.0,,64162.18,
2026-07-11 08:00:00,1783756800000,64162.18,64300.0,64129.99,64198.0,1355.34719,64165.591428571424,64163.58470588236,,2.857435897429241,2.2859487179433926,,64198.0,
2026-07-11 12:00:00,1783771200000,64197.99,64504.11,63896.18,64175.75,2497.55472,64166.55891156462,64164.06177623991,,3.288675578936818,2.173750719560776,,64175.75,
2026-07-11 16:00:00,1783785600000,64175.75,64402.0,64084.0,64286.0,1218.04674,64177.93425332037,64168.84366736776,,12.383935436759202,9.015208461906528,,64286.0,
2026-07-11 20:00:00,1783800000000,64286.0,64463.83,63819.0,63819.0,1494.51824,64143.750038718434,64155.12430786315,,-17.884837443147262,-17.002851534399948,,63819.0,
2026-07-12 00:00:00,1783814400000,63819.01,64223.74,63702.16,64223.73,4094.275,64151.3671778881,64157.81472716264,,-9.109718332605553,-6.582185939086592,,64223.73,
2026-07-12 04:00:00,1783828800000,64223.73,64245.87,63640.83,63885.27,1737.49927,63885.27,63885.27,,0.0,0.0,,63885.27,
2026-07-12 08:00:00,1783843200000,63885.28,64100.32,63764.0,64018.01,4848.30942,63897.9119047619,63890.47549019608,,10.58894586894894,8.471156695159152,,64018.01,
2026-07-12 12:00:00,1783857600000,64018.0,64290.11,63958.71,64176.0,1182.12771,63924.39648526077,63901.67252979623,,31.36764766520355,23.39988679313101,,64176.0,
2026-07-12 16:00:00,1783872000000,64176.0,64270.0,64018.69,64228.59,890.36957,63953.36729618831,63914.4928227454,,51.48500493959,34.81379525401397,,64228.59,
2026-07-12 20:00:00,1783886400000,64228.59,64254.0,63668.0,63780.0,1162.25606,63936.856125122766,63909.218594402446,,30.87478622362687,11.362861230440668,,63780.0,
2026-07-13 00:00:00,1783900800000,63780.0,64425.0,62741.04,62806.41,3939.38182,63829.19458939679,63865.97119854353,,-63.28996959342476,-66.24151566928877,,62806.41,
2026-07-13 04:00:00,1783915200000,62806.41,63070.01,62500.76,62985.52,3347.70751,62985.52,62985.52,,0.0,0.0,,62985.52,
2026-07-13 08:00:00,1783929600000,62985.53,63302.88,62862.28,62901.99,3803.06989,62977.56476190476,62982.24431372549,,-6.663361823360901,-5.330689458688721,,62901.99,
2026-07-13 12:00:00,1783944000000,62901.99,62990.04,62101.0,62618.01,5871.90146,62943.32145124717,62967.96061514802,,-34.461683914902096,-26.50320924018393,,62618.01,
2026-07-13 16:00:00,1783958400000,62618.0,62629.35,61824.97,62288.23,3298.41917,62880.93178922363,62941.3045125932,,-82.15550681950845,-59.35762571583223,,62288.23,
2026-07-13 20:00:00,1783972800000,62288.23,62347.46,61882.88,62334.52,1422.02219,62828.892571202334,62917.50904151111,,-114.89356742204107,-73.67654905469189,,62334.52,
2026-07-14 00:00:00,1783987200000,62334.52,62666.66,62272.2,62572.89,2249.30225,62804.511373944966,62903.99456929499,,-120.21844604314538,-63.20114214063694,,62572.89,
2026-07-14 04:00:00,1784001600000,62572.88,62872.0,62516.93,62560.92,2088.33647,62560.92,62560.92,,0.0,0.0,,62560.92,
2026-07-14 08:00:00,1784016000000,62560.92,62923.06,62500.0,62844.99,1732.53672,62587.974285714285,62572.06,,22.66085470085818,18.128683760686545,,62844.99,
2026-07-14 12:00:00,1784030400000,62844.99,64966.43,62780.84,64743.99,8796.6211,62793.30911564626,62657.2337254902,,191.6440217206109,149.6894806243514,,64743.99,
2026-07-14 16:00:00,1784044800000,64744.0,64896.86,64231.77,64569.59,3290.30049,62962.478723679946,62732.22808919647,,307.94201272787177,212.78997730528985,,64569.59,
2026-07-14 20:00:00,1784059200000,64569.59,65100.0,64419.99,65043.98,2395.31681,63160.71694047234,62822.88502687504,,433.39243858566624,270.5923225304674,,65043.98,
2026-07-15 00:00:00,1784073600000,65043.99,65065.01,64488.0,64792.01,1693.44003,63316.07818423688,62900.10561405641,,506.64069316273526,275.0724616860291,,64792.01,
2026-07-15 04:00:00,1784088000000,64792.0,65277.37,64485.0,64549.34,3159.56545,64549.34,64549.34,,0.0,0.0,,64549.34,
2026-07-15 08:00:00,1784102400000,64549.33,64917.94,64549.33,64732.15,2317.38966,64566.75047619047,64556.50901960784,,14.583133903135604,11.666507122508484,,64732.15,
2026-07-15 12:00:00,1784116800000,64732.15,65600.0,64606.0,65427.61,6119.9158,64648.73709750567,64590.66984236832,,81.32076720157056,62.723312336754745,,65427.61,
2026-07-15 16:00:00,1784131200000,65427.6,65470.0,64738.49,64977.34,3997.71829,64680.03261202894,64605.83337796172,,96.76237998863508,62.53194009905541,,64977.34,
2026-07-15 20:00:00,1784145600000,64977.34,65055.39,64691.89,64756.28,1113.86818,64687.29426802618,64611.73324549263,,90.12338852564426,44.71435890885167,,64756.28,
2026-07-16 00:00:00,1784160000000,64756.28,64845.5,64392.01,64619.95,1773.62269,64680.88052821417,64612.05547115959,,73.01952468967647,22.088396058307097,,64619.95,
2026-07-16 04:00:00,1784174400000,64619.96,64997.52,64086.12,64238.0,2728.61151,64238.0,64238.0,,0.0,0.0,,64238.0,
2026-07-16 08:00:00,1784188800000,64238.0,64380.0,63888.0,64256.53,8083.54555,64239.76476190477,64238.72666666667,,1.478176638178411,1.1825413105427287,,64256.53,
2026-07-16 12:00:00,1784203200000,64256.52,64896.0,63838.28,64704.73,3169.90689,64284.04716553288,64257.00130718955,,38.37329307392065,30.46212619702797,,64704.73,
2026-07-16 16:00:00,1784217600000,64704.73,64712.0,63984.09,64271.84,1783.88455,64282.88457833928,64257.58321671153,,32.30988523213455,19.51897468419349,,64271.84,
2026-07-16 20:00:00,1784232000000,64271.85,64276.0,63748.74,63830.2,1224.9556,64239.77176135458,64240.82309056598,,-8.039393108090735,-16.66424292482543,,63830.2,
2026-07-17 00:00:00,1784246400000,63830.2,64067.69,63380.28,63570.0,2665.58621,64175.98397455891,64214.51630270065,,-60.31715370959864,-55.15360282106667,,63570.0,
2026-07-17 04:00:00,1784260800000,63570.0,63576.0,62710.0,62828.11,4170.00651,62828.11,62828.11,,0.0,0.0,,62828.11,
2026-07-17 08:00:00,1784275200000,62828.11,63361.7,62666.0,63298.01,2593.38028,62872.86238095238,62846.5374509804,,37.48490028489323,29.987920227914582,,63298.01,
2026-07-17 12:00:00,1784289600000,63298.0,63518.0,62537.56,63452.0,3902.37074,62928.0183446712,62870.281080353714,,78.71033611739404,56.97068484833231,,63452.0,
2026-07-17 16:00:00,1784304000000,63452.0,64387.99,63312.01,64160.8,3432.25523,63045.42612136918,62920.88966543788,,166.65493301046808,115.9322253931251,,64160.8,
2026-07-17 20:00:00,1784318400000,64160.8,64216.61,63884.35,63931.67,1426.29492,63129.8303002864,62960.528109930514,,215.38001680976595,131.72584735393835,,63931.67,
2026-07-18 00:00:00,1784332800000,63931.67,64032.6,63886.65,64017.84,1370.3565,63214.40265264007,63001.99132130579,,257.97442700226384,139.456206037149,,64017.84,
2026-07-18 04:00:00,1784347200000,64017.84,64026.03,63926.39,64002.75,949.10008,63289.48335238864,63041.23675968596,,287.20247570575884,134.9474037925152,,64002.75,
2026-07-18 08:00:00,1784361600000,64002.75,64097.22,63887.73,64069.89,1103.50008,64069.89,64069.89,,0.0,0.0,,64069.89,
2026-07-18 12:00:00,1784376000000,64069.89,64274.47,63963.0,64123.12,1241.58814,64074.95952380953,64071.9774509804,,4.246267806272954,3.397014245018363,,64123.12,
2026-07-18 16:00:00,1784390400000,64123.13,64669.5,64091.48,64552.79,1723.19086,64120.46718820862,64090.8328450596,,41.80039480199776,32.76091299259453,,64552.79,
2026-07-18 20:00:00,1784404800000,64552.8,64865.0,64528.69,64834.22,1643.44446,64188.44364647447,64119.98528250825,,93.19704250746145,67.32604855844657,,64834.22,
2026-07-19 00:00:00,1784419200000,64834.21,64967.25,64620.44,64706.18,1644.28469,64237.75187061975,64142.97331064518,,122.18897968401144,77.05438858799724,,64706.18,
2026-07-19 04:00:00,1784433600000,64706.18,64815.65,64610.89,64711.05,1101.66102,64282.82788294168,64165.25082787479,,143.89948340143746,79.01191384433861,,64711.05,
2026-07-19 08:00:00,1784448000000,64711.04,64743.0,64445.0,64467.64,1538.93439,64467.64,64467.64,,0.0,0.0,,64467.64,
2026-07-19 12:00:00,1784462400000,64467.65,64663.04,64285.24,64585.32,1464.507,64478.84761904762,64472.25490196078,,9.387578347588716,7.510062678070971,,64585.32,
2026-07-19 16:00:00,1784476800000,64585.33,64752.0,64280.0,64462.58,1160.57272,64477.29832199547,64471.87549404076,,6.844312627334148,3.973437566253124,,64462.58,
2026-07-19 20:00:00,1784491200000,64462.58,64900.0,64347.89,64722.54,1469.95492,64500.65467228162,64481.70547466662,,25.51127751743479,18.11232196508301,,64722.54,
2026-07-20 00:00:00,1784505600000,64722.55,65107.99,64416.0,64869.8,1856.81248,64535.81137015956,64496.92486781695,,51.59290211773623,35.35515725230756,,64869.8,
2026-07-20 04:00:00,1784520000000,64869.79,64869.99,63765.83,64280.01,3162.272,64511.44933490627,64488.41840241236,,24.39049515652732,6.522200232878923,,64280.01,
2026-07-20 08:00:00,1784534400000,64280.01,65068.0,63100.0,65002.01,5789.67423,65002.01,65002.01,,0.0,0.0,,65002.01,
2026-07-20 12:00:00,1784548800000,65002.0,65666.8,64077.76,65598.75,5847.5969,65058.84238095238,65025.41156862745,,47.60319088318647,38.08255270654918,,65598.75,
2026-07-20 16:00:00,1784563200000,65598.75,65799.0,65041.05,65142.0,3294.38969,65066.76215419501,65029.9836639754,,47.92075421465415,30.720092830413485,,65142.0,
2026-07-20 20:00:00,1784577600000,65142.0,65445.27,65061.92,65255.51,1372.74172,65084.73813950978,65038.82783401558,,56.67838070837752,31.582175459309475,,65255.51,
2026-07-21 00:00:00,1784592000000,65255.51,65658.78,65148.75,65566.78,2285.39592,65130.64688812789,65059.53184052477,,87.7245167851288,50.102649228848605,,65566.78,
2026-07-21 04:00:00,1784606400000,65566.77,66245.64,65471.69,66186.86,3537.73944,66186.86,66186.86,,0.0,0.0,,66186.86,
2026-07-21 08:00:00,1784620800000,66186.86,66420.65,66129.19,66345.59,3436.96959,66201.97714285714,66193.08470588236,,12.662222222221317,10.129777777777054,,66345.59,
2026-07-21 12:00:00,1784635200000,66345.59,66956.15,66255.73,66676.54,5031.99712,66247.17360544218,66212.04373702423,,48.83903767015727,37.0452745805704,,66676.54,
2026-07-21 16:00:00,1784649600000,66676.53,66764.0,66052.63,66444.76,2940.41455,66265.99135730483,66221.16986498407,,58.13655361745623,37.07423242229549,,66444.76,
2026-07-21 20:00:00,1784664000000,66444.76,66576.0,66204.0,66556.16,1385.76425,66293.62646613293,66234.30673302391,,73.64501706769806,42.06615669802986,,66556.16,
2026-07-22 00:00:00,1784678400000,66556.15,66739.89,66176.0,66210.0,2882.6636,66285.66204078693,66233.3535278073,,57.34236003222759,20.610799730047503,,66210.0,
2026-07-22 04:00:00,1784692800000,66209.99,66424.0,65701.0,65843.48,4124.6914,65843.48,65843.48,,0.0,0.0,,65843.48,
2026-07-22 08:00:00,1784707200000,65843.48,66164.57,65843.47,66013.36,5171.31096,65859.65904761905,65850.14196078431,,13.551680911681617,10.841344729345291,,66013.36,
2026-07-22 12:00:00,1784721600000,66013.36,66204.98,65553.67,66047.39,3002.09745,65877.53818594104,65857.87717800846,,26.72930349591479,19.215173850862776,,66047.39,
2026-07-22 16:00:00,1784736000000,66047.38,66384.0,65691.93,65923.19,1521.20312,65881.88597775617,65860.43846514539,,26.841351919501903,15.46177781955991,,65923.19,
2026-07-22 20:00:00,1784750400000,65923.19,66138.24,65791.79,66114.49,1372.89949,65904.0387417794,65870.40127043381,,41.883653654003865,24.40326364324949,,66114.49,
2026-07-23 00:00:00,1784764800000,66114.5,66313.14,65585.11,65662.53,2738.22182,65881.03790922898,65862.24945590699,,17.13783702258661,-0.2740423905342091,,65662.53,
2026-07-23 04:00:00,1784779200000,65662.53,65821.17,65351.02,65442.13,1755.71203,65442.13,65442.13,,0.0,0.0,,65442.13,
2026-07-23 08:00:00,1784793600000,65442.12,65792.09,65419.75,65555.21,1697.46856,65452.89952380952,65446.56450980392,,9.020626780635212,7.216501424508169,,65555.21,
2026-07-23 12:00:00,1784808000000,65555.21,65589.41,64728.0,64958.36,4309.94067,65405.80052154195,65427.41923490965,,-31.626695562532404,-26.74465673492756,,64958.36,
2026-07-23 16:00:00,1784822400000,64958.37,64961.15,64650.0,64846.94,2433.46243,65352.57570996652,65404.655343344566,,-72.00067522669269,-53.69490911927028,,64846.94,
2026-07-23 20:00:00,1784836800000,64846.93,65235.43,64834.52,65098.97,1763.42122,65328.42278520781,65392.66768282125,,-82.70723279575031,-51.52117335066232,,65098.97,
2026-07-24 00:00:00,1784851200000,65098.98,65464.35,64762.18,65456.7,1824.8823,65340.639662807065,65395.178754083165,,-61.61616271114326,-24.34408261284421,,65456.7,
2026-07-24 04:00:00,1784865600000,65456.7,65808.59,65248.0,65499.95,2805.86714,65499.95,65499.95,,0.0,0.0,,65499.95,
2026-07-24 08:00:00,1784880000000,65499.94,65508.17,64857.14,65083.43,2252.49673,65460.28142857143,65483.61588235294,,-33.22666666666919,-26.58133333333535,,65083.43,
2026-07-24 12:00:00,1784894400000,65083.42,65133.99,63739.75,64093.85,6045.41604,65330.14510204081,65429.11525951557,,-137.8211585944955,-104.94066020892932,,64093.85,
2026-07-24 16:00:00,1784908800000,64093.86,64292.44,63881.46,64225.32,2025.41669,65224.92366375121,65381.90760227967,,-207.7101632833146,-139.86373191819877,,64225.32,
2026-07-24 20:00:00,1784923200000,64225.32,64288.02,64121.86,64139.99,1867.1929,65121.59664815586,65333.20495120989,,-266.9063901673362,-159.24796704177626,,64139.99,
2026-07-25 00:00:00,1784937600000,64140.0,64179.03,64006.55,64085.36,1828.72886,65022.90744356959,65284.269855084014,,-314.60148085803667,-165.55444618598136,,64085.36,
2026-07-25 04:00:00,1784952000000,64085.36,64205.67,63964.57,64003.2,1073.91838,64003.2,64003.2,,0.0,0.0,,64003.2,
2026-07-25 08:00:00,1784966400000,64003.2,64113.0,63810.0,64064.01,2748.18699,64008.99142857143,64005.58470588236,,4.85094017094525,3.8807521367562,,64064.01,
2026-07-25 12:00:00,1784980800000,64064.01,64272.0,64043.0,64182.0,929.05963,64025.46843537415,64012.5029527105,,18.00856064481195,13.63069808849832,,64182.0,
2026-07-25 16:00:00,1784995200000,64182.01,64475.28,64123.0,64388.38,848.44532,64060.03144152899,64027.2432290748,,44.57537371527724,32.15800892717088,,64388.38,
2026-07-25 20:00:00,1785009600000,64388.39,64430.0,64263.03,64375.0,1434.71112,64090.02844709766,64040.88074950324,,63.81449650592549,41.11770537425531,,64375.0,
2026-07-26 00:00:00,1785024000000,64375.01,64582.0,64350.0,64557.0,955.90385,64134.501928326456,64061.12072011096,,92.6791710968173,55.98590397211769,,64557.0,
2026-07-26 04:00:00,1785038400000,64557.0,64599.95,64293.81,64370.0,1238.04277,64370.0,64370.0,,0.0,0.0,,64370.0,
2026-07-26 08:00:00,1785052800000,64370.0,64573.73,64353.0,64507.35,680.86616,64383.08095238095,64375.3862745098,,10.956695156695789,8.765356125356629,,64507.35,
2026-07-26 12:00:00,1785067200000,64507.36,64827.0,64414.0,64768.0,1456.55849,64419.73990929705,64390.78289119569,,40.20873044861946,30.413913133824245,,64768.0,
2026-07-26 16:00:00,1785081600000,64768.0,64940.51,64668.91,64695.52,1252.18356,64446.00467984019,64402.733366050765,,56.88689222492394,37.67365992810298,,64695.52,
2026-07-26 20:00:00,1785096000000,64695.52,65577.0,64631.57,65399.99,2349.50606,64536.86042461731,64441.84146934289,,125.50258145450788,85.03147932614954,,65399.99,
2026-07-27 00:00:00,1785110400000,65400.0,65418.81,64892.03,65284.0,1939.56217,64608.01657465376,64474.86729407455,,168.5783199511352,102.48577425822148,,65284.0,
2026-07-27 04:00:00,1785124800000,65284.0,65744.6,65217.16,65221.99,2549.79202,65221.99,65221.99,,0.0,0.0,,65221.99,
2026-07-27 08:00:00,1785139200000,65221.99,65432.0,65092.0,65100.79,2902.58585,65210.44714285714,65217.23705882353,,-9.668376068380894,-7.734700854704715,,65100.79,
2026-07-27 12:00:00,1785153600000,65100.79,65718.0,64418.01,64554.01,3393.0404,65147.92931972789,65191.228154555945,,-60.75091143741156,-47.05378897898831,,64554.01,
2026-07-27 16:00:00,1785168000000,64554.0,65090.0,64517.78,64984.0,1492.95286,65132.31700356333,65183.10156025964,,-65.77932619733474,-41.66576299112919,,64984.0,
2026-07-27 20:00:00,1785182400000,64983.99,65056.0,63605.56,63755.86,2513.97213,65001.22586036682,65127.13130299455,,-166.94062749132718,-114.2616514280973,,63755.86,
2026-07-28 00:00:00,1785196800000,63755.86,63827.49,63059.39,63343.83,3113.97473,64843.37863556999,65057.1979185634,,-277.16409001520515,-179.5880911615802,,63343.83,
2026-07-28 04:00:00,1785211200000,63343.82,63668.71,63221.26,63505.99,2180.40039,63505.99,63505.99,,0.0,0.0,,63505.99,
2026-07-28 08:00:00,1785225600000,63506.0,63593.0,63294.0,63450.0,1418.41424,63500.65761904762,63503.79431372549,,-4.4664387464436,-3.5731509971548805,,63450.0,
2026-07-28 12:00:00,1785240000000,63449.99,64026.62,62742.47,63928.47,3870.99997,63541.4016553288,63520.448262206846,,30.253661252747406,24.9175592016289,,63928.47,
2026-07-28 16:00:00,1785254400000,63928.46,64100.0,63504.0,63904.0,1689.97924,63575.93483101177,63535.48950682618,,55.15922494154074,39.85849831233779,,63904.0,
2026-07-28 20:00:00,1785268800000,63904.0,64073.3,63562.0,63915.0,1616.06139,63608.22675186779,63550.37227126437,,74.92102868698566,47.69624164622617,,63915.0,
2026-07-29 00:00:00,1785283200000,63915.0,64200.0,63658.0,63753.03,2347.04425,63622.017537404194,63558.319633175575,,76.62943870194431,39.52372132894785,,63753.03,
2026-07-29 04:00:00,1785297600000,63753.04,64575.99,63598.0,64561.0,2719.58943,64561.0,64561.0,,0.0,0.0,,64561.0,
2026-07-29 08:00:00,1785312000000,64561.01,64744.81,64283.83,64507.54,1788.0597,64555.908571428576,64558.90352941177,,-4.264615384607168,-3.4116923076857346,,64507.54,
2026-07-29 12:00:00,1785326400000,64507.53,64718.87,63886.0,63964.01,2735.29639,64499.53727891157,64535.574371395625,,-50.91575717728119,-40.050267280287805,,63964.01,
2026-07-29 16:00:00,1785340800000,63964.01,64648.79,63511.0,63589.46,4593.92101,64412.863252348565,64498.47184702717,,-116.76419297294342,-84.71896246076003,,63589.46,
2026-07-29 20:00:00,1785355200000,63589.46,64131.44,63267.34,63984.28,2596.20834,64372.04579974394,64478.30746086924,,-135.5285891892272,-82.78668694163504,,63984.28,
2026-07-30 00:00:00,1785369600000,63984.29,64411.76,63603.92,64161.98,2334.02034,64352.03953310166,64465.90246240378,,-134.51005529384565,-65.41452243700279,,64161.98,
2026-07-30 04:00:00,1785384000000,64161.98,64182.0,63907.85,64026.0,3046.62914,64026.0,64026.0,,0.0,0.0,,64026.0,
2026-07-30 08:00:00,1785398400000,64026.0,64885.18,63980.54,64788.0,4792.79575,64098.57142857144,64055.88235294118,,60.786324786327896,48.62905982906232,,64788.0,
2026-07-30 12:00:00,1785412800000,64788.01,65176.6,64607.31,64730.3,3737.13198,64158.73605442178,64082.33010380624,,103.1153675700698,72.76648209024337,,64730.3,
2026-07-30 16:00:00,1785427200000,64730.29,64988.0,64688.0,64800.0,1688.5901,64219.80881114352,64110.47402130404,,140.6641575850299,88.25221768416277,,64800.0,
2026-07-30 20:00:00,1785441600000,64800.0,65086.4,64668.91,64780.02,1532.41755,64273.16225770128,64136.730726350936,,166.88586876387126,91.5791430904033,,64780.02,
2026-07-31 00:00:00,1785456000000,64780.03,65409.56,64172.0,64370.0,3281.13705,64282.38489982497,64145.87854100384,,152.81996306337533,62.01058991192591,,64370.0,
2026-07-31 04:00:00,1785470400000,64370.0,64496.64,63878.11,63950.01,4513.26941,63950.01,63950.01,,0.0,0.0,,63950.01,
2026-07-31 08:00:00,1785484800000,63950.01,64011.99,63610.0,63805.51,2006.05406,63936.2480952381,63944.34333333333,,-11.52706552707241,-9.221652421657929,,63805.51,
2026-07-31 12:00:00,1785499200000,63805.5,63849.19,62466.0,62716.57,6622.15348,63820.088276644,63896.195359477126,,-107.29388819896847,-83.9907800748432,,62716.57,
2026-07-31 16:00:00,1785513600000,62716.57,63302.0,62709.01,62972.0,2772.32321,63739.31796458267,63859.95240420352,,-160.7259699139904,-109.9382894318921,,62972.0,
2026-07-31 20:00:00,1785528000000,62972.0,63062.47,62846.0,62887.88,1280.66965,63658.228634622414,63821.83191776417,,-207.46750436407456,-125.343859105581,,62887.88,
2026-08-01 00:00:00,1785542400000,62887.88,63106.55,62887.87,63004.48,1641.61546,63595.96685989647,63789.77890138127,,-232.422638142758,-120.2391943074115,,63004.48,
2026-08-01 04:00:00,1785556800000,63004.47,63142.85,62992.82,63050.46,1267.77262,63050.46,63050.46,,0.0,0.0,,63050.46,
2026-08-01 08:00:00,1785571200000,63050.45,63150.0,62986.31,63076.0,834.60912,63052.89238095238,63051.46156862745,,2.037378917375463,1.6299031339003704,,63076.0,
2026-08-01 12:00:00,1785585600000,63076.0,63127.07,63007.05,63007.06,1057.87378,63048.52739229025,63049.720330642056,,-1.8890892119525236,-1.8372519963420928,,63007.06,
2026-08-01 16:00:00,1785600000000,63007.06,63027.65,62275.0,62529.82,1931.00222,62999.12668826261,63029.33208238158,,-43.01428117409523,-34.36995516678784,,62529.82,
2026-08-01 20:00:00,1785614400000,62529.81,62866.62,62482.99,62823.64,830.21584,62982.41367033283,63021.26572620976,,-51.30604945014784,-34.12937875427235,,62823.64,
2026-08-02 00:00:00,1785628800000,62823.65,63550.0,62806.58,63461.95,2070.02486,63028.0837969678,63038.54746243682,,-6.298448533096234,8.7025777302234,,63461.95,
2026-08-02 04:00:00,1785643200000,63461.95000000,63634.0,63415.26,63506.24,1136.19822,63506.24,63506.24,,0.0,0.0,,63506.24,
2026-08-02 08:00:00,1785657600000,63506.23000000,63530.0,62982.38,63031.99,1393.24586,63461.073333333334,63487.64196078431,,-37.83190883191128,-30.26552706552902,,63031.99,
2026-08-02 12:00:00,1785672000000,63031.99000000,63231.67,63010.0,63109.14,1015.40932,63427.555873015874,63472.79874663591,,-60.886744425784855,-42.65629012752208,,63109.14,
2026-08-02 16:00:00,1785686400000,63109.13000000,63610.01,63064.01,63456.01,1352.52922,63430.265789871504,63472.140364414896,,-50.58524246171146,-25.883830530758942,,63456.01,
2026-08-02 20:00:00,1785700800000,63456.00000000,63796.33,63344.0,63570.0,1419.60406,63443.57380988375,63475.97799718294,,-32.84457576664863,-6.514531068556892,,63570.0,
2026-08-03 00:00:00,1785715200000,63570.01000000,63596.0,62786.04,62870.49,1580.29042,63388.994399418625,63452.23336984243,,-74.3722633899888,-38.43377495351765,,62870.49,
2026-08-03 04:00:00,1785729600000,62870.48000000,63001.77,62552.04,62621.1,2528.15637,63315.861599473996,63419.63990435842,,-125.95501279983728,-72.01321949069289,,62621.1,
2026-08-03 08:00:00,1785744000000,62621.10000000,62863.1,62300.0,62560.01,1968.81583,63243.87573285743,63385.928927716915,,-169.80673939957342,-92.69195687234321,,62560.01,
2026-08-03 12:00:00,1785758400000,62560.01000000,63992.71,62445.26,63694.91,5314.98583,63286.8313773472,63398.04583251233,,-111.6950523834239,-27.664215884954956,,63694.91,
2026-08-03 16:00:00,1785772800000,63694.90000000,64080.0,63664.0,63869.38,2341.4127,63342.31219855223,63416.529525354985,,-50.97524002166756,26.444477181441115,,63869.38,
2026-08-03 20:00:00,1785787200000,63869.38000000,64023.61,63392.01,63520.0,1809.63628,63359.23484630916,63420.587191027334,,-30.692592273604532,37.38169994360332,,63705.7085,
2026-08-04 00:00:00,1785801600000,63520.00000000,63972.0,63322.01,63800.01,2284.2087,63401.213432374956,63435.466516869405,,7.885124250075023,60.7675331738263,,63705.7085,
2026-08-04 04:00:00,1785816000000,63800.01000000,64243.81,63506.78,63685.74,2203.45481,63428.3112007202,63445.281163266685,,28.904416406803648,65.42946026444395,,63705.7085,
2026-08-04 08:00:00,1785830400000,63685.73000000,63950.0,63451.8,63926.0,1840.43901,63475.71013398494,63464.13288235427,54.86335429633374,64.20916762466368,80.58736918584319,,63686.952000000005,
2026-08-04 12:00:00,1785844800000,63926.00000000,64238.0,63615.38,64125.14,3355.49264,63537.560597414944,63490.05473010509,56.85430639602365,107.02366880533373,98.72149629321058,,63694.7295,
2026-08-04 16:00:00,1785859200000,64125.14000000,64413.21,63892.0,64233.36,2494.3487,63603.82720718495,63519.20395637548,64.47904740096178,147.98108518557274,111.74313013875967,,63689.5215,
2026-08-04 20:00:00,1785873600000,64233.35000000,64549.16,64001.68,64106.56,1512.53523,63651.706520786385,63542.237526713696,61.87885572731817,168.2687352249559,105.62462414251425,,63689.5215,
2026-08-05 00:00:00,1785888000000,64106.55000000,64504.0,63950.0,64183.27,2051.27242,63702.33161404482,63567.37605507786,59.25705295636096,188.36534154953551,100.57698437367509,,63689.5215,
2026-08-05 04:00:00,1785902400000,64183.27000000,64525.97,63995.89,64163.99,1638.18668,63746.299079373886,63590.77268036893,57.74750028042769,200.42592665798293,90.11005558569799,,63689.5215,
2026-08-05 08:00:00,1785916800000,64164.00000000,64280.0,64020.0,64075.28,1165.7803,63777.630595623996,63609.77296741329,68.6926516540838,200.51446568416577,72.15887568950467,0.5770332252564869,63689.5215,
2026-08-05 12:00:00,1785931200000,64075.28000000,64744.0,63880.0,64388.01,4094.61341,63835.761967469334,63640.29206673042,76.88566846319357,223.2458912381844,75.91224099481866,1.888466913047883,63702.509999999995,
2026-08-05 16:00:00,1785945600000,64388.01000000,64936.18,64388.0,64840.28,1995.16889,63931.43035151988,63687.350417054724,81.0059421018995,274.5898184815014,101.80493459050854,0.9075892388535599,63643.1385,
2026-08-05 20:00:00,1785960000000,64840.27000000,65025.22,64579.15,64665.23,1797.83358,64001.31603232751,63725.69863599376,67.85448791079384,297.72321084043506,99.95066155955371,0.8035232153494772,63643.1385,
2026-08-06 00:00:00,1785974400000,64665.24000000,64724.38,64439.34,64531.03,1501.18098,64051.764981629654,63757.280258111656,62.35791156617595,301.7493933342921,83.1814752427286,0.6687159688272168,63643.1385,
2026-08-06 04:00:00,1785988800000,64531.03000000,64996.0,64496.27,64809.7,1782.75525,64123.9492690935,63798.55162053865,74.74178151570018,323.6951557630018,84.10179013715066,0.7877741387683597,63643.1385,
2026-08-06 08:00:00,1786003200000,64809.70000000,64999.0,64503.54,64622.09,1307.61434,64171.39124346555,63830.84724326263,66.35056008146626,322.23425560585747,66.11271198400505,0.581318342923601,63643.1385,
2026-08-06 12:00:00,1786017600000,64622.08000000,64987.26,64172.0,64631.87,2760.61479,64215.2463631355,63862.25990038959,69.63389681376927,318.19766140176216,49.660894223927755,1.2209612563424286,63643.1385,
2026-08-06 16:00:00,1786032000000,64631.88000000,64834.0,64365.0,64446.0,1460.95594,64237.22289997974,63885.15166900176,61.04015218425161,296.5816669523774,22.435919819634364,0.6534889577011994,63643.1385,
2026-08-06 20:00:00,1786046400000,64446.01000000,64536.32,64200.0,64323.61,1051.31154,64245.45024283881,63902.34611335464,54.35567903998175,266.5029058657965,-6.114273013557238,0.5198231439267247,63643.1385,
2026-08-07 00:00:00,1786060800000,64323.61000000,64544.0,64230.59,64289.99,1225.13149,64249.69212447321,63917.54783439956,51.28489034301552,237.21791748325631,-28.319409116877978,0.6229608595647146,63643.1385,
2026-08-07 04:00:00,1786075200000,64289.99000000,64463.75,64166.0,64319.84,1378.76331,64256.37287452338,63933.32399775644,55.0618491128473,213.9516967563759,-41.26850387500673,0.7088454522305897,63643.1385,
2026-08-07 08:00:00,1786089600000,64319.84000000,65213.33,64304.22,65029.98,2365.76634,64330.04974361639,63976.33011549148,65.44995383498109,249.93432499877963,-4.2287005060824185,1.2137357361656504,64350.7385,
2026-08-07 12:00:00,1786104000000,65029.98000000,65390.99,64788.0,64912.72,4134.62946,64385.54214898626,64013.051287432994,63.190458573366435,265.9235143624974,9.408391086108224,2.0211123888005353,64350.7385,
2026-08-07 16:00:00,1786118400000,64912.71000000,65072.31,64525.0,64960.47,1712.98766,64440.297182416136,64050.20496243563,65.8228436395096,279.22930643535074,18.17134652716925,0.8399686449165468,64968.231,
2026-08-07 20:00:00,1786132800000,64960.46000000,65102.0,64846.0,64923.19,990.12577,64486.28697456698,64084.43966979109,60.61132392712963,283.49806881226687,17.952087123268257,0.5154009132464511,64968.231,
2026-08-08 00:00:00,1786147200000,64923.20000000,65074.18,64784.19,65033.0,1310.57126,64538.354881751075,64121.63811411301,54.4216438456738,292.3715656168206,21.460467142257585,0.7038929839382149,64971.175,
2026-08-08 04:00:00,1786161600000,65033.00000000,65071.15,64951.34,64960.0,786.13996,64578.511559679544,64154.51505081446,57.09526629212928,290.1685039609438,15.405924389104598,0.4306270849320137,64971.175,
2026-08-08 08:00:00,1786176000000,64959.99000000,65050.0,64948.56,64967.35,776.81012,64615.54379209102,64186.39093117468,61.18551256678178,285.7220197124843,8.767552112516114,0.44090667147118506,64971.175,
2026-08-08 12:00:00,1786190400000,64967.36000000,65192.54,64924.0,65080.82,965.25235,64659.85581189187,64221.466580932545,57.59363201469881,288.0339534812156,8.86358870499788,0.5585303563101898,64135.516,
2026-08-08 16:00:00,1786204800000,65080.83000000,65150.0,65017.39,65075.41,690.47872,64699.43240123551,64254.95455815088,64.1399144094126,286.1312924341328,5.56874212633204,0.4051070386857721,64135.516,
2026-08-08 20:00:00,1786219200000,65075.40000000,65100.61,64936.01,64962.6,1230.89057,64724.49598207022,64282.705359792024,59.69308503467137,272.3807597911655,-6.54543241330822,0.7884011317512252,65017.8,
2026-08-09 00:00:00,1786233600000,64962.60000000,65002.0,64730.08,64788.8,953.95674,64730.620174254014,64302.55220842764,60.11842214009948,244.6391087484808,-27.42966676479432,0.6320991278605406,65017.8,
2026-08-09 04:00:00,1786248000000,64788.80000000,64867.11,64777.0,64826.14,905.46471,64739.717300515535,64323.08506299911,65.61728893833634,223.09497635038133,-39.17903933031505,0.6182460857548662,65017.8,
2026-08-09 08:00:00,1786262400000,64826.15000000,65000.0,64792.1,64950.0,878.41777,64759.74422427596,64347.669962489344,69.42199831678573,213.55384724816395,-38.976134746025934,0.6128074638511718,65017.8,
2026-08-09 12:00:00,1786276800000,64950.01000000,65300.0,64914.73,65228.68,1218.78551,64804.40477434492,64382.21937572506,73.32799441466982,225.87582476354146,-21.323325784518744,0.8673189057575197,64895.0965,
2026-08-09 16:00:00,1786291200000,65228.68000000,65266.06,65179.72,65180.66,760.315,64840.23860535969,64413.53077275545,55.85920487774535,229.1250570076154,-14.459274832355874,0.5518052174894472,64895.0965,
2026-08-09 20:00:00,1786305600000,65180.66000000,65474.46,64842.59,64901.59,2314.29633,64846.081595325435,64432.67035029445,49.61558387731825,206.79764572298154,-29.429348893591794,1.707271598149117,64895.0965,
2026-08-10 00:00:00,1786320000000,64901.59000000,65391.14,64826.78,64982.01,1735.05442,64859.027157675395,64454.213081655456,50.72754539559017,193.3632620017088,-34.290986091891625,1.2671498833906472,64895.0965,
2026-08-10 04:00:00,1786334400000,64982.00000000,65379.13,64924.0,65202.73,1621.07764,64891.76076170631,64483.56668629642,58.40085108429102,198.2414712001264,-23.530221514779214,1.1597800475955156,64895.0965,
2026-08-10 08:00:00,1786348800000,65202.72000000,65328.73,64958.87,65125.98,1294.99105,64914.06735582952,64508.75936526519,52.850922916539005,193.68176078634133,-22.471945542851444,0.9241758867464421,64895.0965,
2026-08-10 12:00:00,1786363200000,65125.99000000,65237.8,64203.15,64299.99,3640.00431,64855.58379813147,64500.57233133322,36.15570816674988,122.01119837341685,-75.31400636462075,2.403752508919076,64895.0965,
2026-08-10 16:00:00,1786377600000,64299.99000000,64354.0,63806.27,64045.7,4275.95165,64778.452007833235,64482.73420069271,32.48233312932648,44.18336516246927,-122.51347166045466,2.656183970276493,64895.0965,
2026-08-10 20:00:00,1786392000000,64045.70000000,64215.21,63920.69,63970.01,1071.3297,64701.45753089673,64462.627369293,28.579362477582663,-23.33432028956304,-152.02492568998957,0.7354775215652363,64895.0965,
2026-08-11 00:00:00,1786406400000,63970.01000000,64176.0,63895.64,64155.01,1832.7232,64649.41490890656,64450.56394304622,33.40090317554214,-61.20903885979351,-151.91971540817605,1.2530311122264581,64895.0965,
2026-08-11 04:00:00,1786420800000,64155.00000000,64159.65,63852.0,64065.99,1640.19253,64593.85063186784,64435.48261194637,33.68999326942321,-97.28673530245578,-150.39792948067065,1.0970195573159203,64094.494999999995,
2026-08-11 08:00:00,1786435200000,64066.00000000,64400.0,64044.72,64389.57,1568.1186,64574.39533359471,64433.68211736024,43.112995656269064,-98.63140647202817,-121.39408052019442,1.0398577957717572,64094.494999999995,
2026-08-11 12:00:00,1786449600000,64389.58000000,64515.43,63451.0,63609.87,4376.77905,64482.53577801426,64401.3757598167,33.296619689682856,-160.75920973625762,-146.81750702753908,2.593578453125454,64094.494999999995,
2026-08-11 16:00:00,1786464000000,63609.86000000,63660.0,63238.0,63536.0,2424.73673,64392.38951344147,64367.43945551016,30.31079425197737,-213.4955888209297,-159.64310888976894,1.3699535545320765,64094.494999999995,
2026-08-11 20:00:00,1786478400000,63536.00000000,63768.58,63536.0,63600.0,1049.08237,64316.92384549466,64337.343790588195,25.879411869246482,-247.2748534733546,-154.73789883375508,0.5913213756721294,64094.494999999995,
2026-08-12 00:00:00,1786492800000,63600.01000000,63908.01,63534.01,63835.59,1898.48961,64271.082526876125,64317.66717134944,31.128128428679247,-252.1286379905141,-127.67334668073165,1.034862681606309,64094.494999999995,
2026-08-12 04:00:00,1786507200000,63835.58000000,63891.42,63606.15,63837.99,2130.54232,64229.835619554586,64298.85630188476,33.82121191839424,-252.86674679466523,-102.72916438790622,1.1335593471164538,64094.494999999995,
2026-08-12 08:00:00,1786521600000,63838.00000000,64249.5,63768.01,64240.04,2267.09134,64230.80746531129,64296.549780242225,39.719562717359686,-218.4910001677781,-54.682734208815276,1.1654964785760211,64094.494999999995,
2026-08-12 12:00:00,1786536000000,64240.04000000,64500.0,63316.0,63441.47,3959.44035,64155.63246861498,64263.01723984057,28.965006568732832,-252.77209896246495,-71.17106640280167,1.8873612338753871,64094.494999999995,
2026-08-12 16:00:00,1786550400000,63441.48000000,63578.0,63310.34,63421.11,1558.61566,64085.67794779451,64230.00126965075,29.360477081724227,-278.3740755228355,-77.41843437053774,0.7310988540821459,64094.494999999995,
2026-08-12 20:00:00,1786564800000,63421.11000000,63661.24,63370.0,63479.99,1812.88894,64027.99338133789,64200.58906299777,37.80850431162653,-290.56326997300494,-71.68610305656574,0.8386846077151758,64094.494999999995,
2026-08-13 00:00:00,1786579200000,63479.99000000,63717.31,63380.0,63646.99,1584.53762,63991.70734502,64178.87929582139,43.9141438039387,-283.480008986975,-51.682273656428634,0.7193297870818812,64094.494999999995,
2026-08-13 04:00:00,1786593600000,63647.00000000,64010.0,63591.56,63865.84,1512.6667,63979.71997882761,64166.603245004866,48.476543419316826,-257.24178446530277,-20.355239307805107,0.6994292903796868,64094.494999999995,
2026-08-13 08:00:00,1786608000000,63865.84000000,63915.0,63350.0,63484.3,1451.07714,63932.53712370117,64139.84625500468,40.724288531591164,-264.1894799601141,-21.842347842093147,0.675385513754265,64094.494999999995,
2026-08-13 12:00:00,1786622400000,63484.31000000,63999.0,63420.0,63420.01,2120.87883,63883.72501668201,64111.61738225941,41.004767899116636,-271.75067181548366,-23.522831757970124,0.97578657083481,64094.494999999995,
2026-08-13 16:00:00,1786636800000,63420.01000000,63568.97,62802.27,63407.99,3071.89552,63838.416919855146,64084.02415158257,35.03287467369289,-275.53666917435476,-21.847063293472957,1.357832632886111,63427.3275,
2026-08-13 20:00:00,1786651200000,63408.00000000,63640.0,63368.0,63490.86,1052.80272,63805.316260821324,64060.76281230483,47.69564998509072,-268.75217514868564,-12.050055414243047,0.4935802411289742,63427.3275,
2026-08-14 00:00:00,1786665600000,63490.86000000,63617.45,63301.58,63310.0,1474.95395,63758.14328360024,64031.32113339091,45.79813184198001,-274.80156387331954,-14.479555311101535,0.7400886947172713,63427.3275,
2026-08-14 04:00:00,1786680000000,63310.00000000,63472.5,62920.0,62920.78,2090.34251,63678.39439944784,63987.77050070892,38.73411842759991,-307.45836057925044,-37.709081613625926,1.0227261066980884,63427.3275,
2026-08-14 08:00:00,1786694400000,62920.78000000,62997.83,62700.0,62868.83,2437.10701,63601.29302807185,63943.89048107328,32.92462361261252,-333.68453052744735,-51.14820124945828,1.1750122651888166,63427.3275,
2026-08-14 12:00:00,1786708800000,62868.83000000,63089.18,62535.24,62990.95,3460.64272,63543.16512063643,63906.52026612923,35.646211931213486,-340.68766048084217,-46.52106496228248,1.5983500077128812,63427.3275,
2026-08-14 16:00:00,1786723200000,62990.94000000,63247.05,62830.0,62968.05,1783.03596,63488.39225200439,63869.71751059475,25.266874851736105,-344.11874337332847,-39.961718283815,0.819454965872256,63427.3275,
2026-08-14 20:00:00,1786737600000,62968.06000000,63066.13,62800.0,63043.56,1094.74684,63446.027275623026,63837.31917684594,39.236191887987594,-336.8617428660291,-26.163774221212464,0.5441686091740202,63427.3275,
2026-08-15 00:00:00,1786752000000,63043.56000000,63187.98,62992.91,63051.25,1121.88969,63408.42943984941,63806.49293461668,39.925913820340895,-326.7237311538629,-12.820610007237008,0.5763221605037394,63427.3275,
2026-08-15 04:00:00,1786766400000,63051.25000000,63155.76,63027.89,63075.43,1448.06787,63376.715207482805,63777.823799925834,38.76846196557465,-313.1286082323277,0.6196103314385937,0.7363360242941668,63427.3275,
2026-08-15 08:00:00,1786780800000,63075.43000000,63085.8,62920.0,63022.01,617.28318,63342.933759151114,63748.184043066,31.481196145594993,-303.17016596352187,8.462442080195501,0.3244546424093404,63427.3275,
2026-08-15 12:00:00,1786795200000,63022.01000000,63120.09,62946.58,63100.55,700.44395,63319.84959161291,63722.786629612434,25.26711093587396,-285.64773779320967,20.78789620040618,0.3825429473294925,63427.3275,
2026-08-15 16:00:00,1786809600000,63100.55000000,63127.4,63044.37,63126.08,1110.25742,63301.39534479263,63699.38636962763,34.96263957686158,-266.6275135823598,31.84649632900482,0.6261395999410276,63427.3275,
2026-08-15 20:00:00,1786824000000,63126.07000000,63175.0,63076.96,63086.01,407.21827,63280.88245481238,63675.33239434812,35.68833127656646,-251.88360557006672,37.27232347303834,0.25521843362796987,63427.3275,
2026-08-16 00:00:00,1786838400000,63086.01000000,63151.59,63012.0,63130.0,626.426,63266.512697211205,63653.94681025604,38.40597239020722,-233.95246845991642,44.162768466550915,0.40441764242329026,63427.3275,
2026-08-16 04:00:00,1786852800000,63130.01000000,63158.8,63040.0,63061.02,792.70018,63246.941964143465,63630.694778481295,31.862678908992308,-222.740409829923,44.29986167723547,0.5291904708640811,63427.3275,
2026-08-16 08:00:00,1786867200000,63061.03000000,63079.76,62968.45,63013.66,746.76545,63224.724634225044,63606.49733618792,35.908165788522496,-215.19568685963895,41.47566771801564,0.5128671902402259,63427.3275,
2026-08-16 12:00:00,1786881600000,63013.66000000,63146.4,62997.77,63146.39,558.13323,63217.26419287027,63588.453911239376,64.18984364189896,-196.24405847142043,48.341836884987345,0.396307593983948,63427.3275,
2026-08-16 16:00:00,1786896000000,63146.39000000,63390.0,63100.89,63108.81,861.07496,63206.93522212072,63569.64434609273,65.37150909556772,-182.15735180291813,49.94283484279174,0.6244953265065187,63427.3275,
2026-08-16 20:00:00,1786910400000,63108.80000000,63140.0,62716.0,62900.0,1152.13153,63177.70329620446,63543.38378350086,44.75665578987425,-185.70209897940367,37.11847013304498,0.8660064935796093,63427.3275,
2026-08-17 00:00:00,1786924800000,62900.00000000,63520.0,62751.1,63429.21,2170.22745,63201.65631561356,63538.90638022632,66.78654630168906,-144.14687697832414,62.93895370729962,1.6884822756042117,63427.3275,
2026-08-17 04:00:00,1786939200000,63429.21000000,63717.17,63429.21,63514.45,2494.00927,63231.44619031703,63537.94730649195,67.02016149436518,-103.14689533100318,83.15114828369647,1.837379633442387,63427.3275,
2026-08-17 08:00:00,1786953600000,63514.45000000,63781.69,63295.0,63631.1,1942.91539,63269.50845790588,63541.60035329619,69.42819425178766,-60.543526287299755,100.60361386191991,1.4071236061583867,63427.3275,
2026-08-17 12:00:00,1786968000000,63631.11000000,64227.27,63444.17,64200.0,2930.57098,63358.12670001008,63567.41994728458,77.60344819122162,18.907472550788953,144.04369016000692,2.059746484734251,63427.3275,
2026-08-17 16:00:00,1786982400000,64200.00000000,64610.01,63979.3,64309.96,3583.96885,63448.77749048531,63596.53916503812,80.7599531895585,89.71167423247243,171.8783134733523,2.4213953128072654,63427.3275,
2026-08-17 20:00:00,1786996800000,64309.95000000,64578.0,64266.0,64532.1,1133.95519,63551.951062820044,63633.2278252327,81.99494893055906,161.88326615707047,195.2399243183603,0.8314727997088684,63427.3275,
2026-08-18 00:00:00,1787011200000,64532.11000000,64568.46,64047.73,64185.01,1731.23124,63612.24239017052,63654.86634189024,70.69265372003875,188.89504597084306,177.8013633057063,1.27184114219112,63427.3275,
2026-08-18 04:00:00,1787025600000,64185.00000000,64446.0,64090.0,64198.97,3151.98283,63668.12121015428,63676.20374024749,71.97267630103462,209.01908946059848,158.34032543636937,2.1529016108259817,63427.3275,
2026-08-18 08:00:00,1787040000000,64198.97000000,64402.35,64087.98,64351.19,1202.18477,63733.17538061577,63702.673789649554,73.12132927905257,234.54671225787024,147.0943585869129,0.8188837792820447,63427.3275,
2026-08-18 12:00:00,1787054400000,64351.18000000,65058.81,64027.85,64855.06,3687.2214,63840.02153484285,63747.86540574173,79.16455334035629,292.06884735820495,163.69319494979808,2.33363262225855,63427.3275,
2026-08-18 16:00:00,1787068800000,64855.06000000,64891.81,64642.36,64643.26,1223.7468,63916.52043628638,63782.97891924206,75.14690632561367,316.91190081449895,150.82899872487366,0.7599220818849615,63427.3275,
2026-08-18 20:00:00,1787083200000,64643.27000000,64780.0,64562.25,64725.42,793.54608,63993.55848997339,63819.93739299728,74.75286792346364,339.31837402595556,138.5883775490642,0.49135573577477965,63427.3275,
2026-08-19 00:00:00,1787097600000,64725.42000000,64736.27,64278.0,64330.71,1368.72937,64025.66815759497,63839.96769131112,67.22577480037907,321.51958951611596,96.63167443137968,0.8407754120395725,63427.3275,
2026-08-19 04:00:00,1787112000000,64330.70000000,64409.93,64166.0,64296.0,1822.44544,64051.41404734783,63857.8513112597,70.69607604770191,301.14174308230577,61.00306239805559,1.0728482026541215,64361.3625,
2026-08-19 08:00:00,1787126400000,64296.01000000,64539.05,64255.0,64515.63,1158.29773,64095.625090457565,63883.6465539554,67.73434235269545,299.26472102638945,47.30083227371142,0.6713633358508532,64361.3625,
2026-08-19 12:00:00,1787140800000,64515.62000000,69500.0,64474.86,68554.0,14033.00336,64520.2322246997,64066.797669486565,85.91382477904622,616.5328693184638,291.6551844526286,5.878172757856697,64208.3575,
2026-08-19 16:00:00,1787155200000,68554.00000000,68997.0,67825.03,68429.44,5078.58687,64892.53772710925,64237.88168244788,84.15635926697885,848.1423545123253,418.611735717192,1.950378472120701,64208.3575,
2026-08-19 20:00:00,1787169600000,68429.44000000,70000.0,68390.0,69334.79,5593.23699,65315.609372146464,64437.760439998936,84.88057245877684,1092.1589898692037,530.1026968592563,1.9586540638647025,64084.3355,
2026-08-20 00:00:00,1787184000000,69334.78000000,69894.5,68902.22,69195.64,4128.11593,65685.13609860871,64624.34395215584,83.05727415923758,1259.7935732414699,558.189824185218,1.3673761452150657,64084.3355,
2026-08-20 04:00:00,1787198400000,69195.64000000,70022.0,69166.0,69816.45,5427.46046,66078.59456540788,64827.955954032084,83.92453382534788,1426.2978927127115,579.7553149251676,1.6788875807510597,64192.709,
2026-08-20 08:00:00,1787212800000,69816.45000000,72490.0,69772.36,71927.07,11048.6274,66635.59222584523,65106.35258328573,90.52619787435418,1708.8644348316302,689.857485635269,3.0050458260906443,64199.245500000005,
2026-08-20 12:00:00,1787227200000,71927.07000000,72830.0,71132.0,72470.83,8096.54953,67191.32915671713,65395.15561923531,91.02405145153816,1954.1511053255817,748.1153249033764,2.046227001244049,64294.4035,
2026-08-20 16:00:00,1787241600000,72470.84000000,72966.0,72205.88,72690.76,4379.48083,67715.08447512503,65681.25775181432,91.083932792285,2141.602016905439,748.452989186587,1.0737582144127167,64332.891,
2026-08-20 20:00:00,1787256000000,72690.76000000,73400.0,72498.0,73025.15,2824.55872,68220.8050013036,65969.25352625299,90.93251970200262,2290.7345314833365,718.0684030115874,0.6934246146948112,64391.4095,
2026-08-21 00:00:00,1787270400000,73027.02000000,75785.82,73027.02,74510.77,7849.2251,68819.84928689373,66304.21495659601,93.84090842446584,2499.9820055089513,741.8527016297617,1.83110345427044,64053.855,
2026-08-21 04:00:00,1787284800000,74510.77000000,76916.95,74510.77,76308.65,7121.86416,69533.06840242766,66696.54574261185,94.65568808025611,2778.8531375175226,816.5790669106661,1.552956123567801,64278.59,
2026-08-21 08:00:00,1787299200000,76308.66000000,79500.0,76235.76,76722.32,12525.47553,70217.75903076788,67089.71336054865,97.70242022720193,2998.6733903730346,829.1194558129423,2.443653368987767,64330.298500000004,
2026-08-21 12:00:00,1787313600000,76722.31000000,77871.33,76243.04,77221.98,7874.81907,70884.82769450426,67487.05715033105,98.03982636359588,3176.5832364521775,805.6234415136682,1.468673345851533,64392.7565,
2026-08-21 16:00:00,1787328000000,77221.98000000,77722.12,76643.72,77028.94,4866.29326,71469.98124740862,67861.2486346318,96.5982240010845,3264.371711454878,714.7295332130952,0.8775900662581356,64392.7565,
2026-08-21 20:00:00,1787342400000,77028.94000000,78760.68,76863.56,78338.03,4101.88856,72124.0811286078,68272.10280582271,95.73032279414045,3400.379870372053,680.5901537042164,0.7369812710846225,63743.3615,
2026-08-22 00:00:00,1787356800000,78338.03000000,78828.15,77683.37,78410.98,3135.03861,72722.83340207372,68669.70583304534,96.87964966860554,3474.007574704621,603.3742864294272,0.5537604779443407,63748.832500000004,
2026-08-22 04:00:00,1787371200000,78410.98000000,78818.0,76500.0,77289.18,6027.36717,73157.72355425717,69007.72442782788,86.61443128893609,3402.614949042618,425.58532861393905,1.0176115192449644,63748.832500000004,
2026-08-22 08:00:00,1787385600000,77289.18000000,77445.6,76533.87,77130.02,3748.00174,73536.03750147077,69326.24582281502,86.45516881417494,3295.207792765621,254.5425378695536,0.6203229566876696,63748.832500000004,
2026-08-22 12:00:00,1787400000000,77130.01000000,77387.99,76880.0,76978.83,2000.76926,73863.92250133069,69626.3471630968,84.39232249662922,3161.44392055129,96.62293252417794,0.33065467017579514,63748.832500000004,
2026-08-22 16:00:00,1787414400000,76978.83000000,77547.96,76956.36,77418.25,1412.16364,74202.42988215634,69931.91198023026,81.4084671385886,3055.66876231441,-7.321780570161991,0.23289094147961198,63748.832500000004,
2026-08-22 20:00:00,1787428800000,77418.26000000,77467.53,76772.0,77074.93,2201.16805,74476.00132195099,70212.03033394672,76.95255423176351,2910.5867008773785,-121.92307360575478,0.40225770365677727,63748.832500000004,
2026-08-23 00:00:00,1787443200000,77074.94000000,77400.0,76837.0,76927.87,1553.06668,74709.51262462232,70475.39659536058,75.01762465680635,2752.018057861147,-224.39337329758928,0.29326614306190846,63748.832500000004,
2026-08-23 04:00:00,1787457600000,76927.87000000,77036.58,75545.67,76007.13,4450.70459,74833.09523180116,70692.32731711115,66.46665783137863,2522.971992160572,-362.7515511985316,0.8495929209458108,63748.832500000004,
2026-08-23 08:00:00,1787472000000,76007.12000000,77400.0,75952.09,77311.02,2438.39979,75069.08806686771,70951.88389291072,65.77984350046833,2418.7821459032857,-373.5531179646541,0.47309481321295666,63748.832500000004,
2026-08-23 12:00:00,1787486400000,77311.02000000,77765.8,76802.0,77156.13,2980.37095,75267.85396526127,71195.18766181618,55.8609548152944,2297.2315581415605,-396.0829645811036,0.5923081017596477,63748.832500000004,
2026-08-23 16:00:00,1787500800000,77156.14000000,77487.04,77116.0,77346.01,1664.50999,75465.77358761734,71436.39638096064,54.451056152575774,2190.9674616542616,-401.8776488547219,0.36481724991242115,63748.832500000004,
2026-08-23 20:00:00,1787515200000,77346.00000000,78052.85,77200.03,77734.0,2280.17985,75681.7951507014,71683.3612287661,53.71329277879798,2113.6945944730105,-383.32041282877844,0.5337790431632427,63748.832500000004,
2026-08-24 00:00:00,1787529600000,77734.00000000,77742.0,76883.61,76933.02,3664.03678,75800.95942206316,71889.23020018704,49.36073448888084,1965.1696461746178,-425.476288901737,0.8649766383404023,63748.832500000004,
2026-08-24 04:00:00,1787544000000,76933.02000000,77790.19,76670.01,77307.15,3503.20007,75944.40614377143,72101.69764331696,42.15153637664822,1856.2539784630499,-427.51356529064424,0.8204355608627344,63748.832500000004,
2026-08-24 08:00:00,1787558400000,77307.14000000,78600.0,76838.0,78443.65,3882.01996,76182.42936817414,72350.40165730454,50.214062469286254,1840.4282675384602,-354.6714209721872,0.9534461963095755,63751.283,
2026-08-24 12:00:00,1787572800000,78443.65000000,80000.0,77851.9,79100.01,12055.74657,76460.2941902528,72615.09218054751,62.63573702360342,1859.4148670415598,-268.5478571752701,2.791805903637868,63800.51,
2026-08-24 16:00:00,1787587200000,79100.01000000,79877.87,78468.61,78758.0,5362.11449,76679.12331499063,72855.9905264084,61.07716551720386,1825.817645945208,-241.71606261729767,1.3540375320190023,63800.51,
2026-08-24 20:00:00,1787601600000,78757.99000000,79049.4,78560.0,78992.75,1712.17604,76899.46871356296,73096.64776066689,63.549123241369706,1797.4144938503887,-216.09537176969366,0.46883746365182966,63800.51,
2026-08-25 00:00:00,1787616000000,78992.76000000,81272.62,78715.63,80488.01,6875.1249,77241.23455036648,73386.50510338585,68.08345193549303,1873.9579559544509,-111.64152773250521,1.8321928715318456,63904.61,
2026-08-25 04:00:00,1787630400000,80488.01000000,80923.69,79369.17,79705.79,3945.93467,77475.95411699824,73634.32019737072,64.7359706766025,1850.172942435369,-108.34123300126976,1.0537653495274557,63904.61,
2026-08-25 08:00:00,1787644800000,79705.79000000,80249.0,78888.0,79117.99,3717.84169,77632.33848680793,73849.36607198363,61.6901167880096,1763.5633399069047,-155.96066842378718,0.9851862920491612,63904.61,
2026-08-25 12:00:00,1787659200000,79118.00000000,79527.09,78120.74,79502.01,4751.6108,77810.40244044526,74071.03838288624,69.78828357499088,1706.2432998642907,-170.62456677312093,1.280772463761791,63904.61,
2026-08-25 16:00:00,1787673600000,79502.01000000,79563.71,78728.35,78925.95,2595.83028,77916.64506516476,74261.42707375344,59.96519743053372,1595.9365642199118,-224.74504193400003,0.7107290867121886,63904.61,
2026-08-25 20:00:00,1787688000000,78925.96000000,79000.0,77851.0,78539.14,2886.1716,77975.93029705384,74429.18052184154,58.29662966104645,1460.4699586384959,-288.16931801233295,0.7807599149701778,63904.61,
2026-08-26 00:00:00,1787702400000,78539.13000000,79251.6,78312.0,79088.62,2212.08248,78081.90074495348,74611.90363863207,60.021485167988075,1381.5247837967472,-293.6915942832652,0.5920017901744961,63904.61,
2026-08-26 04:00:00,1787716800000,79088.61000000,79206.0,78638.0,78925.56,1973.77004,78162.24924543411,74781.06663319551,57.03446745003215,1290.921643578331,-307.4357876013453,0.5298363587109959,63904.61,
2026-08-26 08:00:00,1787731200000,78925.57000000,79119.37,78244.83,78487.26,2329.51988,78193.20265063086,74926.40754954079,59.58607384454456,1170.2608169846644,-342.4772913560096,0.6188837000729576,63904.61,
2026-08-26 12:00:00,1787745600000,78487.26000000,78713.79,77632.58,78011.65,3729.56026,78175.91192199934,75047.39744955879,54.291419354209935,1024.4492768672935,-390.6310651787044,1.000415826534086,63904.61,
2026-08-26 16:00:00,1787760000000,78011.64000000,78650.26,77858.0,78475.49,1989.76733,78204.44316752322,75181.83245153687,50.211264428219266,935.536312081691,-383.6352239714456,0.5369653798407261,63904.61,
2026-08-26 20:00:00,1787774400000,78475.49000000,79174.12,78200.0,79023.75,2379.05888,78282.47238966388,75332.49588480995,49.48663611345978,898.9496153171058,-336.17753658882475,0.6472726368620907,63904.61,
2026-08-27 00:00:00,1787788800000,79023.75000000,79028.49,78546.13,78830.68,1834.8573,78334.68263826732,75469.67957560172,50.49927595369396,844.6387889025063,-312.39069040273944,0.4980570743522599,63904.61,
2026-08-27 04:00:00,1787803200000,78830.68000000,79095.99,78600.0,79082.17,1224.03365,78405.8719108133,75611.3458667546,50.6128620148918,812.5239387041365,-275.60443248088745,0.33708579430965685,63904.61,
2026-08-27 08:00:00,1787817600000,79082.18000000,80520.0,79048.0,79477.67,4143.28822,78507.94791930726,75762.96642099951,41.846204999741765,809.6530567686277,-222.78025153311705,1.1335370723161382,63904.61,
2026-08-27 12:00:00,1787832000000,79477.66000000,80799.91,78920.0,80302.32,4528.8285,78678.84049842085,75940.98028684268,54.78145865228171,863.9610204172059,-134.77783030763123,1.2218721090165563,63904.61,
2026-08-27 16:00:00,1787846400000,80302.32000000,80848.74,79749.7,79910.19,3109.17529,78796.11187952363,76096.6355697116,56.555472437556645,865.3832595103595,-106.68447297158218,0.8476891869708056,63904.61,
2026-08-27 20:00:00,1787860800000,79910.19000000,80432.36,79882.86,80249.58,1425.35399,78934.53741480708,76259.49613560527,56.2321909414521,883.7094780647021,-70.68660353379164,0.4544691869605146,63904.61,
2026-08-28 00:00:00,1787875200000,80249.59000000,81478.87,79723.02,79810.49,3700.54747,79017.96147053974,76398.75079695409,57.54639393380977,852.9697407148051,-81.14107270695104,1.2120120377037313,63904.61,
2026-08-28 04:00:00,1787889600000,79810.48000000,79999.0,79558.11,79660.0,2266.68768,79079.107997155,76526.64292256374,59.96433371974762,807.1605477402045,-101.56021254524137,0.7357100984965591,63904.61,
2026-08-28 08:00:00,1787904000000,79660.00000000,79840.0,79001.01,79604.13,2010.80327,79129.11009266405,76647.32869030634,55.023729474248476,757.6148774867179,-120.88470623898252,0.7085941587908664,63904.61,
2026-08-28 12:00:00,1787918400000,79604.12000000,79838.73,78312.64,78331.13,5428.42383,79053.11198860081,76713.3601142159,45.23746572894993,608.6133993395488,-215.9089475089213,1.8642457640268193,63904.61,
2026-08-28 16:00:00,1787932800000,78331.13000000,78404.0,76888.0,77580.03,4754.79211,78912.81846587693,76747.34716856039,43.07826822044444,425.0217751577002,-319.600457352616,1.6043388486920926,63904.61,
2026-08-28 20:00:00,1787947200000,77580.03000000,77846.72,77255.69,77845.87,1595.1821,78811.20432626961,76790.42649528351,48.69335342669603,297.5452402555966,-357.66159380377565,0.5685126542892479,63904.61,
2026-08-29 00:00:00,1787961600000,77845.88000000,77963.92,77507.16,77507.17,1163.39213,78687.0105809106,76818.53408370377,42.21429972759051,167.26082983080414,-390.3568033828544,0.42548626957683716,63904.61,
2026-08-29 04:00:00,1787976000000,77507.17000000,77716.12,77382.37,77626.01,1664.15625,78585.96290653817,76850.19980591147,37.92795500556211,72.76015693580848,-387.88598102228013,0.6225417630403978,63904.61,
2026-08-29 08:00:00,1787990400000,77626.01000000,77754.23,77487.73,77584.67,991.9736,78490.60167734406,76879.00255862082,38.94877630409608,-5.405785154987825,-372.8415384904612,0.3797524408270145,63904.61,
2026-08-29 12:00:00,1788004800000,77584.66000000,78150.0,77506.63,77865.36,1283.2584,78431.05485093035,76917.68324259648,39.263371704169884,-44.19407841521024,-329.30386540054684,0.4978437180603654,63904.61,
2026-08-29 16:00:00,1788019200000,77865.36000000,78330.0,77858.29,78182.0,1024.87084,78407.33534131794,76967.26429190642,38.40619782131336,-48.82109930667502,-267.14470903360933,0.40792493774942673,63904.61,
2026-08-29 20:00:00,1788033600000,78181.99000000,78298.0,78062.0,78230.0,888.65135,78390.44626119242,77016.78333928264,28.46322685777939,-48.06083249166841,-213.10755377488218,0.37490220196899154,63904.61,
2026-08-30 00:00:00,1788048000000,78230.00000000,78330.0,77994.02,78144.68,816.30414,78367.03995060267,77061.0145808794,30.40199275804717,-53.72363390450482,-175.0162841501749,0.3531213020026392,63904.61,
2026-08-30 04:00:00,1788062400000,78144.68000000,78310.71,77990.0,78118.0,723.01311,78343.32186006909,77102.46498947237,24.573194007061673,-59.676385622195085,-144.7752286942921,0.3243840941656867,63904.61,
2026-08-30 08:00:00,1788076800000,78118.00000000,78242.0,77962.49,78166.0,649.28997,78326.43406387203,77144.17224478717,28.364877345408814,-59.831089838349726,-115.9439463283574,0.2992669535625439,63904.61,
2026-08-30 12:00:00,1788091200000,78165.99000000,78966.76,78165.99,78823.63,2296.08087,78373.78605778898,77210.0333332269,40.29203858252183,-6.809948243186227,-50.33824378655512,1.0327802690515184,63904.61,
2026-08-30 16:00:00,1788105600000,78823.62000000,79400.0,78721.98,78856.39,1654.26061,78419.74833799955,77274.59633976701,41.273975736018265,37.42177178998827,-4.8852190027044955,0.7882114670279008,63904.61,
2026-08-30 20:00:00,1788120000000,78856.39000000,78931.49,77000.0,77682.0,2946.47535,78349.4865915234,77290.5729538938,42.24628696609827,-22.03373840385757,-51.47258335724027,1.4589150550993377,63904.61,
2026-08-31 00:00:00,1788134400000,77682.00000000,78185.89,77392.0,77756.71,2131.01907,78293.03167804498,77308.85283805484,52.51713899827338,-62.404822021198925,-73.4749335796653,1.0813366228290209,63904.61,
2026-08-31 04:00:00,1788148800000,77756.70000000,78322.56,77458.83,78196.01,2746.00452,78283.79151823117,77343.64331499387,54.7534618517513,-58.27954768127529,-55.47972739179333,1.3482223819155021,63904.61,
2026-08-31 08:00:00,1788163200000,78196.01000000,78802.0,77982.0,78315.43,2466.58638,78286.80470697106,77381.75259675882,61.66751354035542,-44.85695897982805,-33.64571095227687,1.2488657472181652,63904.61,
2026-08-31 12:00:00,1788177600000,78315.43000000,78777.9,77675.04,78580.42,4388.20343,78314.76806821191,77428.7591615918,63.21945111596823,-12.690691946161678,-1.1835551348884028,2.108560507924623,63904.61,
2026-08-31 16:00:00,1788192000000,78580.43000000,79250.0,78494.0,78898.06,2077.9423,78370.31968076315,77486.3788023137,66.89825715292949,37.994226008377154,39.601090255720344,0.9968569264562888,63904.61,
2026-08-31 20:00:00,1788206400000,78898.06000000,79172.0,78405.01,78581.29,1494.15032,78390.41209211903,77529.31649634062,59.12652176684293,52.002247471231385,42.88728937485966,0.7914852625392246,63904.61,
2026-09-01 00:00:00,1788220800000,78581.30000000,78900.01,78189.93,78679.01,2030.75476,78417.89760715532,77574.40251609197,56.71031207048784,70.17990249230934,48.85195551675009,1.1593855422321289,63904.61,
2026-09-01 04:00:00,1788235200000,78679.01000000,79220.61,78500.0,78632.37,1861.50805,78438.323549331,77615.89143702954,55.43453890766261,79.90131423257117,46.85869380560953,1.054741664492068,63904.61,
2026-09-01 08:00:00,1788249600000,78632.37000000,78658.01,77758.69,78098.97,2651.84197,78406.00416368044,77634.83569440093,49.44928374356945,44.05682127428008,8.811360677854758,1.4417534273081902,63904.61,
2026-09-01 12:00:00,1788264000000,78098.96000000,78424.0,77510.0,77919.06,3120.33071,78359.6285290442,77645.9817456009,47.68850737112153,1.1196621613926254,-27.30063874802616,1.6318646001352983,63904.61,
2026-09-01 16:00:00,1788278400000,77919.07000000,77976.0,76420.0,77312.0,3107.9414,78259.85438342094,77632.88442224401,41.218220033975406,-80.95976064400747,-87.504049242741,1.5401674287965232,63904.61,
2026-09-01 20:00:00,1788292800000,77312.00000000,77638.18,76920.36,77439.0,1358.2626,78181.67777547608,77625.28111156778,34.0175127143783,-134.21332824771525,-112.60609347715902,0.6718502613616101,63904.61,
2026-09-02 00:00:00,1788307200000,77439.01000000,77792.0,76718.48,77563.5,2069.66828,78122.80370162122,77622.85832287885,35.38595440210695,-164.47508829909202,-114.29428282282863,0.9979525773203664,63904.61,
2026-09-02 04:00:00,1788321600000,77563.50000000,77765.99,77294.56,77473.85,1554.71407,78060.99858718111,77617.01485923654,46.88277807895872,-193.46165143564576,-114.62467676750589,0.7378042368857014,63904.61,
2026-09-02 08:00:00,1788336000000,77473.86000000,77546.0,76264.0,76828.76,3307.82033,77943.6425312591,77586.10290397238,38.13086933276015,-265.42740145506104,-149.27234142953694,1.4821355429177818,63904.61,
2026-09-02 12:00:00,1788350400000,76828.75000000,77490.0,76611.67,77288.98,2775.08568,77881.29371875823,77574.45102538522,38.46020748038813,-282.0733035904268,-132.73459485192214,1.1887805031345795,63904.61,
2026-09-02 16:00:00,1788364800000,77288.97000000,77582.0,76950.56,77341.47,2309.35456,77829.88193601936,77565.3145145858,37.393996500202064,-287.71321775813703,-110.6996072157059,0.9553050007258975,63904.61,
2026-09-02 20:00:00,1788379200000,77341.48000000,77520.0,77007.36,77340.01,1054.33528,77783.22746592227,77556.47904342557,32.76992957453018,-288.96963805754785,-89.56482201209337,0.44764126355438993,63904.61,
2026-09-03 00:00:00,1788393600000,77340.01000000,77900.0,76968.0,77708.0,1810.06511,77776.06294535825,77562.42104172261,33.69736157155003,-257.30558401225426,-46.32061437343981,0.7659695537161725,63904.61,
2026-09-03 04:00:00,1788408000000,77708.01000000,78183.91,77101.01,77663.15,2058.03609,77765.30933151461,77566.37119694919,36.40992545841017,-233.14308487120434,-17.726492185911923,0.8875890526108972,63904.61,
2026-09-03 08:00:00,1788422400000,77663.14000000,78066.0,77478.0,77948.39,1507.39929,77782.74558565608,77581.35232648058,39.754312158182735,-188.80126263968123,21.292264036488973,0.6589722933217953,63904.61,
2026-09-03 12:00:00,1788436800000,77948.39000000,81370.33,77896.07,81348.0,7602.37953,78122.29362511741,77729.06399995193,69.62594330827476,119.28502272849437,263.50283952373167,3.0045142564903475,63969.109500000006,
2026-09-03 16:00:00,1788451200000,81348.00000000,81790.0,80613.52,81755.41,3813.87114,78468.30470843957,77886.95992152244,76.91535344969716,391.8037360770395,428.81724229782145,1.4681817528526269,63999.665,
2026-09-03 20:00:00,1788465600000,81755.41000000,82300.0,80905.05,81270.37,3014.67131,78735.16806954057,78019.64266969803,73.60872180917222,562.1578991155984,479.33712426910427,1.192037720862622,63999.665,
2026-09-04 00:00:00,1788480000000,81270.37000000,81427.75,80669.45,80850.0,2106.35935,78936.58063434623,78130.6370748079,75.59717085424211,655.6861134721257,458.29227090050523,0.8324124508904153,63999.665,
2026-09-04 04:00:00,1788494400000,80850.01000000,81288.0,80573.21,80656.87,2337.64732,79100.41771678944,78229.70503265857,73.06039085286743,706.0846163044916,406.9526189862969,0.9086702916693276,63999.665,
2026-09-04 08:00:00,1788508800000,80656.86000000,81423.03,80502.87,81224.86,2718.76274,79302.74555328568,78347.16209020138,74.67044177377909,782.8338180528808,386.96145658774884,1.0428691530560361,63999.665,
2026-09-04 12:00:00,1788523200000,81224.86000000,81350.0,78660.0,79429.33,8378.55183,79314.80121487753,78389.60004744839,60.71329173980588,690.8106135189591,235.95060164306176,2.856790407777993,63999.665,
2026-09-04 16:00:00,1788537600000,79429.33000000,79877.07,79378.19,79793.34,2107.66351,79360.37633727015,78444.64867303865,66.75786346256893,639.8780103824829,148.01439880526834,0.7253683020179009,63999.665,
2026-09-04 20:00:00,1788552000000,79793.35000000,79862.15,79512.0,79660.77,1549.64074,79388.98525753015,78492.3397054685,63.922730223804805,582.1061075219186,72.19399675576324,0.5481356980843927,63999.665,
2026-09-05 00:00:00,1788566400000,79660.77000000,79721.57,79472.22,79582.0,879.54469,79407.36761395585,78535.07148172465,63.111761862459666,523.9258861066774,11.2110202724175,0.3238750182528315,63999.665,
2026-09-05 04:00:00,1788580800000,79581.99000000,79763.41,79442.0,79709.96,1299.56191,79436.18593643625,78581.14554126485,63.66679084294164,482.5800615094922,-24.10784345981415,0.47905584002482127,63999.665,
2026-09-05 08:00:00,1788595200000,79709.96000000,79735.97,79568.0,79609.28,1317.25002,79452.67108534707,78621.46453964662,61.31288705677383,436.65566831784963,-56.025789321165405,0.4924049302208769,63999.665,
2026-09-05 12:00:00,1788609600000,79609.29000000,79816.0,79545.96,79806.01,1515.20832,79486.32241055211,78667.91730279774,62.52396248293401,411.3924466626486,-65.0312087810932,0.5668228134548695,63999.665,
2026-09-05 16:00:00,1788624000000,79806.00000000,80200.0,79712.86,79754.0,2187.26566,79511.81551430906,78710.5087811194,60.84866152916252,382.76214540387446,-74.92920803189389,0.8357488547130241,63999.665,
2026-09-05 20:00:00,1788638400000,79753.99000000,79947.99,79694.0,79831.75,1918.4096,79542.28546532724,78754.47902499707,34.83734837348376,362.1713151252916,-76.41603064838142,0.7452163383203093,63999.665,
2026-09-06 00:00:00,1788652800000,79831.75000000,80107.99,79829.98,80028.01,959.7761,79588.54494481988,78804.42141617366,31.96416638823915,357.56765818197164,-64.81575007336107,0.38286598511497344,63999.665,
2026-09-06 04:00:00,1788667200000,80028.01000000,80107.99,79577.0,79805.0,1634.23504,79609.15971197988,78843.65979200999,33.81439746220816,332.0959878339927,-72.22993633707199,0.6444614700031949,63999.665,
2026-09-06 08:00:00,1788681600000,79804.68000000,80020.0,79752.7,79919.17,1709.90126,79638.68450131513,78885.83666291156,38.972698000507,317.462559637308,-69.49069162700539,0.6756348523245467,63999.665,
2026-09-06 12:00:00,1788696000000,79919.17000000,80010.0,79233.0,79716.5,1691.87965,79646.09550118988,78918.41169573856,38.88480441406963,286.21240866114385,-80.59267408253567,0.6733852166040935,63999.665,
2026-09-06 16:00:00,1788710400000,79716.51000000,79970.0,79584.73,79829.99,859.21256,79663.60926298132,78954.15986453313,31.527885560214102,267.52032560390944,-79.42780571181606,0.34644415877143386,63999.665,
2026-09-06 20:00:00,1788724800000,79830.00000000,80559.99,79647.04,80341.83,1999.81366,79728.20171412596,79008.5783012181,68.30917525442241,290.65740781713976,-45.0325787988686,0.9090221911472011,63999.665,
2026-09-07 00:00:00,1788739200000,80341.83000000,80443.99,79568.6,79596.39,1737.92416,79715.64821754253,79031.62974038602,46.5728157029252,246.00711715438229,-71.74629556930086,0.8290974292227502,63999.665,
2026-09-07 04:00:00,1788753600000,79596.38000000,79926.04,79001.1,79397.83,2737.571,79685.37981587181,79045.99053488068,45.52722720066405,192.38165162480436,-100.29740887910305,1.3146805098791499,63999.665,
2026-09-07 08:00:00,1788768000000,79397.83000000,79550.0,79282.0,79420.16,1414.08125,79660.12078578878,79060.6638472383,47.19310416594407,149.9563250517822,-114.17818836170017,0.6905721871571784,63999.665,
2026-09-07 12:00:00,1788782400000,79420.16000000,79643.5,78680.0,78821.99,2336.60558,79580.29880618985,79051.30408852309,36.759008800784876,67.29094012931455,-157.47485862733424,1.1411196292909978,63999.665,
2026-09-07 16:00:00,1788796800000,78822.00000000,79419.17,78807.69,79365.82,1219.11153,79559.8722532194,79063.6380458359,46.793423000532194,45.140214732746244,-143.70046721912206,0.6180037516021444,63999.665,
2026-09-07 20:00:00,1788811200000,79365.81000000,79394.92,78781.07,79112.01,1127.16143,79517.21870529374,79065.5349852149,40.99482526846838,7.024287829655805,-145.45311529777,0.7000607490862798,63999.665,
2026-09-08 00:00:00,1788825600000,79112.00000000,79485.0,78725.1,78906.28,2314.63248,79459.03406669432,79059.28969167706,39.42216987017911,-39.33017669932451,-153.44606386140026,1.4283981104946422,63999.665,
2026-09-08 04:00:00,1788840000000,78906.27000000,78929.24,78179.98,78482.0,6753.06421,79365.98320319962,79036.65088023875,34.49842543739763,-109.04526797757717,-178.52892411172235,3.5908893363352528,63999.665,
2026-09-08 08:00:00,1788854400000,78482.00000000,78994.5,78271.63,78430.01,2614.92047,79276.84289813299,79012.86104179801,31.018311746315348,-166.57002304770867,-188.84294334548306,1.3291389602961992,63999.665,
2026-09-08 12:00:00,1788868800000,78430.00000000,78910.88,77620.01,78904.0,4668.00227,79241.33405069176,79008.59198133534,39.89978252583911,-171.92987362347776,-155.36223513700173,2.185597622157094,79355.985,
2026-09-08 16:00:00,1788883200000,78904.00000000,78978.39,78271.49,78446.0,1484.59996,79165.58795062588,78986.52955069474,34.66767135776932,-210.70548448910995,-155.31027680210713,0.6923894953710267,79355.985,
2026-09-08 20:00:00,1788897600000,78445.99000000,78662.75,78406.0,78455.8,1399.84666,79097.98909818532,78965.71662713808,36.330200422444285,-237.90226810763124,-146.00564833650273,0.654623168918943,79355.985,
2026-09-09 00:00:00,1788912000000,78455.80000000,78928.65,78455.79,78638.01,1609.73359,79054.18156502482,78952.86538685816,37.26511651759187,-241.963881847405,-120.05380966102118,0.7630790150485518,79355.985,
2026-09-09 04:00:00,1788926400000,78638.01000000,79400.0,78638.0,79277.43,1973.28668,79075.44332073674,78965.59341090295,38.929935351820816,-191.3807714515424,-55.57655941212684,0.9342028101958012,79355.985,
2026-09-09 08:00:00,1788940800000,79277.44000000,79760.0,78725.29,79324.75,2523.95974,79099.1868139999,78979.67798302439,46.69492680267873,-145.7943371362344,-7.9921000774550635,1.1522419805337034,79355.985,
2026-09-09 12:00:00,1788955200000,79324.75000000,79678.84,78060.03,78596.7,4602.5023,79051.33092695229,78964.65923859207,41.365142392750045,-166.49505854575546,-22.954257189580886,1.9678143362026073,79355.985,
2026-09-09 16:00:00,1788969600000,78596.70000000,78938.55,78150.0,78234.94,1739.43655,78973.57941009969,78936.04279786296,38.0962807028821,-209.67454046437342,-52.90699128655908,0.7432322952186334,79355.985,
2026-09-09 20:00:00,1788984000000,78234.94000000,78340.01,77770.0,78306.43,1681.00141,78910.04137104258,78911.35209990756,44.20937713402568,-235.41225945515907,-62.915768221875766,0.7184308988105631,79355.985,
2026-09-10 00:00:00,1788998400000,78306.43000000,78550.0,77952.0,78328.08,1876.38897,78854.61647856233,78888.4786842249,36.79552105865884,-251.16731268775766,-62.93665716357947,0.784875954622651,79355.985,
2026-09-10 04:00:00,1789012800000,78328.08000000,78564.39,77906.48,78112.0,1876.70487,78783.89109965162,78858.02853974549,37.15224692106685,-277.8858608023438,-71.7241642225325,0.7870345198145964,79355.985,
2026-09-10 08:00:00,1789027200000,78112.00000000,78229.22,77688.0,77840.8,2184.29873,78694.07289968479,78818.13722446134,36.53758680292333,-317.28659381743637,-88.89991779010003,0.9075359197424906,79355.985,
2026-09-10 12:00:00,1789041600000,77840.64000000,77959.2,76676.07,77250.0,6058.77233,78556.54214733385,78756.6416470315,35.062176266320094,-391.6696570763452,-130.62638483920705,2.3548366665937586,79355.985,
2026-09-10 16:00:00,1789056000000,77250.00000000,77544.0,76804.99,77160.83,1862.81881,78423.61718092111,78694.06079812831,34.74887885910405,-452.5967903182318,-153.24281446487493,0.717754539649179,79355.985,
2026-09-10 20:00:00,1789070400000,77160.83000000,77347.45,76464.0,76568.72,1461.38533,78246.96030654767,78610.7141001625,22.71269858333372,-542.407771743412,-194.4430367120441,0.5727370958403313,79355.985,
2026-09-11 00:00:00,1789084800000,76568.73000000,77000.0,76563.01,76723.68,706.04627,78101.88599163838,78536.71276290124,28.341155225577197,-594.2297341506783,-197.01199929544828,0.2795195378623266,79355.985,
