datetime,time,open,high,low,close,volume,EMA20,EMA50,RSI,MACD,Hist,vol_ratio,POC,fundingRate
2026-03-25 16:00:00,1774454400000,2162.56,2186.85,2155.93,2172.69,46113.5072,2172.69,2172.69,,0.0,0.0,,,
2026-03-25 20:00:00,1774468800000,2172.68,2183.5,2159.42,2169.02,21985.1746,2169.02,2169.02,,0.0,0.0,,,
2026-03-26 00:00:00,1774483200000,2169.02,2172.19,2144.05,2153.21,29526.6584,2167.514285714286,2168.4,,-1.2611965811966002,-1.0089572649572802,,,
2026-03-26 04:00:00,1774497600000,2153.22,2154.58,2112.17,2123.64,49214.7706,2123.64,2123.64,,0.0,0.0,,,
2026-03-26 08:00:00,1774512000000,2123.64,2126.89,2062.94,2068.44,76476.7034,2118.382857142857,2121.475294117647,,-4.403418803418845,-3.522735042735076,,,
2026-03-26 12:00:00,1774526400000,2068.45,2093.79,2052.01,2070.4,74259.0218,2113.81306122449,2119.472341407151,,-7.646856113181002,-5.412937881997786,,,
2026-03-26 16:00:00,1774540800000,2070.4,2070.95,2034.54,2049.12,65545.1975,2107.651817298348,2116.713426057851,,-11.798416898741834,-7.651598934046895,,,
2026-03-26 20:00:00,1774555200000,2049.11,2080.42,2046.54,2060.43,42988.2721,2103.154501365172,2114.506232879112,,-14.014387122201695,-7.894055326005406,,,
2026-03-27 00:00:00,1774569600000,2060.43,2077.19,2056.8,2061.48,22743.3242,2099.185501235156,2112.426772766205,,-15.507077330072208,-7.509396427100731,,,
2026-03-27 04:00:00,1774584000000,2061.49,2072.36,2043.49,2066.23,52118.1988,2066.23,2066.23,,0.0,0.0,,2066.23,
2026-03-27 08:00:00,1774598400000,2066.24,2069.6,1983.02,1991.8,119274.8749,2059.1414285714286,2063.311176470588,,-5.937435897435989,-4.749948717948792,,1991.8,
2026-03-27 12:00:00,1774612800000,1991.8,2010.45,1970.93,1991.32,108873.3737,2052.682244897959,2060.4879930795846,,-10.55990065015726,-7.49793077653605,,1991.32,
2026-03-27 16:00:00,1774627200000,1991.32,1997.73,1974.48,1991.71,70350.7315,2046.875364431487,2057.790816880385,,-14.030037984623505,-8.774454488801835,,1991.71,
2026-03-27 20:00:00,1774641600000,1991.7,1996.31,1980.0,1992.75,21513.0217,2041.7205678189644,2055.2401966105663,,-16.505957115790807,-9.000298895975309,,1992.75,
2026-03-28 00:00:00,1774656000000,1992.76,1995.16,1983.17,1989.19,17995.8198,2036.7176565981104,2052.649992821917,,-18.54166632549982,-8.828806484547457,,1989.19,
2026-03-28 04:00:00,1774670400000,1989.19,2008.35,1987.3,2007.07,18318.467,2007.07,2007.07,,0.0,0.0,,2007.07,
2026-03-28 08:00:00,1774684800000,2007.07,2008.34,1992.77,1997.64,18237.6229,2006.171904761905,2006.7001960784312,,-0.7522507122505431,-0.6018005698004345,,1997.64,
2026-03-28 12:00:00,1774699200000,1997.64,2047.45,1992.25,2026.84,65210.0923,2008.1402947845804,2007.4899923106493,,0.9962964586327416,0.9173972808662804,,2026.84,
2026-03-28 16:00:00,1774713600000,2026.84,2030.23,2016.5,2020.56,12710.5504,2009.3231238527155,2008.0025416318008,,1.8539183565198984,1.4200153430027496,,2020.56,
2026-03-28 20:00:00,1774728000000,2020.57,2026.48,1989.64,1994.74,22359.2531,2007.9342549143616,2007.4824419599647,,0.4450019704597707,0.0088791655540975,,1994.74,
2026-03-29 00:00:00,1774742400000,1994.74,2019.65,1991.52,2011.1,16613.2608,2008.2357544463275,2007.6243069811435,,0.6411500785841326,0.1640218189427675,,2011.1,
2026-03-29 04:00:00,1774756800000,2011.1,2012.72,1997.67,2006.14,12828.4597,2006.14,2006.14,,0.0,0.0,,2006.14,
2026-03-29 08:00:00,1774771200000,2006.14,2008.16,1991.9,2003.78,15067.8231,2005.9152380952385,2006.0474509803923,,-0.188262108262279,-0.1506096866098232,,2003.78,
2026-03-29 12:00:00,1774785600000,2003.78,2004.9,1983.56,1992.97,25232.6686,2004.682358276644,2005.5346097654751,,-1.1959516562367298,-0.9266393876674192,,1992.97,
2026-03-29 16:00:00,1774800000000,1992.98,2003.61,1987.6,1995.89,16964.0358,2003.8449908217256,2005.156389774672,,-1.738888462698469,-1.1756609553033268,,1995.89,
2026-03-29 20:00:00,1774814400000,1995.89,2009.48,1938.82,1984.64,80020.4902,2002.0159440767995,2004.351825469783,,-3.041885807217568,-1.9829266398579408,,1984.64,
2026-03-30 00:00:00,1774828800000,1984.65,2043.5,1980.28,2035.88,70029.5862,2005.2410922599613,2005.588224470968,,0.0594340602644933,0.8947145820992968,,2035.88,
2026-03-30 04:00:00,1774843200000,2035.88,2068.28,2035.88,2059.58,52260.9134,2059.58,2059.58,,0.0,0.0,,2059.58,
2026-03-30 08:00:00,1774857600000,2059.58,2081.65,2048.14,2071.28,50627.4687,2060.694285714286,2060.038823529412,,0.933333333333394,0.7466666666667152,,2071.28,
2026-03-30 12:00:00,1774872000000,2071.29,2085.0,2044.25,2074.53,70195.1822,2062.011972789116,2060.6071049596308,,1.9132003798672488,1.3812269705604558,,2074.53,
2026-03-30 16:00:00,1774886400000,2074.53,2074.99,2013.33,2023.7,60238.4065,2058.3632134758664,2059.159767510233,,-1.3957151862946375,-1.5421508764811442,,2023.7,
2026-03-30 20:00:00,1774900800000,2023.7,2049.1,2013.92,2026.48,34952.8774,2055.326716954356,2057.8782080000283,,-3.750498434013025,-3.117547299359625,,2026.48,
2026-03-31 00:00:00,1774915200000,2026.48,2092.34,2016.29,2066.71,66502.1402,2056.410839149178,2058.224552784341,,-2.3434425918098896,-1.3683931657251918,,2066.71,
2026-03-31 04:00:00,1774929600000,2066.71,2072.24,2042.31,2055.97,34849.5818,2055.97,2055.97,,0.0,0.0,,2055.97,
2026-03-31 08:00:00,1774944000000,2055.98,2059.2,2012.64,2041.2,62779.5377,2054.563333333333,2055.3907843137254,,-1.178233618233662,-0.9425868945869296,,2041.2,
2026-03-31 12:00:00,1774958400000,2041.21,2092.0,2035.02,2054.85,95949.4482,2054.590634920635,2055.369577085736,,-0.9990350727675832,-0.6107106792966805,,2054.85,
2026-03-31 16:00:00,1774972800000,2054.85,2124.03,2054.29,2096.54,126072.2648,2058.585812547241,2056.984103474531,,2.478445668812128,2.2934160498264244,,2096.54,
2026-03-31 20:00:00,1774987200000,2096.54,2111.01,2088.35,2105.43,35744.9296,2063.047163733218,2058.8839425539613,,5.88389701143069,4.559093913955989,,2105.43,
2026-04-01 00:00:00,1775001600000,2105.43,2117.79,2082.08,2102.91,37975.9983,2066.8436243300544,2060.6104546106685,,8.283907071756403,5.567283179425361,,2102.91,
2026-04-01 04:00:00,1775016000000,2102.91,2158.0,2100.35,2131.0,78179.0218,2131.0,2131.0,,0.0,0.0,,2131.0,
2026-04-01 08:00:00,1775030400000,2131.0,2142.93,2125.0,2135.32,46234.2524,2131.4114285714286,2131.1694117647057,,0.3446153846152811,0.2756923076922248,,2135.32,
2026-04-01 12:00:00,1775044800000,2135.32,2152.0,2108.72,2135.04,77261.013,2131.757006802721,2131.3211995386387,,0.588349769888282,0.4155413543721806,,2135.04,
2026-04-01 16:00:00,1775059200000,2135.04,2167.85,2123.58,2141.43,74639.0666,2132.678244250081,2131.717623086143,,1.282348507410461,0.8876320735154877,,2141.43,
2026-04-01 20:00:00,1775073600000,2141.43,2165.42,2130.7,2140.35,84938.0258,2133.408887654836,2132.056147671,,1.725312207664501,1.0644766190156223,,2140.35,
2026-04-02 00:00:00,1775088000000,2140.35,2159.37,2046.48,2056.33,108784.5193,2126.068041211517,2129.086494821157,,-4.649748280258336,-4.248467095125772,,2056.33,
2026-04-02 04:00:00,1775102400000,2056.33,2058.45,2038.63,2056.09,45874.1458,2056.09,2056.09,,0.0,0.0,,2056.09,
2026-04-02 08:00:00,1775116800000,2056.09,2056.09,2024.73,2033.01,34776.9717,2053.8919047619047,2055.1849019607844,,-1.84113960113973,-1.472911680911784,,2033.01,
2026-04-02 12:00:00,1775131200000,2033.02,2072.22,2017.04,2059.6,88821.5481,2054.4355328798183,2055.358043060361,,-1.1415066436147754,-0.6186229787094635,,2059.6,
2026-04-02 16:00:00,1775145600000,2059.59,2077.64,2043.65,2065.34,44924.9508,2055.474053557931,2055.749492352112,,-0.1224608034613083,0.3203382891552028,,2065.34,
2026-04-02 20:00:00,1775160000000,2065.35,2074.16,2053.54,2057.17,23690.6966,2055.6355722666995,2055.8051985343823,,0.025594607523999,0.3747149601124082,,2057.17,
2026-04-03 00:00:00,1775174400000,2057.18,2062.49,2040.66,2054.23,27862.5809,2054.23,2054.23,,0.0,0.0,,2054.23,
2026-04-03 04:00:00,1775188800000,2054.22,2075.17,2047.35,2065.85,24471.2575,2065.85,2065.85,,0.0,0.0,,2065.85,
2026-04-03 08:00:00,1775203200000,2065.84,2072.0,2053.46,2062.64,21397.6282,2065.5442857142857,2065.724117647059,,-0.2560683760684696,-0.2048547008547757,,2062.64,
2026-04-03 12:00:00,1775217600000,2062.64,2081.76,2041.65,2051.26,34731.975,2064.1838775510205,2065.156897347174,,-1.361579857306424,-1.048292945674184,,2051.26,
2026-04-03 16:00:00,1775232000000,2051.26,2056.54,2043.78,2052.68,12701.8429,2063.088270165209,2064.667607255128,,-2.0989283983640235,-1.4285131893854268,,2052.68,
2026-04-03 20:00:00,1775246400000,2052.69,2060.92,2049.23,2053.83,15101.3548,2062.206530149475,2064.242603049044,,-2.5609658205789856,-1.5124404892803112,,2053.83,
2026-04-04 00:00:00,1775260800000,2053.83,2053.86,2047.92,2050.05,7032.7972,2061.0487653733344,2063.686030380454,,-3.1953146178061616,-1.7174314292059896,,2050.05,
2026-04-04 04:00:00,1775275200000,2050.05,2058.0,2048.41,2053.82,9175.3802,2053.82,2053.82,,0.0,0.0,,2053.82,
2026-04-04 08:00:00,1775289600000,2053.82,2055.44,2047.89,2051.84,11621.7432,2053.631428571429,2053.7423529411767,,-0.1579487179487841,-0.1263589743590273,,2051.84,
2026-04-04 12:00:00,1775304000000,2051.84,2062.02,2044.63,2056.29,21445.1645,2053.8846258503404,2053.8422606689737,,0.0750880268833498,0.0853422163784853,,2056.29,
2026-04-04 16:00:00,1775318400000,2056.29,2084.0,2053.07,2064.71,25517.2179,2054.915613864593,2054.2684465250923,,0.9284918807898066,0.7509968562279536,,2064.71,
2026-04-04 20:00:00,1775332800000,2064.71,2072.15,2059.6,2065.52,11712.1376,2055.925555401299,2054.709683916265,,1.651147414411298,1.1789219118795562,,2065.52,
2026-04-05 00:00:00,1775347200000,2065.51,2065.63,2054.15,2056.64,8367.2542,2055.9935977440323,2054.785382586216,,1.4901379616712802,0.8143299673116304,,2056.64,
2026-04-05 04:00:00,1775361600000,2056.64,2058.09,2027.75,2037.29,20196.3802,2037.29,2037.29,,0.0,0.0,,2037.29,
2026-04-05 08:00:00,1775376000000,2037.29,2052.53,2035.91,2042.32,8916.0507,2037.769047619048,2037.4872549019608,,0.4012535612534975,0.321002849002798,,2042.32,
2026-04-05 12:00:00,1775390400000,2042.31,2069.89,2021.5,2053.85,37354.6547,2053.85,2053.85,,0.0,0.0,,2053.85,
2026-04-05 16:00:00,1775404800000,2053.85,2069.95,2048.69,2062.37,21390.3714,2054.6614285714286,2054.184117647059,,0.6796581196581428,0.5437264957265142,,2062.37,
2026-04-05 20:00:00,1775419200000,2062.38,2123.49,2050.0,2110.17,61128.6087,2059.947959183673,2056.379642445213,,5.017513818881525,3.905265755959917,,2110.17,
2026-04-06 00:00:00,1775433600000,2110.17,2147.24,2110.17,2129.35,65862.4144,2066.5576773566568,2059.2412250944208,,9.888967556804346,7.02137559510619,,2129.35,
2026-04-06 04:00:00,1775448000000,2129.35,2141.0,2120.04,2134.9,40132.1583,2134.9,2134.9,,0.0,0.0,,2134.9,
2026-04-06 08:00:00,1775462400000,2134.91,2174.79,2133.42,2151.53,64975.0888,2136.4838095238097,2135.552156862745,,1.3266096866095722,1.0612877492876578,,2151.53,
2026-04-06 12:00:00,1775476800000,2151.53,2169.6,2137.76,2164.65,75911.3132,2139.1663038548754,2136.693248750481,,3.3974678776953624,2.5057167522987585,,2164.65,
2026-04-06 16:00:00,1775491200000,2164.65,2168.72,2123.6,2144.25,56698.6975,2139.6504653925062,2136.989591936737,,3.3538671114215504,1.969692788819957,,2144.25,
2026-04-06 20:00:00,1775505600000,2144.25,2155.06,2087.5,2107.16,52474.6172,2136.5561353551248,2135.819804017649,,0.3227398203362099,-0.8491476018123068,,2107.16,
2026-04-07 00:00:00,1775520000000,2107.16,2120.14,2093.64,2108.37,34808.2346,2133.8717415117794,2134.743341114996,,-1.9592287390078127,-2.5048929289250634,,2108.37,
2026-04-07 04:00:00,1775534400000,2108.37,2119.21,2096.69,2104.04,24073.3793,2104.04,2104.04,,0.0,0.0,,2104.04,
2026-04-07 08:00:00,1775548800000,2104.03,2133.83,2082.35,2089.58,52681.4772,2102.662857142857,2103.4729411764706,,-1.1535042735044954,-0.9228034188035964,,2089.58,
2026-04-07 12:00:00,1775563200000,2089.58,2093.17,2060.24,2080.06,76548.9624,2100.5102040816323,2102.55478662053,,-2.803531789515091,-2.0582647478513536,,2080.06,
2026-04-07 16:00:00,1775577600000,2080.07,2116.65,2077.52,2113.39,55202.1323,2101.736851311953,2102.979696949137,,-1.405535891351974,-0.5282150797505891,,2113.39,
2026-04-07 20:00:00,1775592000000,2113.39,2273.87,2110.68,2240.01,216780.6235,2114.905722615577,2108.353434323681,,9.806518284033244,8.547071276507705,,2240.01,
2026-04-08 00:00:00,1775606400000,2240.01,2251.39,2228.24,2234.68,71283.3269,2126.312796652189,2113.30741729138,,18.053950834160787,13.435603061308196,,2234.68,
2026-04-08 04:00:00,1775620800000,2234.68,2260.76,2234.68,2253.76,59756.0098,2253.76,2253.76,,0.0,0.0,,2253.76,
2026-04-08 08:00:00,1775635200000,2253.76,2263.35,2237.12,2247.23,52326.6102,2253.1380952380955,2253.5039215686274,,-0.5209116809119223,-0.4167293447295378,,2247.23,
2026-04-08 12:00:00,1775649600000,2247.23,2270.55,2186.61,2215.45,129483.0314,2249.5487528344675,2252.011610918877,,-3.4582537479400344,-2.68325712940612,,2215.45,
2026-04-08 16:00:00,1775664000000,2215.44,2239.5,2197.7,2211.04,53536.308,2245.881252564518,2250.4048810789213,,-6.071974697915266,-4.237582463505081,,2211.04,
2026-04-08 20:00:00,1775678400000,2211.03,2222.55,2179.78,2190.0,38332.3458,2190.0,2190.0,,0.0,0.0,,2190.0,
2026-04-09 00:00:00,1775692800000,2190.0,2193.79,2162.0,2182.49,34908.9725,2189.2847619047616,2189.7054901960782,,-0.5990883190884233,-0.4792706552707386,,2182.49,
2026-04-09 04:00:00,1775707200000,2182.49,2188.99,2175.6,2181.14,24256.0905,2181.14,2181.14,,0.0,0.0,,2181.14,
2026-04-09 08:00:00,1775721600000,2181.14,2197.7,2176.37,2180.26,33344.5829,2181.0561904761903,2181.1054901960783,,-0.0701994301994091,-0.0561595441595272,,2180.26,
2026-04-09 12:00:00,1775736000000,2180.26,2225.0,2157.31,2217.99,76023.3606,2184.573696145125,2182.5519415609383,,2.885401579532754,2.3195531724581087,,2217.99,
2026-04-09 16:00:00,1775750400000,2218.0,2229.4,2193.0,2216.42,57199.04,2187.606677464637,2183.880100715412,,5.042919161749524,3.5816566037399022,,2216.42,
2026-04-09 20:00:00,1775764800000,2216.42,2246.0,2183.33,2190.2,49585.9038,2187.853660563243,2184.1279399030427,,4.584188843979518,2.4983410287759176,,2190.2,
2026-04-10 00:00:00,1775779200000,2190.17,2204.1,2176.1,2186.06,33173.2947,2187.682835747696,2184.2037069656685,,3.842286870296448,1.4051512440742775,,2186.06,
2026-04-10 04:00:00,1775793600000,2186.05,2203.11,2176.4,2179.28,31613.9975,2179.28,2179.28,,0.0,0.0,,2179.28,
2026-04-10 08:00:00,1775808000000,2179.27,2224.28,2177.13,2215.65,47671.2334,2182.743809523809,2180.706274509804,,2.9013105413105222,2.321048433048418,,2215.65,
2026-04-10 12:00:00,1775822400000,2215.66,2257.99,2208.18,2224.27,95750.7477,2186.698684807256,2182.414655901576,,5.828989050413384,4.198981553721024,,2224.27,
2026-04-10 16:00:00,1775836800000,2224.28,2256.0,2221.46,2253.17,37702.4223,2253.17,2253.17,,0.0,0.0,,2253.17,
2026-04-10 20:00:00,1775851200000,2253.17,2257.14,2235.41,2245.05,26987.3902,2252.396666666667,2252.851568627451,,-0.6477492877493205,-0.5181994301994564,,2245.05,
2026-04-11 00:00:00,1775865600000,2245.06,2252.15,2234.81,2237.17,19355.1058,2250.946507936508,2252.2366051518643,,-1.776467398803561,-1.3175340330029577,,2237.17,
2026-04-11 04:00:00,1775880000000,2237.18,2242.93,2229.0,2232.6,22477.3402,2232.6,2232.6,,0.0,0.0,,2232.6,
2026-04-11 08:00:00,1775894400000,2232.6,2249.31,2232.14,2246.11,22661.8276,2233.8866666666668,2233.1298039215685,,1.077720797720758,0.8621766381766065,,2246.11,
2026-04-11 12:00:00,1775908800000,2246.12,2256.11,2233.72,2249.54,18996.8388,2235.37746031746,2233.773341022684,,2.1834254592090474,1.5743050397319167,,2249.54,
2026-04-11 16:00:00,1775923200000,2249.54,2329.93,2246.53,2315.96,89257.1086,2243.0519879062736,2236.996347257088,,8.323297482207636,6.171341650184404,,2315.96,
2026-04-11 20:00:00,1775937600000,2315.96,2317.14,2276.47,2284.99,42037.1829,2247.046084296152,2238.8784512862217,,10.56834482236627,6.73311119227443,,2284.99,
2026-04-12 00:00:00,1775952000000,2285.0,2288.57,2207.06,2213.71,91337.4612,2243.8712191250897,2237.891453196566,,6.5206942219506345,2.148368473487035,,2213.71,
2026-04-12 04:00:00,1775966400000,2213.7,2220.87,2208.32,2218.02,27644.0457,2218.02,2218.02,,0.0,0.0,,2218.02,
2026-04-12 08:00:00,1775980800000,2218.02,2219.04,2194.32,2204.62,26727.7633,2216.743809523809,2217.4945098039216,,-1.0689458689457751,-0.8551566951566201,,2204.62,
2026-04-12 12:00:00,1775995200000,2204.62,2208.22,2175.0,2186.47,53590.6811,2213.8605895691608,2216.2778623606305,,-3.3421205996701246,-2.502665140704776,,2186.47,
2026-04-12 16:00:00,1776009600000,2186.47,2207.23,2183.09,2198.27,21416.5101,2212.375771514955,2215.571671679821,,-4.143700567050473,-2.6433960864680994,,2198.27,
2026-04-12 20:00:00,1776024000000,2198.27,2218.13,2183.99,2191.65,37440.4207,2210.4018885135306,2214.633566908064,,-5.252588569219824,-3.0018272709099603,,2191.65,
2026-04-13 00:00:00,1776038400000,2191.64,2209.05,2187.2,2194.36,26455.4785,2208.87408960748,2213.838525068532,,-5.8453345701309445,-2.875658617456864,,2194.36,
2026-04-13 04:00:00,1776052800000,2194.36,2201.45,2182.22,2186.56,33191.7629,2186.56,2186.56,,0.0,0.0,,2186.56,
2026-04-13 08:00:00,1776067200000,2186.57,2195.34,2179.0,2187.33,20617.5554,2186.633333333333,2186.590196078432,,0.0614245014244261,0.0491396011395409,,2187.33,
2026-04-13 12:00:00,1776081600000,2187.33,2236.43,2175.68,2209.28,104259.3625,2188.7901587301585,2187.4799923106502,,1.8598462674813163,1.4780490937571449,,2209.28,
2026-04-13 16:00:00,1776096000000,2209.28,2268.88,2200.0,2262.33,64810.6588,2195.79395313681,2190.4152867298403,,7.479580172312126,5.678226398870363,,2262.33,
2026-04-13 20:00:00,1776110400000,2262.33,2394.71,2247.5,2369.46,204536.0111,2212.3335766475902,2197.4366480345525,,20.343251121426874,14.83351787838809,,2369.46,
2026-04-14 00:00:00,1776124800000,2369.46,2378.06,2354.6,2365.5,74432.8525,2226.9208550621056,2204.0273677194723,,29.873896439150485,19.49133055688936,,2365.5,
2026-04-14 04:00:00,1776139200000,2365.5,2389.99,2354.76,2377.91,63856.121,2377.91,2377.91,,0.0,0.0,,2377.91,
2026-04-14 08:00:00,1776153600000,2377.92,2396.03,2367.61,2374.53,66171.3263,2377.588095238096,2377.777450980392,,-0.2696296296294349,-0.2157037037035479,,2374.53,
2026-04-14 12:00:00,1776168000000,2374.54,2415.5,2332.72,2364.63,155007.3984,2376.3539909297056,2377.2618646674355,,-1.2675488023637629,-0.9708983011503004,,2364.63,
2026-04-14 16:00:00,1776182400000,2364.62,2371.48,2302.9,2313.32,73170.8888,2370.350753698305,2374.75434056283,,-6.128054720575619,-4.665123375489726,,2313.32,
2026-04-14 20:00:00,1776196800000,2313.32,2332.35,2308.53,2322.44,27468.7971,2365.7878247746567,2372.70279779566,,-9.13878665398306,-6.140684247117734,,2322.44,
2026-04-15 00:00:00,1776211200000,2322.44,2342.76,2317.56,2328.81,28901.5466,2362.2661271770703,2370.981511607595,,-10.885328349342217,-6.309780753981511,,2328.81,
2026-04-15 04:00:00,1776225600000,2328.82,2338.23,2308.5,2316.62,31505.5439,2316.62,2316.62,,0.0,0.0,,2316.62,
2026-04-15 08:00:00,1776240000000,2316.62,2339.42,2312.15,2337.43,39774.7835,2318.6019047619047,2317.436078431372,,1.6600569800571066,1.3280455840456853,,2337.43,
2026-04-15 12:00:00,1776254400000,2337.42,2349.46,2317.54,2332.04,55356.8376,2319.8817233560094,2318.008781237985,,2.511781884887114,1.743816391100554,,2332.04,
2026-04-15 16:00:00,1776268800000,2332.03,2385.61,2329.1,2375.05,60038.6043,2325.1358449411514,2320.245691777672,,6.581460578017413,4.650796067384682,,2375.05,
2026-04-15 20:00:00,1776283200000,2375.05,2380.45,2348.58,2359.95,52613.3218,2328.45147875628,2321.802723472665,,8.490394476304573,5.247783972537474,,2359.95,
2026-04-16 00:00:00,1776297600000,2359.94,2369.59,2345.04,2357.86,24372.7204,2331.2522903033005,2323.216734316875,,9.722517678936583,5.183925740135587,,2357.86,
2026-04-16 04:00:00,1776312000000,2357.85,2364.0,2335.72,2341.52,33030.1056,2341.52,2341.52,,0.0,0.0,,2341.52,
2026-04-16 08:00:00,1776326400000,2341.52,2348.4,2328.64,2335.67,38717.9452,2340.962857142857,2341.290588235294,,-0.466666666666697,-0.3733333333333576,,2335.67,
2026-04-16 12:00:00,1776340800000,2335.68,2351.8,2285.1,2339.01,122115.6918,2340.776870748299,2341.201153402537,,-0.5605318138650546,-0.3737587844253721,,2339.01,
2026-04-16 16:00:00,1776355200000,2339.01,2361.96,2309.96,2359.7,72519.8431,2342.579073534175,2341.9265983671435,,1.022799273815508,0.9676578426041524,,2359.7,
2026-04-16 20:00:00,1776369600000,2359.69,2364.68,2336.25,2348.17,38204.6316,2343.1115427213967,2342.1714376468635,,1.331872926285541,1.0213851960593483,,2348.17,
2026-04-17 00:00:00,1776384000000,2348.16,2350.9,2323.83,2325.52,22001.9814,2341.4361577003115,2341.5184400920843,,-0.2479909975777445,-0.4467829822431499,,2325.52,
2026-04-17 04:00:00,1776398400000,2325.53,2342.02,2317.43,2334.16,31478.7638,2334.16,2334.16,,0.0,0.0,,2334.16,
2026-04-17 08:00:00,1776412800000,2334.15,2377.0,2332.98,2354.99,65874.4475,2336.143809523809,2334.976862745098,,1.661652421652434,1.3293219373219471,,2354.99,
2026-04-17 12:00:00,1776427200000,2355.0,2456.93,2349.4,2441.96,220835.8864,2346.221541950113,2339.1722798923493,,9.882358422415107,7.640022350467698,,2441.96,
2026-04-17 16:00:00,1776441600000,2441.96,2464.91,2415.41,2427.92,76798.3675,2354.002347478674,2342.6525826416687,,15.090463027885562,10.27850156475052,,2427.92,
2026-04-17 20:00:00,1776456000000,2427.92,2444.34,2415.47,2419.0,74741.9149,2360.192600099753,2345.646599008662,,18.287348823876982,10.780309888593552,,2419.0,
2026-04-18 00:00:00,1776470400000,2419.0,2427.64,2399.54,2405.04,29072.7602,2364.4637810426334,2347.975751988715,,19.470010358355463,9.57037713845763,,2405.04,
2026-04-18 04:00:00,1776484800000,2405.03,2413.54,2399.52,2403.71,14941.9954,2403.71,2403.71,,0.0,0.0,,2403.71,
2026-04-18 08:00:00,1776499200000,2403.71,2404.85,2343.44,2352.96,67979.8578,2398.8766666666666,2401.719803921569,,-4.048433048433253,-3.2387464387466025,,2352.96,
2026-04-18 12:00:00,1776513600000,2352.96,2369.66,2345.25,2363.64,57355.5128,2395.5207936507936,2400.226478277586,,-6.322180501781531,-4.409995113675905,,2363.64,
2026-04-18 16:00:00,1776528000000,2363.64,2375.14,2339.92,2348.59,39182.5061,2391.05119425548,2398.201518345132,,-9.2321287287441,-5.855954672510779,,2348.59,
2026-04-18 20:00:00,1776542400000,2348.59,2359.5,2344.96,2350.32,13208.7565,2387.172032897816,2396.3238117433616,,-11.268787553529364,-6.314090797836833,,2350.32,
2026-04-19 00:00:00,1776556800000,2350.33,2355.3,2332.1,2339.77,20291.3796,2382.657553574214,2394.1060152044065,,-13.577636632167469,-6.89835190117995,,2339.77,
2026-04-19 04:00:00,1776571200000,2339.77,2346.11,2300.0,2316.03,54404.7518,2316.03,2316.03,,0.0,0.0,,2316.03,
2026-04-19 08:00:00,1776585600000,2316.03,2331.13,2306.42,2329.38,23275.524,2317.3014285714285,2316.553529411765,,1.0649572649572292,0.8519658119657834,,2329.38,
2026-04-19 12:00:00,1776600000000,2329.38,2350.24,2315.29,2330.8,37666.7192,2318.5870068027207,2317.1122145328723,,2.000465580636046,1.42997930211568,,2330.8,
2026-04-19 16:00:00,1776614400000,2330.8,2331.34,2287.62,2299.65,53803.7087,2316.7834823453186,2316.4274218060928,,0.2257160777562603,-0.2758161606112845,,2299.65,
2026-04-19 20:00:00,1776628800000,2299.66,2300.0,2252.72,2263.27,66644.7443,2311.686960217193,2314.342817029384,,-4.069437704588381,-3.6567759543647407,,2263.27,
2026-04-20 00:00:00,1776643200000,2263.28,2294.3,2259.67,2286.56,30033.2489,2309.293916386984,2313.253294792937,,-5.530319583011078,-4.09412626622995,,2286.56,
2026-04-20 04:00:00,1776657600000,2286.55,2332.88,2263.18,2298.8,59476.1626,2298.8,2298.8,,0.0,0.0,,2298.8,
2026-04-20 08:00:00,1776672000000,2298.81,2320.0,2289.82,2308.42,37613.5655,2299.7161904761906,2299.177254901961,,0.7674074074075179,0.6139259259260144,,2308.42,
2026-04-20 12:00:00,1776686400000,2308.42,2326.36,2278.38,2313.91,85434.5339,2301.0679818594103,2299.755009611688,,1.797855861559583,1.3154995040624635,,2313.91,
2026-04-20 16:00:00,1776700800000,2313.92,2344.19,2297.97,2331.78,53432.5029,2303.992935968038,2301.0108915877004,,4.010225951148186,2.822295674920853,,2331.78,
2026-04-20 20:00:00,1776715200000,2331.78,2346.78,2307.74,2313.85,35010.0521,2304.9317039710822,2301.5143860352414,,4.267550369473611,2.463696074597022,,2313.85,
2026-04-21 00:00:00,1776729600000,2313.84,2326.64,2300.01,2311.62,22781.1909,2305.568684545265,2301.910684622095,,4.242633029193257,1.9510229874533347,,2311.62,
2026-04-21 04:00:00,1776744000000,2311.62,2327.05,2304.06,2318.48,22945.3733,2318.48,2318.48,,0.0,0.0,,2318.48,
2026-04-21 08:00:00,1776758400000,2318.48,2338.75,2314.0,2320.45,30640.3683,2318.667619047619,2318.5572549019607,,0.1571509971508931,0.1257207977207144,,2320.45,
2026-04-21 12:00:00,1776772800000,2320.45,2327.5,2290.35,2310.24,52118.0452,2317.8649886621315,2318.2310880430605,,-0.5359888312596013,-0.4539352245518239,,2310.24,
2026-04-21 16:00:00,1776787200000,2310.25,2332.0,2284.19,2298.41,62286.6088,2316.012132599072,2317.4537904727445,,-2.0166426702562603,-1.5476712508387864,,2298.41,
2026-04-21 20:00:00,1776801600000,2298.42,2329.47,2296.04,2327.14,35874.3905,2317.071929494398,2317.8336418267545,,-0.8618655621166909,-0.3143153141593734,,2327.14,
2026-04-22 00:00:00,1776816000000,2327.15,2379.66,2312.95,2363.62,66774.3839,2321.50507906636,2319.629185284529,,2.962781637275839,2.808265508186525,,2363.62,
2026-04-22 04:00:00,1776830400000,2363.63,2413.83,2358.41,2389.97,89349.9459,2389.97,2389.97,,0.0,0.0,,2389.97,
2026-04-22 08:00:00,1776844800000,2389.98,2400.78,2383.0,2398.44,41401.3724,2390.776666666666,2390.302156862745,,0.6756695156691421,0.5405356125353137,,2398.44,
2026-04-22 12:00:00,1776859200000,2398.44,2423.75,2390.9,2403.83,98738.8258,2392.019841269841,2390.8326605151865,,1.6273117913001445,1.193742310533053,,2403.83,
2026-04-22 16:00:00,1776873600000,2403.84,2413.75,2384.17,2397.79,50321.212,2392.5693801965226,2391.1054973577284,,1.8725322432469511,1.1511702099838876,,2397.79,
2026-04-22 20:00:00,1776888000000,2397.8,2406.11,2373.95,2374.07,33121.3859,2390.8075344635204,2390.4374386378176,,0.1511233979827011,-0.45619090822429,,2374.07,
2026-04-23 00:00:00,1776902400000,2374.08,2382.0,2331.5,2340.81,76206.1153,2386.0458645146136,2388.49126457359,,-3.852500322927426,-3.5678517033075337,,2340.81,
2026-04-23 04:00:00,1776916800000,2340.82,2358.93,2337.12,2344.43,39343.6563,2344.43,2344.43,,0.0,0.0,,2344.43,
2026-04-23 08:00:00,1776931200000,2344.43,2345.0,2305.61,2328.97,78151.0377,2342.957619047619,2343.823725490196,,-1.2332763532763238,-0.9866210826210592,,2328.97,
2026-04-23 12:00:00,1776945600000,2328.96,2343.58,2315.23,2333.26,52807.9001,2342.034036281179,2343.4094617454825,,-1.843241856802706,-1.277269268917953,,2333.26,
2026-04-23 16:00:00,1776960000000,2333.26,2335.76,2285.42,2312.88,79023.7839,2339.257461397257,2342.212227951542,,-3.925884438121102,-2.687929480189079,,2312.88,
2026-04-23 20:00:00,1776974400000,2312.87,2338.79,2312.74,2330.26,31113.199,2338.400560311804,2341.743513129913,,-4.1264062959839976,-2.31076107044158,,2330.26,
2026-04-24 00:00:00,1776988800000,2330.27,2337.5,2301.35,2308.64,27004.8932,2335.566221234489,2340.445336144426,,-5.9611581071762885,-3.3164103053070964,,2308.64,
2026-04-24 04:00:00,1777003200000,2308.63,2317.35,2300.22,2311.63,28648.9402,2311.63,2311.63,,0.0,0.0,,2311.63,
2026-04-24 08:00:00,1777017600000,2311.63,2332.26,2303.74,2328.1,35868.9201,2313.1985714285715,2312.2758823529416,,1.3138461538460433,1.0510769230768346,,2328.1,
2026-04-24 12:00:00,1777032000000,2328.1,2331.85,2301.61,2323.81,46811.7304,2314.2091836734694,2312.728200692042,,1.986017970633384,1.3785989918913402,,2323.81,
2026-04-24 16:00:00,1777046400000,2323.81,2325.0,2308.82,2321.6,24666.2517,2314.9130709426627,2313.0761143903933,,2.3137193316988487,1.365040282365444,,2321.6,
2026-04-24 20:00:00,1777060800000,2321.59,2328.16,2307.2,2314.99,20886.8825,2314.920397519552,2313.1511687280254,,2.0168047931406363,0.8545005950457853,,2314.99,
2026-04-25 00:00:00,1777075200000,2314.98,2321.36,2311.27,2318.43,7639.0588,2315.2546453748328,2313.3581817190834,,2.035611866428553,0.6986461346669617,,2318.43,
2026-04-25 04:00:00,1777089600000,2318.44,2319.01,2313.3,2316.48,6328.1546,2316.48,2316.48,,0.0,0.0,,2316.48,
2026-04-25 08:00:00,1777104000000,2316.48,2323.21,2311.2,2313.64,11470.7972,2316.209523809524,2316.36862745098,,-0.2265527065528658,-0.1812421652422927,,2313.64,
2026-04-25 12:00:00,1777118400000,2313.65,2318.94,2303.0,2308.09,15641.4778,2315.436235827665,2316.043975394079,,-0.8442045113270069,-0.639115176013147,,2308.09,
2026-04-25 16:00:00,1777132800000,2308.08,2313.98,2300.55,2310.06,19676.6866,2314.924213367888,2315.8093096923503,,-1.1613481816052629,-0.7650070770331221,,2310.06,
2026-04-25 20:00:00,1777147200000,2310.06,2320.42,2308.85,2319.5,7383.0441,2315.360002570946,2315.9540426455915,,-0.6435393969895813,-0.1977586339339526,,2319.5,
2026-04-26 00:00:00,1777161600000,2319.49,2320.06,2306.72,2310.0,10012.7252,2314.849526135618,2315.720550777137,,-0.98834972930581,-0.4340551730001449,,2310.0,
2026-04-26 04:00:00,1777176000000,2309.99,2336.48,2308.97,2331.24,24981.3334,2331.24,2331.24,,0.0,0.0,,2331.24,
2026-04-26 08:00:00,1777190400000,2331.25,2337.68,2329.66,2335.95,12111.2365,2331.688571428572,2331.424705882353,,0.375726495726667,0.3005811965813336,,2335.95,
2026-04-26 12:00:00,1777204800000,2335.96,2352.44,2324.19,2348.05,24507.8806,2333.2468027210884,2332.076678200692,,1.6310594881533689,1.2447313512064282,,2348.05,
2026-04-26 16:00:00,1777219200000,2348.06,2376.35,2340.56,2367.4,35056.7538,2336.4994881762227,2333.461906506547,,4.139584658993044,3.0026052176368827,,2367.4,
2026-04-26 20:00:00,1777233600000,2367.4,2380.0,2348.47,2369.44,47921.6924,2339.636679778487,2334.8728121337417,,6.220513671372373,4.066827384012969,,2369.44,
2026-04-27 00:00:00,1777248000000,2369.45,2404.37,2359.46,2394.85,48640.6352,2344.895091228156,2337.2248587167323,,9.806990662023509,6.122643499731284,,2394.85,
2026-04-27 04:00:00,1777262400000,2394.85,2396.05,2312.71,2316.01,71679.7375,2316.01,2316.01,,0.0,0.0,,2316.01,
2026-04-27 08:00:00,1777276800000,2316.0,2325.52,2309.13,2320.39,29605.5066,2316.427142857143,2316.1817647058824,,0.3494017094017181,0.2795213675213744,,2320.39,
2026-04-27 12:00:00,1777291200000,2320.39,2329.82,2266.09,2275.07,85871.4106,2312.4883673469385,2314.569538638985,,-2.9961029537093964,-2.4527866364717923,,2275.07,
2026-04-27 16:00:00,1777305600000,2275.07,2292.91,2270.04,2289.14,46317.2928,2310.2647133138967,2313.572301829613,,-4.460688054965431,-3.133897390182261,,2289.14,
2026-04-27 20:00:00,1777320000000,2289.15,2308.61,2284.66,2303.67,18249.2759,2309.63664537924,2313.183976267668,,-4.3982326436425865,-2.4571535830875333,,2303.67,
2026-04-28 00:00:00,1777334400000,2303.66,2310.88,2280.99,2290.94,21169.2851,2307.8560124859787,2312.3116634728576,,-5.314676607492856,-2.6988780375502426,,2290.94,
2026-04-28 04:00:00,1777348800000,2290.93,2296.91,2270.53,2287.99,37016.4672,2287.99,2287.99,,0.0,0.0,,2287.99,
2026-04-28 08:00:00,1777363200000,2288.0,2291.64,2270.36,2275.32,32729.5921,2286.7833333333333,2287.4931372549017,,-1.0107122507124586,-0.8085698005699669,,2275.32,
2026-04-28 12:00:00,1777377600000,2275.32,2286.2,2258.24,2279.76,49767.4453,2286.1144444444444,2287.189876970396,,-1.4368747006924425,-0.9877858004399604,,2279.76,
2026-04-28 16:00:00,1777392000000,2279.76,2305.55,2274.38,2301.96,33432.9185,2287.623544973545,2287.769097481361,,0.0165521513254134,0.3725128412623162,,2301.96,
2026-04-28 20:00:00,1777406400000,2301.96,2305.95,2284.15,2289.42,13816.5119,2287.7946359284456,2287.833838756602,,0.1547463840879572,0.4085656592198881,,2289.42,
2026-04-29 00:00:00,1777420800000,2289.42,2316.36,2278.84,2311.52,39935.6458,2290.0541944114507,2288.76270782497,,2.024217690279329,1.822429572329008,,2311.52,
2026-04-29 04:00:00,1777435200000,2311.53,2342.5,2309.33,2323.73,55138.2957,2323.73,2323.73,,0.0,0.0,,2323.73,
2026-04-29 08:00:00,1777449600000,2323.74,2346.95,2321.11,2331.74,34673.3128,2324.492857142857,2324.044117647059,,0.6389743589743375,0.51117948717947,,2331.74,
2026-04-29 12:00:00,1777464000000,2331.74,2331.94,2263.1,2272.51,81070.1689,2319.5421088435373,2322.023171856978,,-3.592586748484337,-2.976305296223363,,2272.51,
2026-04-29 16:00:00,1777478400000,2272.5,2285.92,2220.36,2233.7,105332.5164,2311.3666699060573,2318.559518058665,,-9.962925658903714,-7.477315365314192,,2233.7,
2026-04-29 20:00:00,1777492800000,2233.69,2264.8,2230.49,2252.9,38928.1619,2305.79841562929,2315.984634997541,,-13.30877038178005,-8.658528070552423,,2252.9,
2026-04-30 00:00:00,1777507200000,2252.9,2279.0,2236.36,2253.24,36060.2185,2300.7928522360244,2313.5240610760693,,-15.751369291363972,-8.880901584109075,,2253.24,
2026-04-30 04:00:00,1777521600000,2253.24,2262.23,2231.64,2260.31,33378.8714,2260.31,2260.31,,0.0,0.0,,2260.31,
2026-04-30 08:00:00,1777536000000,2260.31,2273.7,2252.07,2258.18,30735.9241,2260.1071428571427,2260.226470588236,,-0.169914529914422,-0.1359316239315376,,2258.18,
2026-04-30 12:00:00,1777550400000,2258.18,2275.13,2245.82,2265.7,37871.9822,2260.639795918367,2260.441118800461,,0.2987839384422841,0.2662134755401348,,2265.7,
2026-04-30 16:00:00,1777564800000,2265.7,2267.16,2251.62,2261.99,17651.0886,2260.7683867832843,2260.501859239659,,0.3666384770299373,0.2672544113022304,,2261.99,
2026-04-30 20:00:00,1777579200000,2261.98,2267.32,2252.42,2257.51,11496.1928,2260.4580642324954,2260.384531426339,,0.0582437311709327,-0.0329122676454193,,2257.51,
2026-05-01 00:00:00,1777593600000,2257.51,2295.0,2257.21,2282.87,26924.6936,2262.592534305591,2261.266314507659,,1.8389801128346333,1.398259291214625,,2282.87,
2026-05-01 04:00:00,1777608000000,2282.87,2286.75,2272.09,2279.48,22911.8668,2279.48,2279.48,,0.0,0.0,,2279.48,
2026-05-01 08:00:00,1777622400000,2279.5,2293.0,2277.06,2286.45,18694.3189,2280.143809523809,2279.753333333333,,0.5560113960113995,0.4448091168091196,,2286.45,
2026-05-01 12:00:00,1777636800000,2286.46,2325.28,2284.15,2307.64,74814.7245,2282.7624943310657,2280.846928104575,,2.675666918287789,2.051571711268407,,2307.64,
2026-05-01 16:00:00,1777651200000,2307.64,2314.21,2298.17,2304.85,26400.5038,2284.866066299536,2281.7882250416505,,4.083309656045913,2.7673715592212247,,2304.85,
2026-05-01 20:00:00,1777665600000,2304.85,2305.86,2278.98,2295.63,21336.4474,2285.8912028424365,2282.3310397458995,,4.40413163399262,2.4705548297343456,,2295.63,
2026-05-02 00:00:00,1777680000000,2295.63,2308.34,2292.91,2304.44,10951.3606,2287.657754952681,2283.19805779508,,5.308090373021969,2.699610855010956,,2304.44,
2026-05-02 04:00:00,1777694400000,2304.43,2306.35,2296.62,2301.02,10106.3654,2301.02,2301.02,,0.0,0.0,,2301.02,
2026-05-02 08:00:00,1777708800000,2301.01,2307.78,2299.05,2302.1,8398.4598,2301.1228571428574,2301.062352941177,,0.0861538461540476,0.0689230769232381,,2302.1,
2026-05-02 12:00:00,1777723200000,2302.09,2311.83,2301.36,2309.19,11671.861,2301.891156462585,2301.381084198385,,0.7182555336403311,0.5608198115276173,,2309.19,
2026-05-02 16:00:00,1777737600000,2309.18,2313.98,2304.08,2311.08,10993.0917,2302.7662844185293,2301.7614338376643,,1.3560758810026527,0.9589121271119512,,2311.08,
2026-05-02 20:00:00,1777752000000,2311.08,2343.6,2309.59,2316.97,33467.3339,2304.119019235812,2302.357848196972,,2.310196371033271,1.5304260937140557,,2316.97,
2026-05-03 00:00:00,1777766400000,2316.97,2317.69,2299.38,2301.9,19468.8798,2303.9076840704965,2302.339893365718,,1.829234403153805,0.8395713006676715,,2301.9,
2026-05-03 04:00:00,1777780800000,2301.9,2314.01,2297.59,2309.28,11221.5322,2309.28,2309.28,,0.0,0.0,,2309.28,
2026-05-03 08:00:00,1777795200000,2309.28,2327.5,2307.49,2319.63,17555.1258,2310.2657142857147,2309.685882352941,,0.8256410256408344,0.6605128205126676,,2319.63,
2026-05-03 12:00:00,1777809600000,2319.63,2333.91,2319.63,2328.44,21474.0931,2311.9965986394564,2310.421337946944,,2.165893783329466,1.6006124625610392,,2328.44,
2026-05-03 16:00:00,1777824000000,2328.45,2337.87,2322.38,2335.59,19196.1335,2314.2435892452227,2311.408344301966,,3.761637182848517,2.557084689664072,,2335.59,
2026-05-03 20:00:00,1777838400000,2335.6,2356.92,2315.0,2322.65,62158.6698,2315.044199793297,2311.849193545026,,3.9367451205584985,2.185754101899243,,2322.65,
2026-05-04 00:00:00,1777852800000,2322.65,2391.0,2309.24,2385.12,114327.9965,2321.718085527269,2314.7225585040446,,9.012436580353553,5.809156449355436,,2385.12,
2026-05-04 04:00:00,1777867200000,2385.11,2398.93,2354.2,2362.8,69420.5189,2362.8,2362.8,,0.0,0.0,,2362.8,
2026-05-04 08:00:00,1777881600000,2362.79,2371.09,2314.25,2337.59,85731.0321,2360.399047619048,2361.81137254902,,-2.011054131054152,-1.6088433048433215,,2337.59,
2026-05-04 12:00:00,1777896000000,2337.59,2381.8,2325.71,2350.1,103215.1931,2359.4181859410432,2361.352103037293,,-2.565799628249806,-1.7308710416311806,,2350.1,
2026-05-04 16:00:00,1777910400000,2350.11,2379.52,2336.63,2356.52,62301.4442,2359.142168232373,2361.162608800537,,-2.459052657354732,-1.2992992565888852,,2356.52,
2026-05-04 20:00:00,1777924800000,2356.52,2365.91,2344.83,2347.16,18024.6137,2358.001009353099,2360.6134868867903,,-3.0940622652592538,-1.5474470915947252,,2347.16,
2026-05-05 00:00:00,1777939200000,2347.17,2389.38,2344.93,2382.43,43369.6537,2360.3275798908994,2361.4690364206417,,-0.7427556929305865,0.6430875845871538,,2382.43,
2026-05-05 04:00:00,1777953600000,2382.43,2390.74,2367.35,2380.59,49038.9405,2380.59,2380.59,,0.0,0.0,,2380.59,
2026-05-05 08:00:00,1777968000000,2380.59,2384.62,2366.76,2379.89,29380.9535,2380.523333333333,2380.562549019608,,-0.055840455840098,-0.0446723646720784,,2379.89,
2026-05-05 12:00:00,1777982400000,2379.89,2399.5,2369.17,2381.31,78808.51,2380.598253968254,2380.5918608227607,,0.0143226110180876,0.0203925617488857,,2381.31,
2026-05-05 16:00:00,1777996800000,2381.3,2383.38,2359.71,2371.94,40911.2728,2379.7736583522296,2380.2525721630445,,-0.6783339333069307,-0.537811186060906,,2371.94,
2026-05-05 20:00:00,1778011200000,2371.94,2388.54,2354.34,2360.77,45127.4007,2377.963786128208,2379.488549725278,,-2.104337391871468,-1.5710517157003543,,2360.77,
2026-05-06 00:00:00,1778025600000,2360.76,2380.87,2355.0,2376.8,33054.8032,2377.852949354093,2379.383116402718,,-1.918849077164396,-1.1084507207946257,,2376.8,
2026-05-06 04:00:00,1778040000000,2376.81,2379.4,2355.0,2371.74,33514.6725,2371.74,2371.74,,0.0,0.0,,2371.74,
2026-05-06 08:00:00,1778054400000,2371.74,2423.74,2369.16,2410.47,113801.0466,2375.428571428571,2373.2588235294115,,3.0895726495728013,2.471658119658241,,2410.47,
2026-05-06 12:00:00,1778068800000,2410.47,2413.59,2346.68,2359.1,137462.5415,2373.873469387755,2372.703575547866,,1.3770774587865162,0.6073303430975647,,2359.1,
2026-05-06 16:00:00,1778083200000,2359.1,2367.47,2338.0,2348.5,59822.6802,2371.456948493683,2371.75441572246,,-0.825898288510416,-1.276516323359494,,2348.5,
2026-05-06 20:00:00,1778097600000,2348.49,2357.45,2338.28,2350.84,43011.5721,2369.4934295895227,2370.9342425568725,,-2.3557978251274108,-2.245132687981191,,2350.84,
2026-05-07 00:00:00,1778112000000,2350.84,2352.3,2313.89,2322.39,63504.3173,2365.0073886762348,2369.0305467703283,,-5.797106033871842,-4.5491527173804975,,2322.39,
2026-05-07 04:00:00,1778126400000,2322.39,2346.89,2317.8,2344.59,51518.0099,2344.59,2344.59,,0.0,0.0,,2344.59,
2026-05-07 08:00:00,1778140800000,2344.59,2346.6,2317.35,2329.94,54139.7818,2343.194761904762,2344.015490196078,,-1.1686609686612428,-0.9349287749289944,,2329.94,
2026-05-07 12:00:00,1778155200000,2329.94,2337.13,2285.95,2294.82,129506.9522,2338.587641723356,2342.0862552864287,,-4.872555904578803,-3.711058968677244,,2294.82,
2026-05-07 16:00:00,1778169600000,2294.82,2304.0,2280.1,2295.98,98757.482,2334.5297710830364,2340.278166843824,,-7.6264045762573,-5.171926112284592,,2295.98,
2026-05-07 20:00:00,1778184000000,2295.98,2302.57,2281.04,2291.06,72095.3946,2330.3897928846523,2338.34804265387,,-10.08954636089129,-6.108054317534866,,2291.06,
2026-05-08 00:00:00,1778198400000,2291.06,2294.28,2265.61,2278.76,54369.0261,2325.4726697527803,2336.011256667444,,-12.88557429630646,-7.123265802360027,,2278.76,
2026-05-08 04:00:00,1778212800000,2278.77,2284.54,2267.15,2281.35,73893.4649,2281.35,2281.35,,0.0,0.0,,2281.35,
2026-05-08 08:00:00,1778227200000,2281.37,2298.01,2280.15,2295.38,65719.1373,2282.6861904761904,2281.9001960784312,,1.1192022792019998,0.8953618233615999,,2295.38,
2026-05-08 12:00:00,1778241600000,2295.38,2302.0,2269.96,2293.2,85201.3421,2283.687505668934,2282.343325643983,,1.8094125859365704,1.2684577040769365,,2293.2,
2026-05-08 16:00:00,1778256000000,2293.2,2321.22,2286.42,2316.05,76484.5206,2286.7696479861784,2283.6651560108858,,4.152347583110895,2.889114161001009,,2316.05,
2026-05-08 20:00:00,1778270400000,2316.06,2319.15,2303.19,2307.06,65367.6672,2288.702062463685,2284.582600873204,,5.223509218126765,3.168220636813502,,2307.06,
2026-05-09 00:00:00,1778284800000,2307.07,2320.77,2304.19,2315.33,39168.7188,2291.2380565147623,2285.788381231118,,6.662926348487872,3.686110213739688,,2315.33,
2026-05-09 04:00:00,1778299200000,2315.33,2325.33,2310.9,2314.69,51761.091,2314.69,2314.69,,0.0,0.0,,2314.69,
2026-05-09 08:00:00,1778313600000,2314.69,2320.53,2310.24,2314.57,25659.728,2314.678571428572,2314.685294117648,,-0.009572649572874,-0.0076581196582992,,2314.57,
2026-05-09 12:00:00,1778328000000,2314.56,2318.27,2300.0,2317.63,31105.7798,2314.959659863945,2314.8007727797008,,0.2271390654295828,0.1832428762753261,,2317.63,
2026-05-09 16:00:00,1778342400000,2317.64,2338.37,2315.29,2332.01,56917.6483,2316.5835017816653,2315.475644435399,,1.5571309895431114,1.2105878403110837,,2332.01,
2026-05-09 20:00:00,1778356800000,2332.02,2333.47,2324.7,2326.44,25818.1911,2317.522215897697,2315.905619163422,,2.1370718874723025,1.4324229905922197,,2326.44,
2026-05-10 00:00:00,1778371200000,2326.43,2332.91,2318.33,2327.76,33278.1366,2318.4972429550594,2316.3704968432885,,2.672386586562425,1.5741901517458736,,2327.76,
2026-05-10 04:00:00,1778385600000,2327.75,2332.09,2326.1,2327.36,26964.3516,2327.36,2327.36,,0.0,0.0,,2327.36,
2026-05-10 08:00:00,1778400000000,2327.36,2333.59,2319.0,2322.58,28879.9992,2326.9047619047624,2327.172549019608,,-0.3813105413105404,-0.3050484330484323,,2322.58,
2026-05-10 12:00:00,1778414400000,2322.59,2351.66,2320.87,2347.56,51926.9775,2328.871927437642,2327.972056901192,,1.316993855569308,1.1146047710651328,,2347.56,
2026-05-10 16:00:00,1778428800000,2347.56,2368.0,2340.11,2365.54,154424.5599,2332.364124824533,2329.4453095717336,,4.066867740810721,3.0915829250452367,,2365.54,
2026-05-10 20:00:00,1778443200000,2365.54,2382.53,2311.83,2371.27,102648.8375,2336.069446269816,2331.085493510097,,6.632075283483573,4.52543237417447,,2371.27,
2026-05-11 00:00:00,1778457600000,2371.26,2374.92,2320.01,2330.56,60324.2716,2335.544737101262,2331.0648859214657,,5.318752699725792,2.569687832333352,,2330.56,
2026-05-11 04:00:00,1778472000000,2330.56,2342.44,2326.66,2330.54,35309.276,2330.54,2330.54,,0.0,0.0,,2330.54,
2026-05-11 08:00:00,1778486400000,2330.55,2339.9,2326.66,2335.8,21339.0861,2331.0409523809526,2330.746274509804,,0.4196011396011272,0.3356809116809017,,2335.8,
2026-05-11 12:00:00,1778500800000,2335.8,2338.89,2304.0,2333.48,54288.2257,2331.273242630386,2330.853479430988,,0.5584954667574493,0.3796601910697791,,2333.48,
2026-05-11 16:00:00,1778515200000,2333.48,2344.35,2323.68,2340.43,43385.8646,2332.1453147608254,2331.2290292572243,,1.215367142258856,0.8292254932569485,,2340.43,
2026-05-11 20:00:00,1778529600000,2340.44,2345.68,2335.08,2339.87,22315.3312,2332.8809990693185,2331.56789085498,,1.6714874903896089,1.0282766731101611,,2339.87,
2026-05-12 00:00:00,1778544000000,2339.88,2340.85,2295.01,2309.37,46792.4896,2330.641856300812,2330.697385331255,,-0.4232499860368079,-0.8531686426530045,,2309.37,
2026-05-12 04:00:00,1778558400000,2309.36,2314.49,2291.63,2295.2,35381.7127,2295.2,2295.2,,0.0,0.0,,2295.2,
2026-05-12 08:00:00,1778572800000,2295.2,2296.27,2278.57,2287.01,60392.7982,2294.42,2294.8788235294114,,-0.6533333333336486,-0.5226666666669189,,2287.01,
2026-05-12 12:00:00,1778587200000,2287.02,2294.01,2256.67,2261.85,63665.2782,2291.318095238095,2293.5835755478656,,-3.1648243114909747,-2.427326115859396,,2261.85,
2026-05-12 16:00:00,1778601600000,2261.86,2287.43,2256.27,2285.09,29736.9338,2290.7249433106576,2293.250494153832,,-3.242547165471933,-2.0040391758722835,,2285.09,
2026-05-12 20:00:00,1778616000000,2285.1,2291.37,2273.88,2274.96,17011.8957,2289.223520138214,2292.533219873289,,-4.074580203030109,-2.268857770744368,,2274.96,
2026-05-13 00:00:00,1778630400000,2274.97,2303.77,2273.34,2301.77,25629.7121,2290.418422982194,2292.8954465449256,,-2.5413345178917552,-0.5884896684848107,,2301.77,
2026-05-13 04:00:00,1778644800000,2301.76,2309.0,2295.63,2301.07,20242.608,2301.07,2301.07,,0.0,0.0,,2301.07,
2026-05-13 08:00:00,1778659200000,2301.07,2323.36,2299.0,2301.82,39654.7131,2301.1414285714286,2301.0994117647065,,0.0598290598290986,0.0478632478632789,,2301.82,
2026-05-13 12:00:00,1778673600000,2301.83,2307.54,2234.13,2236.49,101419.7434,2294.984149659864,2298.565709342561,,-5.105488104803953,-4.093963133415818,,2236.49,
2026-05-13 16:00:00,1778688000000,2236.48,2268.49,2235.48,2256.53,55259.29,2291.3218496922577,2296.917250152657,,-7.495574338008737,-5.187239493296482,,2256.53,
2026-05-13 20:00:00,1778702400000,2256.53,2264.46,2251.0,2258.65,16249.6633,2288.2102449596614,2295.416573676082,,-9.11361256245118,-5.44422217419114,,2258.65,
2026-05-14 00:00:00,1778716800000,2258.66,2269.37,2238.64,2242.14,28395.7613,2283.822602582551,2293.32729627702,,-11.59448453245659,-6.34007531535724,,2242.14,
2026-05-14 04:00:00,1778731200000,2242.14,2275.2,2239.54,2265.48,28603.5337,2265.48,2265.48,,0.0,0.0,,2265.48,
2026-05-14 08:00:00,1778745600000,2265.49,2270.99,2252.53,2253.81,31025.1104,2264.368571428572,2265.0223529411765,,-0.9309401709401754,-0.7447521367521404,,2253.81,
2026-05-14 12:00:00,1778760000000,2253.81,2299.7,2246.13,2298.48,68751.7844,2267.617278911565,2266.3344175317184,,1.913718557479115,1.6799252733337198,,2298.48,
2026-05-14 16:00:00,1778774400000,2298.48,2319.33,2293.96,2298.34,71280.168,2270.543252348559,2267.589538412828,,4.109462933790837,3.100535719716354,,2298.34,
2026-05-14 20:00:00,1778788800000,2298.34,2301.67,2280.18,2283.25,28624.4781,2271.753418791553,2268.203674161344,,4.579183309148448,2.8562048760591714,,2283.25,
2026-05-15 00:00:00,1778803200000,2283.26,2300.29,2260.45,2273.34,56947.0188,2271.9045217637863,2268.4050987040364,,4.104472112529493,1.905194943552173,,2273.34,
2026-05-15 04:00:00,1778817600000,2273.35,2273.91,2237.95,2265.11,50307.0238,2265.11,2265.11,,0.0,0.0,,2265.11,
2026-05-15 08:00:00,1778832000000,2265.11,2265.42,2250.0,2257.57,30771.6519,2264.3919047619047,2264.81431372549,,-0.6014814814816418,-0.4811851851853134,,2257.57,
2026-05-15 12:00:00,1778846400000,2257.56,2260.72,2205.11,2222.85,98329.8622,2260.4355328798183,2263.168654363706,,-3.83555977630067,-2.9722107840034733,,2222.85,
2026-05-15 16:00:00,1778860800000,2222.86,2232.88,2218.9,2223.35,32854.539,2256.9035773674545,2261.607138506305,,-6.285785679348919,-4.337949349641377,,2223.35,
2026-05-15 20:00:00,1778875200000,2223.35,2226.29,2215.0,2224.66,19326.455,2253.832760475316,2260.1582311139014,,-8.02934402869596,-4.865206159190734,,2224.66,
2026-05-16 00:00:00,1778889600000,2224.65,2231.51,2223.53,2228.01,11176.8318,2251.3734499538573,2258.8975161682583,,-9.036640809196342,-4.698002351752893,,2228.01,
2026-05-16 04:00:00,1778904000000,2228.0,2228.96,2182.0,2194.81,52860.5816,2194.81,2194.81,,0.0,0.0,,2194.81,
2026-05-16 08:00:00,1778918400000,2194.81,2196.87,2162.55,2176.1,66188.9001,2193.028095238095,2194.076274509804,,-1.492535612535903,-1.1940284900287224,,2176.1,
2026-05-16 12:00:00,1778932800000,2176.11,2188.16,2172.3,2180.0,38164.9832,2191.787324263038,2193.5242637447136,,-2.333781056971929,-1.628219147571799,,2180.0,
2026-05-16 16:00:00,1778947200000,2180.0,2185.22,2170.5,2179.57,23176.1285,2190.6237695713203,2192.977037715509,,-3.000582689428029,-1.8360166240223188,,2179.57,
2026-05-16 20:00:00,1778961600000,2179.57,2183.54,2179.35,2180.77,7721.1509,2189.6853153264324,2192.4983303541167,,-3.393084450589868,-1.7828147081473258,,2180.77,
2026-05-17 00:00:00,1778976000000,2180.77,2185.6,2167.98,2181.7,22317.4449,2188.924809104867,2192.0748664186613,,-3.587744412177017,-1.5819797357875798,,2181.7,
2026-05-17 04:00:00,1778990400000,2181.71,2195.0,2181.14,2186.64,17300.9882,2186.64,2186.64,,0.0,0.0,,2186.64,
2026-05-17 08:00:00,1779004800000,2186.63,2198.14,2183.12,2192.0,15590.7778,2187.150476190476,2186.8501960784315,,0.4275783475782191,0.3420626780625753,,2192.0,
2026-05-17 12:00:00,1779019200000,2192.0,2198.04,2178.39,2186.51,18881.2867,2187.08947845805,2186.836855055748,,0.3197542227740086,0.1873908426066918,,2186.51,
2026-05-17 16:00:00,1779033600000,2186.51,2193.62,2176.63,2192.53,12368.2351,2187.607623366808,2187.060115641797,,0.7118606295766767,0.4635977995274879,,2192.53,
2026-05-17 20:00:00,1779048000000,2192.54,2194.82,2091.48,2131.0,88658.0822,2182.216421141397,2184.861679734276,,-3.897421936370847,-3.3165478131360286,,2131.0,
2026-05-18 00:00:00,1779062400000,2131.0,2132.0,2104.99,2118.44,66934.9313,2176.1424762707875,2182.2569079799905,,-8.46620546312306,-6.3082650719105935,,2118.44,
2026-05-18 04:00:00,1779076800000,2118.44,2125.83,2110.0,2120.82,32135.9981,2120.82,2120.82,,0.0,0.0,,2120.82,
2026-05-18 08:00:00,1779091200000,2120.82,2139.75,2110.5,2133.9,32838.4005,2122.0657142857144,2121.3329411764707,,1.0434188034187173,0.8347350427349738,,2133.9,
2026-05-18 12:00:00,1779105600000,2133.9,2157.24,2093.77,2107.48,113725.5324,2120.676598639456,2120.789688581315,,-0.2585569922321156,-0.3737926023326873,,2107.48,
2026-05-18 16:00:00,1779120000000,2107.49,2128.49,2077.23,2125.07,93607.2455,2121.0950178166504,2120.9575439310674,,0.1275139028243757,0.0098226341790432,,2125.07,
2026-05-18 20:00:00,1779134400000,2125.07,2142.67,2114.59,2130.08,42636.2854,2121.950730405541,2121.31528730632,,0.8281960695740054,0.5684038407429384,,2130.08,
2026-05-19 00:00:00,1779148800000,2130.08,2146.95,2118.6,2131.3,28665.0307,2122.841137033585,2121.7068446668563,,1.465047384610898,0.9642041246238648,,2131.3,
2026-05-19 04:00:00,1779163200000,2131.3,2145.0,2123.61,2140.97,24673.1361,2140.97,2140.97,,0.0,0.0,,2140.97,
2026-05-19 08:00:00,1779177600000,2140.97,2141.4,2106.77,2110.85,35095.6348,2138.101428571428,2139.788823529412,,-2.402735042735003,-1.9221880341880024,,2110.85,
2026-05-19 12:00:00,1779192000000,2110.85,2127.53,2094.47,2110.19,55879.338,2135.443197278911,2138.6280853517874,,-4.310487739547625,-3.0639525848005,,2110.19,
2026-05-19 16:00:00,1779206400000,2110.2,2125.07,2107.12,2113.15,24674.862,2133.3200356333004,2137.628944749757,,-5.519918054833397,-3.4187063200690173,,2113.15,
2026-05-19 20:00:00,1779220800000,2113.14,2120.59,2102.09,2111.93,17957.0734,2131.28288938251,2136.6211429948644,,-6.501894306925351,-3.520546057728777,,2111.93,
2026-05-20 00:00:00,1779235200000,2111.93,2119.24,2103.29,2111.6,19314.4795,2129.408328488937,2135.6399217009484,,-7.223478045094907,-3.3937038367186663,,2111.6,
2026-05-20 04:00:00,1779249600000,2111.6,2136.5,2107.3,2129.74,35114.2894,2129.74,2129.74,,0.0,0.0,,2129.74,
2026-05-20 08:00:00,1779264000000,2129.75,2138.0,2124.28,2128.3,22183.4247,2129.602857142857,2129.6835294117645,,-0.1148717948717603,-0.0918974358974082,,2128.3,
2026-05-20 12:00:00,1779278400000,2128.31,2149.0,2113.87,2136.75,58916.9837,2130.283537414966,2129.960645905421,,0.4705120899993744,0.3947891591789811,,2136.75,
2026-05-20 16:00:00,1779292800000,2136.76,2148.77,2124.1,2139.12,32155.664,2131.125105280207,2130.3198362620715,,1.1128440557531576,0.8296968999462114,,2139.12,
2026-05-20 20:00:00,1779307200000,2139.12,2140.76,2118.45,2129.44,21403.4527,2130.9646190630447,2130.2853328792453,,0.831219880138633,0.4384581794653495,,2129.44,
2026-05-21 00:00:00,1779321600000,2129.44,2157.5,2128.59,2145.76,27764.9747,2132.3737029618023,2130.8921825702555,,1.9029819091570064,1.208176166786978,,2145.76,
2026-05-21 04:00:00,1779336000000,2145.76,2148.75,2124.25,2135.06,27168.5527,2135.06,2135.06,,0.0,0.0,,2135.06,
2026-05-21 08:00:00,1779350400000,2135.07,2148.33,2110.0,2115.27,41666.6187,2133.175238095238,2134.283921568628,,-1.578689458689496,-1.2629515669515967,,2115.27,
2026-05-21 12:00:00,1779364800000,2115.28,2138.05,2105.15,2132.65,65871.6779,2133.125215419501,2134.219846212995,,-1.4111249097004477,-0.8763096143700386,,2132.65,
2026-05-21 16:00:00,1779379200000,2132.64,2153.75,2121.79,2142.83,55972.0073,2134.0494806176434,2134.5574993026817,,-0.4516811757662253,0.0665072956513468,,2142.83,
2026-05-21 20:00:00,1779393600000,2142.84,2143.46,2127.27,2133.76,14445.2804,2134.021911035011,2134.5262248202234,,-0.4183656443278778,0.0798582616717554,,2133.76,
2026-05-22 00:00:00,1779408000000,2133.77,2141.39,2125.68,2137.88,14039.1024,2134.389348079296,2134.657745415509,,-0.0588350639209238,0.3515110736629676,,2137.88,
2026-05-22 04:00:00,1779422400000,2137.89,2141.34,2122.22,2128.7,23434.8628,2128.7,2128.7,,0.0,0.0,,2128.7,
2026-05-22 08:00:00,1779436800000,2128.7,2133.34,2119.18,2130.78,30833.2166,2128.898095238096,2128.7815686274507,,0.1659259259263308,0.1327407407410646,,2130.78,
2026-05-22 12:00:00,1779451200000,2130.78,2138.0,2112.47,2119.48,42385.9585,2128.001133786848,2128.416801230296,,-0.6073905244270463,-0.5124605676898499,,2119.48,
2026-05-22 16:00:00,1779465600000,2119.49,2130.0,2058.0,2065.54,71524.6579,2122.052454378577,2125.951044319304,,-5.509249389810066,-4.331455546458296,,2065.54,
2026-05-22 20:00:00,1779480000000,2065.54,2079.59,2057.79,2065.85,39565.4566,2116.699839675855,2123.594140620508,,-9.262224291294842,-6.467544358354457,,2065.85,
2026-05-23 00:00:00,1779494400000,2065.86,2072.0,2053.0,2070.78,35673.5475,2112.326521611488,2121.522997851076,,-11.703760475748368,-7.127264434246387,,2070.78,
2026-05-23 04:00:00,1779508800000,2070.78,2071.19,2009.3,2028.59,75799.2127,2028.59,2028.59,,0.0,0.0,,2028.59,
2026-05-23 08:00:00,1779523200000,2028.58,2036.01,2021.07,2031.48,34325.3716,2028.865238095238,2028.7033333333327,,0.2305413105414118,0.1844330484331294,,2031.48,
2026-05-23 12:00:00,1779537600000,2031.48,2068.68,2027.35,2060.27,54590.2681,2031.8561678004528,2029.941241830065,,2.705175769677453,2.1272540060553364,,2060.27,
2026-05-23 16:00:00,1779552000000,2060.27,2083.64,2057.25,2077.33,39862.3851,2036.187008962315,2031.799624503396,,5.974075408377303,4.316922915804149,,2077.33,
2026-05-23 20:00:00,1779566400000,2077.34,2149.95,2074.84,2117.68,110295.4439,2043.948246204,2035.167482366008,,11.685901901279976,8.022999526965458,,2117.68,
2026-05-24 00:00:00,1779580800000,2117.69,2127.28,2113.1,2119.04,29103.0509,2051.0998418036183,2038.456600704596,,16.136296995135353,9.978715696656668,,2119.04,
2026-05-24 04:00:00,1779595200000,2119.05,2129.93,2113.65,2121.01,28463.348,2121.01,2121.01,,0.0,0.0,,2121.01,
2026-05-24 08:00:00,1779609600000,2121.02,2132.14,2119.05,2126.18,20978.1989,2121.502380952381,2121.21274509804,,0.4124216524219264,0.3299373219375411,,2126.18,
2026-05-24 12:00:00,1779624000000,2126.19,2126.58,2079.52,2095.84,53181.4865,2119.0583446712017,2120.217735486352,,-1.6894408324606047,-1.417540130355992,,2095.84,
2026-05-24 16:00:00,1779638400000,2095.83,2109.0,2095.22,2100.87,16390.0018,2117.3261213691826,2119.459000761397,,-2.915692741329167,-2.115033631379643,,2100.87,
2026-05-24 20:00:00,1779652800000,2100.87,2107.0,2063.0,2099.85,49632.6744,2115.661728857832,2118.6900203393816,,-3.9245716700283992,-2.4991300480631,,2099.85,
2026-05-25 00:00:00,1779667200000,2099.86,2113.25,2092.57,2095.58,24131.108,2113.749183252324,2117.783745031955,,-5.010906196274391,-2.868371659447273,,2095.58,
2026-05-25 04:00:00,1779681600000,2095.59,2117.55,2092.26,2116.28,42000.3305,2116.28,2116.28,,0.0,0.0,,2116.28,
2026-05-25 08:00:00,1779696000000,2116.29,2124.1,2111.7,2114.95,21667.0316,2116.1533333333336,2116.227843137255,,-0.1060968660967773,-0.0848774928774219,,2114.95,
2026-05-25 12:00:00,1779710400000,2114.95,2138.28,2112.25,2127.12,29687.9855,2117.197777777778,2116.6549865436373,,0.7828141005352336,0.6432267790036712,,2127.12,
2026-05-25 16:00:00,1779724800000,2127.13,2141.98,2116.55,2121.43,23506.4643,2117.6008465608465,2116.8422419732988,,1.0164302242433223,0.701474322169408,,2121.43,
2026-05-25 20:00:00,1779739200000,2121.42,2123.16,2102.35,2113.01,25435.678,2117.1636230788613,2116.6919579743458,,0.5161986376988352,0.1609941884999366,,2113.01,
2026-05-26 00:00:00,1779753600000,2113.01,2113.89,2084.52,2093.12,34695.0977,2114.873754214208,2115.767567465548,,-1.46826996871323,-1.4587795343297028,,2093.12,
2026-05-26 04:00:00,1779768000000,2093.11,2104.65,2088.82,2095.61,22937.9606,2095.61,2095.61,,0.0,0.0,,2095.61,
2026-05-26 08:00:00,1779782400000,2095.61,2137.29,2094.1,2121.01,44588.5806,2098.029047619048,2096.6060784313727,,2.0262108262108995,1.6209686609687195,,2121.01,
2026-05-26 12:00:00,1779796800000,2121.0,2140.49,2078.75,2087.36,93684.9119,2097.012947845805,2096.2434871203386,,0.906276734766834,0.4008276556197233,,2087.36,
2026-05-26 16:00:00,1779811200000,2087.36,2089.97,2055.06,2074.29,65909.5277,2094.848857574776,2095.382566056796,,-1.0241135275869055,-1.223650085387213,,2074.29,
2026-05-26 20:00:00,1779825600000,2074.3,2078.78,2065.98,2073.77,20737.2311,2092.841347329558,2094.5350144467257,,-2.566338222848572,-2.2126998245191034,,2073.77,
2026-05-27 00:00:00,1779840000000,2073.77,2084.23,2068.9,2070.0,21987.0064,2090.66598091722,2093.5728570174424,,-4.046128645371937,-2.9539921976339745,,2070.0,
2026-05-27 04:00:00,1779854400000,2070.01,2084.16,2056.31,2083.78,27195.6917,2083.78,2083.78,,0.0,0.0,,2083.78,
2026-05-27 08:00:00,1779868800000,2083.77,2096.71,2078.26,2080.55,28746.5558,2083.472380952381,2083.6533333333336,,-0.2576638176637971,-0.2061310541310376,,2080.55,
2026-05-27 12:00:00,1779883200000,2080.56,2097.4,2051.96,2071.38,79022.1167,2082.320725623583,2083.172026143792,,-1.1881108107891123,-0.9092624378050822,,2071.38,
2026-05-27 16:00:00,1779897600000,2071.39,2074.5,2043.31,2057.47,45395.4671,2079.9539898499083,2082.164103549917,,-3.013183403000312,-2.1874680240130253,,2057.47,
2026-05-27 20:00:00,1779912000000,2057.47,2066.14,2016.0,2024.84,65616.3196,2074.705038435632,2079.916099489136,,-7.011708272647411,-4.948794314928099,,2024.84,
2026-05-28 00:00:00,1779926400000,2024.83,2029.2,1972.0,1981.55,90607.5773,2065.8331300131904,2076.058605391522,,-13.517883503594476,-9.163975636700131,,1981.55,
2026-05-28 04:00:00,1779940800000,1981.55,1996.78,1967.0,1995.56,74760.4299,1995.56,1995.56,,0.0,0.0,,1995.56,
2026-05-28 08:00:00,1779955200000,1995.56,1998.4,1984.85,1989.89,32953.9429,1995.02,1995.337647058824,,-0.4523076923076132,-0.3618461538460906,,1989.89,
2026-05-28 12:00:00,1779969600000,1989.88,2002.5,1967.38,1990.65,75988.1864,1994.6038095238096,1995.153817762399,,-0.7408985316676535,-0.5203495945649047,,1990.65,
2026-05-28 16:00:00,1779984000000,1990.65,2030.0,1985.22,2014.55,57298.3774,1996.503446712018,1995.914452359952,,0.947993529023961,0.9348339729013678,,2014.55,
2026-05-28 20:00:00,1779998400000,2014.54,2024.63,2005.43,2009.9,32226.4072,1997.7793089299207,1996.462905208581,,1.889456043479868,1.5010371898858197,,2009.9,
2026-05-29 00:00:00,1780012800000,2009.89,2017.17,1997.24,2002.78,24310.5747,1998.255565222309,1996.710634416088,,2.037559654025472,1.319312640345139,,2002.78,
2026-05-29 04:00:00,1780027200000,2002.79,2021.51,1998.4,2007.62,34409.9182,2007.62,2007.62,,0.0,0.0,,2007.62,
2026-05-29 08:00:00,1780041600000,2007.61,2016.11,2002.35,2007.58,28724.0785,2007.6161904761905,2007.618431372549,,-0.0031908831908822,-0.0025527065527057,,2007.58,
2026-05-29 12:00:00,1780056000000,2007.58,2046.59,1976.48,2031.62,101067.75,2009.902267573696,2008.55966935794,,1.912066298163154,1.5301635798410644,,2031.62,
2026-05-29 16:00:00,1780070400000,2031.62,2044.29,2005.0,2016.96,67360.4166,2010.5744325666776,2008.8890940890003,,2.2213753000996803,1.4715780654220725,,2016.96,
2026-05-29 20:00:00,1780084800000,2016.96,2023.99,2007.0,2014.54,27272.957,2010.9521056555648,2009.110698242373,,2.2453481614450084,1.1964407414139204,,2014.54,
2026-05-30 00:00:00,1780099200000,2014.54,2023.55,2010.69,2016.83,14645.2914,2011.51190511694,2009.4134159583584,,2.421220367212072,1.0978503577447871,,2016.83,
2026-05-30 04:00:00,1780113600000,2016.83,2020.56,2002.0,2016.32,22750.6464,2016.32,2016.32,,0.0,0.0,,2016.32,
2026-05-30 08:00:00,1780128000000,2016.32,2022.0,2013.92,2017.4,9329.3114,2016.422857142857,2016.3623529411764,,0.0861538461540476,0.0689230769232381,,2017.4,
2026-05-30 12:00:00,1780142400000,2017.4,2032.0,2017.14,2026.61,22745.9664,2017.3930612244897,2016.7642214532875,,0.8873723427570894,0.6961132588210239,,2026.61,
2026-05-30 16:00:00,1780156800000,2026.63,2030.01,2019.5,2028.76,15670.4214,2018.4756268221568,2017.2346441413936,,1.6765050982978664,1.1881968114894406,,2028.76,
2026-05-30 20:00:00,1780171200000,2028.77,2031.41,2020.35,2022.44,12835.8979,2018.853186172428,2017.438775743692,,1.7715064868461925,1.0265585600302132,,2022.44,
2026-05-31 00:00:00,1780185600000,2022.44,2038.0,2020.83,2033.41,17706.4074,2020.2395493941008,2018.065098263547,,2.70084938115815,1.5647211634737368,,2033.41,
2026-05-31 04:00:00,1780200000000,2033.41,2034.99,2022.78,2024.01,11162.0752,2024.01,2024.01,,0.0,0.0,,2024.01,
2026-05-31 08:00:00,1780214400000,2024.02,2029.11,2015.34,2023.27,20999.1397,2023.939523809524,2023.9809803921569,,-0.0590313390312076,-0.047225071224966,,2023.27,
2026-05-31 12:00:00,1780228800000,2023.28,2026.5,2005.83,2010.52,29133.9281,2022.6614739229024,2023.4530988081508,,-1.121702258910318,-0.8879167928832612,,2010.52,
2026-05-31 16:00:00,1780243200000,2010.52,2012.42,1993.75,1999.59,40644.485,2020.4641906921493,2022.5172910117528,,-2.8134050906228367,-2.063695699676624,,1999.59,
2026-05-31 20:00:00,1780257600000,1999.58,2023.0,1999.58,2007.01,44089.4604,2019.1828391976592,2021.9091619524688,,-3.514842863723743,-2.212106778222024,,2007.01,
2026-06-01 00:00:00,1780272000000,2007.02,2021.5,1991.31,2009.09,73159.1205,2018.2216164169297,2021.4064497190384,,-3.8584212573073273,-2.0445481374444867,,2009.09,
2026-06-01 04:00:00,1780286400000,2009.09,2011.97,1971.7,1976.43,43590.1003,1976.43,1976.43,,0.0,0.0,,1976.43,
2026-06-01 08:00:00,1780300800000,1976.42,1990.11,1969.9,1981.44,49130.48,1976.9071428571428,1976.626470588236,,0.3996581196581701,0.3197264957265361,,1981.44,
2026-06-01 12:00:00,1780315200000,1981.44,1994.39,1956.04,1968.45,90946.1743,1976.101700680272,1976.3058246828143,,-0.3280132466456962,-0.3263558964618642,,1968.45,
2026-06-01 16:00:00,1780329600000,1968.45,2008.83,1958.79,2004.53,69908.5378,1978.8091577583407,1977.41265508741,,1.983788540399928,1.5883567124670082,,2004.53,
2026-06-01 20:00:00,1780344000000,2004.53,2009.2,1984.5,2006.73,47693.871,1981.46828559088,1978.562354887904,,3.94792055543121,2.841990981998632,,2006.73,
2026-06-02 00:00:00,1780358400000,2006.73,2006.78,1962.76,2003.94,46692.2407,1983.60844886794,1979.5575566570053,,5.219215774553277,3.2906289608965587,,2003.94,
2026-06-02 04:00:00,1780372800000,2003.94,2006.44,1973.88,1981.88,47532.952,1981.88,1981.88,,0.0,0.0,,1981.88,
2026-06-02 08:00:00,1780387200000,1981.89,1989.0,1966.69,1978.53,47617.4742,1981.5609523809528,1981.7486274509804,,-0.2672364672364438,-0.213789173789155,,1978.53,
2026-06-02 12:00:00,1780401600000,1978.53,1982.75,1890.0,1914.81,165219.2852,1975.203718820862,1979.1235832372165,,-5.556641261028744,-4.4025551740651645,,1914.81,
2026-06-02 16:00:00,1780416000000,1914.81,1943.87,1881.01,1912.28,96022.4005,1969.2109836950656,1976.502266247522,,-9.83926164065474,-6.948140442952928,,1912.28,
2026-06-02 20:00:00,1780430400000,1912.28,1919.01,1839.02,1859.84,153801.1892,1958.7946995336304,1971.9272754142853,,-17.265710523374082,-11.499671460537815,,1859.84,
2026-06-03 00:00:00,1780444800000,1859.84,1874.11,1816.92,1828.24,122790.4231,1946.3609186256656,1966.2924803,,-25.40819086711872,-15.71372144342596,,1828.24,
2026-06-03 04:00:00,1780459200000,1828.24,1884.41,1827.65,1878.39,90436.6511,1878.39,1878.39,,0.0,0.0,,1878.39,
2026-06-03 08:00:00,1780473600000,1878.39,1893.07,1869.95,1878.16,53244.0374,1878.3680952380955,1878.3809803921567,,-0.0183475783474023,-0.0146780626779218,,1878.16,
2026-06-03 12:00:00,1780488000000,1878.17,1880.0,1836.21,1837.21,78492.2555,1874.4482766439912,1876.7664321414843,,-3.2991800391228026,-2.6364084187626577,,1837.21,
2026-06-03 16:00:00,1780502400000,1837.22,1844.08,1795.23,1803.41,104394.7399,1867.6827264874207,1873.8897093124065,,-8.528331624754628,-6.292448003515586,,1803.41,
2026-06-03 20:00:00,1780516800000,1803.41,1852.2,1769.62,1813.05,135402.3748,1862.479609679095,1871.5038383589788,,-11.759053446833605,-7.6185358604756495,,1813.05,
2026-06-04 00:00:00,1780531200000,1813.05,1820.5,1717.28,1809.24,200046.0588,1857.4091706620384,1869.0621192076464,,-14.46017107442458,-8.2557227904533,,1809.24,
2026-06-04 04:00:00,1780545600000,1809.24,1818.0,1773.52,1777.45,82985.5515,1777.45,1777.45,,0.0,0.0,,1777.45,
2026-06-04 08:00:00,1780560000000,1777.44,1783.27,1730.13,1751.51,141386.8608,1774.979523809524,1776.4327450980393,,-2.069287749287924,-1.6554301994303386,,1751.51,
2026-06-04 12:00:00,1780574400000,1751.51,1794.43,1744.29,1777.02,111504.3967,1775.1738548752835,1776.4557747020378,,-1.6319572081395108,-0.9744797266255408,,1777.02,
2026-06-04 16:00:00,1780588800000,1777.03,1787.11,1754.0,1776.94,60544.5739,1775.3420591728757,1776.474763929409,,-1.2771032832154106,-0.4957006413611525,,1776.94,
2026-06-04 20:00:00,1780603200000,1776.93,1783.02,1752.46,1770.77,51838.6634,1774.906624965935,1776.2510476968832,,-1.4767236749903532,-0.5562568265088761,,1770.77,
2026-06-05 00:00:00,1780617600000,1770.76,1774.99,1722.36,1729.71,88171.1972,1770.6021844929887,1774.4259085715153,,-4.891734253446884,-3.177013923972326,,1729.71,
2026-06-05 04:00:00,1780632000000,1729.72,1747.8,1625.78,1679.21,313675.2275,1679.21,1679.21,,0.0,0.0,,1679.21,
2026-06-05 08:00:00,1780646400000,1679.22,1690.07,1659.43,1663.44,119418.6703,1677.7080952380952,1678.5915686274511,,-1.2580056980054906,-1.0064045584043924,,1663.44,
2026-06-05 12:00:00,1780660800000,1663.43,1677.7,1572.22,1583.29,304333.021,1668.71589569161,1674.8542522106884,,-8.623018644329022,-6.697134003782339,,1583.29,
2026-06-05 16:00:00,1780675200000,1583.29,1612.89,1540.19,1574.06,267408.079,1659.7010484828852,1670.9015364377203,,-15.031356210316972,-10.48437725581623,,1574.06,
2026-06-05 20:00:00,1780689600000,1574.07,1619.3,1557.36,1583.4,164006.9658,1652.4342819607057,1667.470103636241,,-19.13576477386505,-11.671028655491446,,1583.4,
2026-06-06 00:00:00,1780704000000,1583.4,1601.22,1555.28,1563.34,68604.3971,1643.9491122501622,1663.38657016031,,-23.7336260156892,-13.015111917852476,,1563.34,
2026-06-06 04:00:00,1780718400000,1563.34,1581.62,1505.68,1575.14,182035.7945,1575.14,1575.14,,0.0,0.0,,1575.14,
2026-06-06 08:00:00,1780732800000,1575.14,1593.04,1535.68,1558.89,96734.7301,1573.592380952381,1574.5027450980394,,-1.2962962962963047,-1.037037037037044,,1558.89,
2026-06-06 12:00:00,1780747200000,1558.9,1575.82,1544.87,1560.45,107947.6889,1572.3407256235828,1573.9516570549793,,-2.1726960008443257,-1.5307493932680516,,1560.45,
2026-06-06 16:00:00,1780761600000,1560.45,1566.51,1547.05,1554.56,60854.9147,1570.6473231832415,1573.1911999155684,,-3.3044314274748103,-2.129987855918829,,1554.56,
2026-06-06 20:00:00,1780776000000,1554.55,1570.06,1550.85,1569.69,42280.8419,1570.5561495467423,1573.0538979580951,,-2.946509822384769,-1.41765300066303,,1569.69,
2026-06-07 00:00:00,1780790400000,1569.68,1600.51,1564.1,1595.01,56783.117,1572.885087685148,1573.9149215675816,,-0.6126793930709482,0.7329419429206327,,1595.01,
2026-06-07 04:00:00,1780804800000,1595.0,1623.52,1585.0,1615.18,88472.2063,1615.18,1615.18,,0.0,0.0,,1615.18,
2026-06-07 08:00:00,1780819200000,1615.18,1648.7,1608.39,1630.12,79805.2925,1616.6028571428574,1615.7658823529414,,1.1917948717948548,0.953435897435884,,1630.12,
2026-06-07 12:00:00,1780833600000,1630.12,1640.0,1607.0,1630.07,73035.7897,1617.8854421768708,1616.3268281430223,,2.1079669807875234,1.495686405142842,,1630.07,
2026-06-07 16:00:00,1780848000000,1630.07,1638.0,1604.0,1613.11,60204.4464,1617.430638160026,1616.2006780197669,,1.4488087530089615,0.669222541891424,,1613.11,
2026-06-07 20:00:00,1780862400000,1613.1,1721.93,1609.43,1690.51,99979.739,1624.3905773828806,1619.114769077815,,7.090222577364784,5.048509092997797,,1690.51,
2026-06-08 00:00:00,1780876800000,1690.5,1711.58,1670.94,1680.01,74470.0385,1629.6876652511778,1621.5028173492733,,10.591726598414423,6.84001049123795,,1680.01,
2026-06-08 04:00:00,1780891200000,1680.02,1683.49,1645.0,1673.47,73682.0193,1673.47,1673.47,,0.0,0.0,,1673.47,
2026-06-08 08:00:00,1780905600000,1673.46,1696.77,1657.21,1683.76,73745.4019,1674.45,1673.8735294117648,,0.8208547008543974,0.6566837606835179,,1683.76,
2026-06-08 12:00:00,1780920000000,1683.77,1706.22,1667.46,1691.59,129205.2984,1676.082380952381,1674.5682929642446,,2.0792353958163403,1.5320515645163686,,1691.59,
2026-06-08 16:00:00,1780934400000,1691.59,1703.88,1675.8,1684.78,72641.0716,1676.910725623583,1674.968752063686,,2.498203343199066,1.5608156095192751,,1684.78,
2026-06-08 20:00:00,1780948800000,1684.78,1714.5,1679.25,1690.49,56283.4824,1678.2039898499083,1675.5774284533454,,3.2534836057557186,1.8528766976607425,,1690.49,
2026-06-09 00:00:00,1780963200000,1690.48,1696.88,1654.63,1669.44,65616.5084,1677.369324149917,1675.3367449845869,,2.128948385755848,0.5826731821286972,,1669.44,
2026-06-09 04:00:00,1780977600000,1669.44,1696.41,1664.33,1679.86,55695.031,1679.86,1679.86,,0.0,0.0,,1679.86,
2026-06-09 08:00:00,1780992000000,1679.86,1680.64,1665.0,1671.96,39039.5622,1679.107619047619,1679.550196078431,,-0.6301994301995819,-0.5041595441596656,,1671.96,
2026-06-09 12:00:00,1781006400000,1671.96,1683.32,1633.84,1636.4,109750.9015,1675.0402267573695,1677.8580315263362,,-3.953458819328034,-3.061935146630494,,1636.4,
2026-06-09 16:00:00,1781020800000,1636.4,1658.64,1614.02,1657.33,81822.2362,1673.353538494763,1677.053010682166,,-4.842468781530442,-3.160756087066322,,1657.33,
2026-06-09 20:00:00,1781035200000,1657.33,1663.77,1630.36,1639.52,32222.9956,1670.131296733357,1675.5811279103166,,-6.904542469506168,-4.178263820033639,,1639.52,
2026-06-10 00:00:00,1781049600000,1639.52,1646.91,1621.77,1630.82,27935.8341,1666.3873637111326,1673.8257895608924,,-9.135460117128105,-5.127345174124459,,1630.82,
2026-06-10 04:00:00,1781064000000,1630.82,1643.58,1616.33,1640.09,28762.4847,1640.09,1640.09,,0.0,0.0,,1640.09,
2026-06-10 08:00:00,1781078400000,1640.1,1640.89,1606.01,1620.05,50677.5242,1638.1814285714286,1639.3041176470588,,-1.598632478632453,-1.2789059829059624,,1620.05,
2026-06-10 12:00:00,1781092800000,1620.06,1667.96,1615.91,1657.97,78993.1365,1640.0660544217687,1640.0361130334486,,0.1920529865828939,0.4094235858475077,,1657.97,-4.578e-05
2026-06-10 16:00:00,1781107200000,1657.98,1658.73,1622.51,1630.15,55253.005,1639.121668286362,1639.6484223262546,,-0.6264362128815719,-0.3272524908935665,,1630.15,-4.578e-05
2026-06-10 20:00:00,1781121600000,1630.15,1636.21,1603.44,1621.59,49169.2974,1637.451985592423,1638.9402489016957,,-1.943412808326684,-1.315383269070943,,1621.59,-3.121e-05
2026-06-11 00:00:00,1781136000000,1621.6,1661.3,1621.6,1653.95,36288.0336,1639.0232250598112,1639.5288665918251,,-0.3716604223270678,0.2050952935429386,,1653.95,-3.684e-05
2026-06-11 04:00:00,1781150400000,1653.94,1663.14,1646.2,1654.41,36562.9666,1654.41,1654.41,,0.0,0.0,,1654.41,
2026-06-11 08:00:00,1781164800000,1654.4,1673.5,1654.28,1666.84,30402.7025,1655.5938095238096,1654.8974509803925,,0.991566951566938,0.7932535612535503,,1666.84,
2026-06-11 12:00:00,1781179200000,1666.84,1666.88,1636.19,1645.55,55809.1021,1654.6372562358276,1654.5308842752788,,0.0587881591868608,-0.1116201849012213,,1645.55,
2026-06-11 16:00:00,1781193600000,1645.56,1693.59,1632.71,1681.26,85215.6465,1657.1727556419391,1655.5790848919346,,2.1759695821463083,1.6044489904465808,,1681.26,
2026-06-11 20:00:00,1781208000000,1681.26,1683.29,1667.18,1673.46,34229.2691,1658.7239217712784,1656.2802972491136,,3.187710359882203,2.0929518145459807,,1673.46,
2026-06-12 00:00:00,1781222400000,1673.46,1678.42,1660.93,1673.25,20659.4497,1660.1073577930615,1656.945775788364,,3.9273054380528265,2.266037514173284,,1673.25,
2026-06-12 04:00:00,1781236800000,1673.25,1682.0,1652.09,1662.12,30223.5752,1662.12,1662.12,,0.0,0.0,,1662.12,
2026-06-12 08:00:00,1781251200000,1662.12,1685.65,1662.12,1673.89,33152.9108,1663.2409523809522,1662.5815686274511,,0.9389173789172672,0.7511339031338139,,1673.89,
2026-06-12 12:00:00,1781265600000,1673.88,1691.07,1653.74,1660.08,63394.6373,1662.939909297052,1662.4834678969628,,0.5621840731812426,0.2995204779182313,,1660.08,
2026-06-12 16:00:00,1781280000000,1660.08,1678.1,1657.38,1665.92,42191.8674,1663.2237274592376,1662.6182338617878,,0.7264849410726129,0.3710570766476812,,1665.92,
2026-06-12 20:00:00,1781294400000,1665.92,1668.01,1659.02,1666.41,12265.5698,1663.5271819869292,1662.76693057309,,0.8860199806904347,0.4244736930124024,,1666.41,
2026-06-13 00:00:00,1781308800000,1666.42,1675.9,1663.36,1665.25,16399.5929,1663.691259892936,1662.8643058447335,,0.9083791145142186,0.357466261468949,,1665.25,
2026-06-13 04:00:00,1781323200000,1665.25,1677.74,1662.2,1676.38,16043.7279,1676.38,1676.38,,0.0,0.0,,1676.38,
2026-06-13 08:00:00,1781337600000,1676.38,1679.92,1672.8,1678.34,18492.0161,1676.5666666666668,1676.456862745098,,0.156353276353002,0.1250826210824016,,1678.34,
2026-06-13 12:00:00,1781352000000,1678.33,1686.56,1676.69,1682.15,19930.4374,1677.0984126984129,1676.680123029604,,0.5810021022552974,0.4397851575877575,,1682.15,
2026-06-13 16:00:00,1781366400000,1682.14,1682.63,1671.44,1678.29,21369.3543,1677.211897203326,1676.7432554598158,,0.5991628393326209,0.3663567157320649,,1678.29,
2026-06-13 20:00:00,1781380800000,1678.3,1697.28,1674.91,1681.18,14516.4791,1677.5898117553904,1676.917245441784,,0.8371045810390569,0.4834387659508007,,1681.18,
2026-06-14 00:00:00,1781395200000,1681.19,1690.36,1678.83,1681.73,10407.9003,1677.9841153977345,1677.1059809146552,,1.057861164073529,0.5633562791882182,,1681.73,
2026-06-14 04:00:00,1781409600000,1681.74,1682.66,1673.72,1675.91,15591.2044,1675.91,1675.91,,0.0,0.0,,1675.91,
2026-06-14 08:00:00,1781424000000,1675.91,1679.0,1669.15,1673.73,14816.273,1675.702380952381,1675.8245098039215,,-0.1739031339031953,-0.1391225071225562,,1673.73,
2026-06-14 12:00:00,1781438400000,1673.73,1674.58,1654.9,1662.95,23932.5644,1674.4878684807256,1675.319627066513,,-1.16811324583432,-0.9066660952429448,,1662.95,
2026-06-14 16:00:00,1781452800000,1662.95,1668.57,1658.95,1665.43,17942.9787,1673.625214339704,1674.9317985541009,,-1.7359062025229832,-1.1795672415452865,,1665.43,
2026-06-14 20:00:00,1781467200000,1665.44,1732.28,1662.67,1725.62,95319.0333,1678.5770986883035,1676.9195711598225,,2.640505654231447,2.557475692167315,,1725.62,
2026-06-15 00:00:00,1781481600000,1725.63,1733.04,1709.66,1720.78,46791.0843,1682.596422622751,1678.6395879770844,,5.653130263890944,4.456080241461449,,1720.78,
2026-06-15 04:00:00,1781496000000,1720.78,1723.8,1715.95,1716.59,33173.3834,1716.59,1716.59,,0.0,0.0,,1716.59,
2026-06-15 08:00:00,1781510400000,1716.6,1769.0,1712.17,1764.67,86337.2957,1721.1690476190477,1718.4754901960785,,3.83544159544158,3.068353276353264,,1764.67,
2026-06-15 12:00:00,1781524800000,1764.67,1849.54,1760.28,1845.53,170759.7618,1733.012947845805,1723.4580199923107,,13.247078838645848,9.983992415646023,,1845.53,
2026-06-15 16:00:00,1781539200000,1845.53,1847.13,1811.66,1821.89,78464.5018,1741.4774290033474,1727.3180976396711,,18.58409287433392,12.256805161067277,,1821.89,
2026-06-15 20:00:00,1781553600000,1821.88,1826.62,1782.82,1796.13,48609.2283,1746.6824357649334,1730.016603614586,,20.498800818257,11.337210483992283,,1796.13,
2026-06-16 00:00:00,1781568000000,1796.14,1802.09,1764.84,1779.16,50532.628,1749.775537120654,1731.9437956297004,,20.41159136328747,9.000000823218205,,1779.16,
2026-06-16 04:00:00,1781582400000,1779.16,1783.32,1758.0,1774.24,50401.9351,1774.24,1774.24,,0.0,0.0,,1774.24,
2026-06-16 08:00:00,1781596800000,1774.25,1807.97,1773.25,1799.59,57224.9557,1776.6542857142856,1775.2341176470588,,2.022222222222126,1.617777777777701,,1799.59,
2026-06-16 12:00:00,1781611200000,1799.6,1839.77,1763.36,1782.44,123987.1567,1777.205306122449,1775.516701268743,,2.215447926558909,1.4488027856915868,,1782.44,
2026-06-16 16:00:00,1781625600000,1782.43,1808.44,1773.03,1795.41,48137.7978,1778.9390864917395,1776.2968306307532,,3.3762321914773565,2.0876696404880275,,1795.41,
2026-06-16 20:00:00,1781640000000,1795.41,1800.48,1789.53,1792.99,23293.0757,1780.2772687306217,1776.951464723665,,4.054154539302544,2.212473590650572,,1792.99,
2026-06-17 00:00:00,1781654400000,1793.0,1810.21,1778.99,1793.58,31174.503,1781.5441955181814,1777.6035641462663,,4.586154617635202,2.1955789351865835,,1793.58,
2026-06-17 04:00:00,1781668800000,1793.58,1801.79,1778.71,1785.08,23610.2996,1785.08,1785.08,,0.0,0.0,,1785.08,
2026-06-17 08:00:00,1781683200000,1785.09,1786.15,1759.35,1763.92,35117.6055,1783.0647619047618,1784.2501960784314,,-1.6879772079771556,-1.3503817663817244,,1763.92,
2026-06-17 12:00:00,1781697600000,1763.93,1776.94,1741.05,1773.41,82129.4721,1782.145260770975,1783.8250903498654,,-2.2341932289511988,-1.517278229884614,,1773.41,
2026-06-17 16:00:00,1781712000000,1773.42,1796.08,1729.26,1734.72,126372.9648,1777.6285692689771,1781.8994005322236,,-5.723061128814379,-4.004916903798236,,1734.72,
2026-06-17 20:00:00,1781726400000,1734.73,1751.66,1725.34,1750.6,36093.2125,1775.054419814789,1780.6719730603718,,-7.12450394347843,-4.325087774769829,,1750.6,
2026-06-18 00:00:00,1781740800000,1750.61,1762.99,1741.46,1744.17,30981.8033,1772.113046499095,1779.2405231364355,,-8.654243995497382,-4.683862261431024,,1744.17,
2026-06-18 04:00:00,1781755200000,1744.17,1753.29,1722.24,1749.79,44003.2068,1749.79,1749.79,,0.0,0.0,,1749.79,
2026-06-18 08:00:00,1781769600000,1749.8,1753.61,1739.11,1743.31,47075.973,1749.172857142857,1749.5358823529411,,-0.5169230769229216,-0.4135384615383373,,1743.31,
2026-06-18 12:00:00,1781784000000,1743.31,1753.06,1680.0,1682.23,94529.5977,1742.7973469387755,1746.8964359861593,,-5.788507560815333,-4.548098356344599,,1682.23,
2026-06-18 16:00:00,1781798400000,1682.23,1707.48,1671.79,1705.39,66020.9508,1739.234742468416,1745.2687326141531,,-8.005179078841138,-5.411815899496324,,1705.39,
2026-06-18 20:00:00,1781812800000,1705.4,1717.23,1700.19,1711.11,29869.434,1736.556195566662,1743.9291744724217,,-9.19436412482878,-5.280800756387172,,1711.11,
2026-06-19 00:00:00,1781827200000,1711.11,1719.51,1682.35,1697.69,37691.0234,1732.8546531317418,1742.1158735127187,,-11.09182404262765,-5.742608539348833,,1697.69,
2026-06-19 04:00:00,1781841600000,1697.7,1703.4,1686.0,1695.82,32582.5204,1695.82,1695.82,,0.0,0.0,,1695.82,
2026-06-19 08:00:00,1781856000000,1695.82,1699.82,1687.05,1691.74,19744.2088,1695.4314285714286,1695.66,,-0.325470085470215,-0.260376068376172,,1691.74,
2026-06-19 12:00:00,1781870400000,1691.74,1712.06,1679.11,1707.86,38540.4796,1696.6151020408165,1696.138431372549,,0.7091669710468977,0.6194087905127525,,1707.86,
2026-06-19 16:00:00,1781884800000,1707.87,1711.76,1693.7,1701.2,22445.5251,1697.0517589893102,1696.3369242599,,0.980416323349118,0.7125265142519783,,1701.2,
2026-06-19 20:00:00,1781899200000,1701.21,1715.0,1698.89,1711.19,14074.4411,1698.3982581331854,1696.919397818335,,1.9786838634909143,1.3686352435150198,,1711.19,
2026-06-20 00:00:00,1781913600000,1711.18,1718.0,1704.06,1708.17,14486.4039,1699.3289002157392,1697.3605979038905,,2.497341521852832,1.5098343215015495,,1708.17,
2026-06-20 04:00:00,1781928000000,1708.18,1733.89,1706.51,1725.82,28639.3455,1725.82,1725.82,,0.0,0.0,,1725.82,
2026-06-20 08:00:00,1781942400000,1725.81,1731.76,1721.25,1727.18,13310.0526,1725.9495238095235,1725.8733333333334,,0.1084900284899959,0.0867920227919967,,1727.18,
2026-06-20 12:00:00,1781956800000,1727.18,1749.55,1708.11,1740.63,45563.7598,1727.347664399093,1726.452026143791,,1.2651874578937168,0.994791561756574,,1740.63,
2026-06-20 16:00:00,1781971200000,1740.63,1740.91,1721.03,1729.27,23469.7503,1727.5307439801318,1726.5625349224658,,1.2508029657412862,0.7843256556833148,,1729.27,
2026-06-20 20:00:00,1781985600000,1729.27,1746.17,1726.53,1741.08,34322.509,1728.8211493153574,1727.1318472784476,,2.167387161739043,1.3607278813448571,,1741.08,
2026-06-21 00:00:00,1782000000000,1741.08,1741.45,1733.51,1737.87,11485.9288,1729.6829446186566,1727.5529513067438,,2.604740737956945,1.4384651660502072,,1737.87,
2026-06-21 04:00:00,1782014400000,1737.88,1741.41,1729.8,1732.36,19148.6555,1732.36,1732.36,,0.0,0.0,,1732.36,
2026-06-21 08:00:00,1782028800000,1732.36,1737.02,1718.56,1725.36,19610.1055,1731.6933333333332,1732.0854901960784,,-0.558404558404618,-0.4467236467236944,,1725.36,
2026-06-21 12:00:00,1782043200000,1725.37,1732.57,1717.14,1730.72,18999.8619,1731.6006349206348,1732.031941560938,,-0.5619590750075076,-0.3602225306612672,,1730.72,
2026-06-21 16:00:00,1782057600000,1730.71,1739.32,1721.67,1734.14,20185.3775,1731.8424792139076,1732.1146105193325,,-0.2855193478446836,-0.0670262427987545,,1734.14,
2026-06-21 20:00:00,1782072000000,1734.14,1735.34,1702.0,1706.94,34332.5397,1729.4708145268687,1731.1273708911235,,-2.235482304080733,-1.6135913592278432,,1706.94,
2026-06-22 00:00:00,1782086400000,1706.94,1759.84,1706.94,1730.0,48245.9908,1729.5212131433575,1731.0831602679425,,-1.8982113176091389,-1.021056298204999,,1730.0,
2026-06-22 04:00:00,1782100800000,1730.0,1751.58,1727.69,1746.34,31556.4356,1746.34,1746.34,,0.0,0.0,,1746.34,
2026-06-22 08:00:00,1782115200000,1746.34,1774.7,1743.56,1767.68,39953.9512,1748.372380952381,1747.176862745098,,1.7023361823362393,1.3618689458689914,,1767.68,
2026-06-22 12:00:00,1782129600000,1767.68,1779.9,1742.41,1744.74,64395.6052,1748.026439909297,1747.0812995001922,,1.1867040040258416,0.6769894140468751,,1744.74,
2026-06-22 16:00:00,1782144000000,1744.75,1747.7,1729.15,1734.59,49656.142,1746.7467789655543,1746.5914446178317,,-0.0404916229010723,-0.4401649703040311,,1734.59,
2026-06-22 20:00:00,1782158400000,1734.59,1740.07,1717.02,1728.19,28849.0572,1744.9794666831208,1745.869819338701,,-1.5120495457313154,-1.5293783145074191,,1728.19,
2026-06-23 00:00:00,1782172800000,1728.19,1736.25,1719.75,1729.9,18729.6756,1743.543326999014,1745.2435519136538,,-2.511337951985752,-2.0229333766094846,,1729.9,
2026-06-23 04:00:00,1782187200000,1729.91,1731.25,1680.52,1683.01,51916.6503,1683.01,1683.01,,0.0,0.0,,1683.01,
2026-06-23 08:00:00,1782201600000,1683.02,1684.8,1635.65,1660.9,71256.16,1680.9042857142858,1682.142941176471,,-1.7637606837606654,-1.4110085470085325,,1660.9,
2026-06-23 12:00:00,1782216000000,1660.9,1672.0,1645.52,1659.78,48840.9545,1678.892448979592,1681.265963091119,,-3.214869359826708,-2.289693778459659,,1659.78,
2026-06-23 16:00:00,1782230400000,1659.78,1673.89,1650.0,1662.58,38682.1168,1677.338882410107,1680.5331802248006,,-4.091779355492918,-2.533283019300696,,1662.58,
2026-06-23 20:00:00,1782244800000,1662.57,1672.92,1660.27,1667.13,18836.4548,1676.3666078948588,1680.0075653140243,,-4.36922417425717,-2.248582270451958,,1667.13,
2026-06-24 00:00:00,1782259200000,1667.13,1680.46,1658.18,1666.67,22390.5044,1675.4431214286817,1679.4845235370035,,-4.573498899223296,-1.9622855963344672,,1666.67,
2026-06-24 04:00:00,1782273600000,1666.67,1679.57,1658.22,1673.12,24404.4994,1673.12,1673.12,,0.0,0.0,,1673.12,
2026-06-24 08:00:00,1782288000000,1673.13,1693.67,1655.76,1679.57,33696.0543,1673.7342857142855,1673.3729411764705,,0.5145299145301578,0.4116239316241262,,1679.57,
2026-06-24 12:00:00,1782302400000,1679.57,1681.29,1616.8,1618.08,88400.6962,1668.4338775510205,1671.2045905420991,,-3.993397131516304,-3.277042491537868,,1618.08,
2026-06-24 16:00:00,1782316800000,1618.08,1636.08,1552.95,1584.58,135306.743,1660.4477939747326,1667.8075477757425,,-10.152104678914384,-7.548600031148759,,1584.58,
2026-06-24 20:00:00,1782331200000,1584.59,1629.82,1580.0,1622.17,51529.843,1656.8022897866629,1666.017840019831,,-11.862976920563824,-7.407577818238559,,1622.17,
2026-06-25 00:00:00,1782345600000,1622.18,1626.51,1614.69,1619.6,23937.0954,1653.2592145688857,1664.197532568073,,-13.27322751535371,-7.0542627304227565,,1619.6,
2026-06-25 04:00:00,1782360000000,1619.61,1660.54,1617.12,1657.19,63588.8033,1657.19,1657.19,,0.0,0.0,,1657.19,
2026-06-25 08:00:00,1782374400000,1657.2,1658.98,1628.05,1633.27,44025.3002,1654.911904761905,1656.2519607843135,,-1.9081481481480296,-1.5265185185184236,,1633.27,
2026-06-25 12:00:00,1782388800000,1633.28,1650.38,1532.9,1570.01,198494.0295,1646.8260090702947,1652.8699231064977,,-8.427772501846448,-6.436914297773473,,1570.01,
2026-06-25 16:00:00,1782403200000,1570.01,1587.7,1554.6,1559.42,70320.4164,1638.5016272540763,1649.2052202395762,,-14.28448363364032,-9.834900343653876,,1559.42,
2026-06-25 20:00:00,1782417600000,1559.41,1583.65,1556.73,1567.84,40305.3602,1631.7719484679735,1646.0144272890047,,-18.038607926257782,-10.871219709017067,,1567.84,
2026-06-26 00:00:00,1782432000000,1567.86,1571.78,1512.0,1557.93,83566.0007,1624.7393819472145,1642.5601360227693,,-21.56484652672748,-11.517966647589413,,1557.93,
2026-06-26 04:00:00,1782446400000,1557.93,1586.5,1543.43,1581.12,68736.4863,1581.12,1581.12,,0.0,0.0,,1581.12,
2026-06-26 08:00:00,1782460800000,1581.12,1582.43,1541.01,1545.14,70838.7025,1577.6933333333332,1579.709019607843,,-2.870199430199591,-2.2961595441596727,,1545.14,
2026-06-26 12:00:00,1782475200000,1545.15,1588.23,1521.54,1580.14,120105.8574,1577.9263492063492,1579.7259207996924,,-2.2941995600688188,-1.3761277392231204,,1580.14,
2026-06-26 16:00:00,1782489600000,1580.13,1594.7,1570.32,1574.51,54249.7168,1577.6009826152683,1579.521374885979,,-2.2658896953216754,-1.0782542995807816,,1574.51,
2026-06-26 20:00:00,1782504000000,1574.51,1583.4,1568.0,1578.68,26194.6756,1577.703746175719,1579.4883797924113,,-1.885237924419016,-0.5580820229424976,,1578.68,
2026-06-27 00:00:00,1782518400000,1578.68,1587.17,1571.55,1580.62,19128.5427,1577.9814846351744,1579.532757055454,,-1.4107644523510317,-0.0668868406996103,,1580.62,
2026-06-27 04:00:00,1782532800000,1580.62,1586.38,1575.2,1585.71,15220.2854,1585.71,1585.71,,0.0,0.0,,1585.71,
2026-06-27 08:00:00,1782547200000,1585.72,1585.95,1579.0,1584.0,13455.5916,1585.547142857143,1585.6429411764705,,-0.1364102564102722,-0.1091282051282178,,1584.0,
2026-06-27 12:00:00,1782561600000,1584.0,1611.02,1581.42,1605.68,34188.3622,1587.464557823129,1586.428708189158,,1.4877288333700562,1.2120087077216886,,1605.68,
2026-06-27 16:00:00,1782576000000,1605.68,1607.92,1573.36,1578.51,29623.6061,1586.611742792355,1586.1181706131126,,0.5758408970625624,0.2400966171313556,,1578.51,
2026-06-27 20:00:00,1782590400000,1578.51,1585.69,1562.86,1573.99,19975.9718,1585.409672050226,1585.6425560792652,,-0.5057333082729656,-0.6731820705633378,,1573.99,
2026-06-28 00:00:00,1782604800000,1574.0,1580.05,1569.07,1575.08,12159.2677,1584.4258937597283,1585.228338193804,,-1.2604055966896794,-1.1422834871840413,,1575.08,
2026-06-28 04:00:00,1782619200000,1575.08,1577.34,1562.41,1575.96,21037.2582,1575.96,1575.96,,0.0,0.0,,1575.96,
2026-06-28 08:00:00,1782633600000,1575.96,1586.35,1572.23,1582.87,23867.9303,1576.618095238095,1576.2309803921569,,0.5512250712249624,0.4409800569799699,,1582.87,
2026-06-28 12:00:00,1782648000000,1582.86,1588.82,1575.04,1580.89,23674.5553,1577.0249433106574,1576.413687043445,,0.8188660806324606,0.5668968531099745,,1580.89,
2026-06-28 16:00:00,1782662400000,1580.9,1581.94,1556.81,1564.62,26775.6987,1575.8435201382138,1575.9511895123294,,-0.2786672149102287,-0.4245091539461719,,1564.62,
2026-06-28 20:00:00,1782676800000,1564.61,1582.29,1548.37,1571.96,32666.4315,1575.4736610774314,1575.794672276552,,-0.5498552132426084,-0.5565577218228412,,1571.96,
2026-06-29 00:00:00,1782691200000,1571.96,1589.75,1550.43,1584.78,37339.7726,1576.359979070057,1576.1470380696285,,0.266619776249172,0.2079338141351513,,1584.78,
2026-06-29 04:00:00,1782705600000,1584.77,1589.08,1562.26,1580.16,24161.5922,1580.16,1580.16,,0.0,0.0,,1580.16,
2026-06-29 08:00:00,1782720000000,1580.17,1587.0,1569.85,1574.93,33233.37,1579.661904761905,1579.9549019607844,,-0.4172079772076813,-0.333766381766145,,1574.93,
2026-06-29 12:00:00,1782734400000,1574.93,1597.28,1557.35,1580.26,100601.0826,1579.718866213152,1579.9668665897732,,-0.3141406319750786,-0.1845592292268338,,1580.26,
2026-06-29 16:00:00,1782748800000,1580.26,1637.58,1574.06,1625.6,80924.4923,1584.0884980023757,1581.7564012333116,,3.3870561841699782,2.8133100695345785,,1625.6,
2026-06-29 20:00:00,1782763200000,1625.6,1626.65,1607.41,1613.07,33708.6651,1586.8486410497685,1582.984385498672,,5.248711169079115,3.739972043554972,,1613.07,
2026-06-30 00:00:00,1782777600000,1613.07,1614.41,1586.49,1587.18,34800.71,1586.8801990450288,1583.148919400685,,4.582159249346205,2.458736099057649,,1587.18,
2026-06-30 04:00:00,1782792000000,1587.18,1596.25,1579.79,1592.51,25185.0878,1592.51,1592.51,,0.0,0.0,,1592.51,
2026-06-30 08:00:00,1782806400000,1592.51,1594.28,1575.85,1578.58,33797.8662,1591.1833333333334,1591.963725490196,,-1.1112250712251353,-0.8889800569801082,,1578.58,
2026-06-30 12:00:00,1782820800000,1578.57,1578.58,1550.2,1565.18,74039.8113,1588.7068253968257,1590.9133833141102,,-3.038125339891621,-2.252704260517276,,1565.18,
2026-06-30 16:00:00,1782835200000,1565.19,1581.92,1561.84,1580.53,32530.1507,1587.9280801209372,1590.5061918115962,,-3.288681102067585,-2.002608018154591,,1580.53,
2026-06-30 20:00:00,1782849600000,1580.52,1582.98,1566.0,1572.01,21703.5782,1586.412072490372,1589.7808509562396,,-4.127165746483797,-2.272874130056642,,1572.01,
2026-07-01 00:00:00,1782864000000,1572.0,1599.19,1552.92,1594.81,49726.9569,1587.211875110337,1589.9780724873674,,-2.9182615135168817,-0.8511759176717817,,1594.81,
2026-07-01 04:00:00,1782878400000,1594.81,1604.02,1571.5,1578.36,39936.0774,1578.36,1578.36,,0.0,0.0,,1578.36,
2026-07-01 08:00:00,1782892800000,1578.36,1585.33,1567.13,1569.89,26168.9067,1577.5533333333333,1578.0278431372549,,-0.6756695156693695,-0.5405356125354956,,1569.89,
2026-07-01 12:00:00,1782907200000,1569.88,1631.0,1565.26,1620.09,94503.3823,1581.6044444444444,1579.6773394848135,,2.807218123229632,2.3538816210908045,,1620.09,
2026-07-01 16:00:00,1782921600000,1620.1,1629.26,1607.17,1618.09,41221.2114,1585.0792592592593,1581.1837183285463,,5.344440995606647,3.912883594774256,,1618.09,
2026-07-01 20:00:00,1782936000000,1618.07,1646.26,1608.35,1609.58,54979.7763,1587.41266313933,1582.2972980019365,,6.592527964043256,4.128776450568692,,1609.58,
2026-07-02 00:00:00,1782950400000,1609.59,1642.32,1597.22,1639.47,45157.4777,1592.370504745108,1584.5393647469589,,9.879632820065808,5.932705045272995,,1639.47,
2026-07-02 04:00:00,1782964800000,1639.46,1639.94,1614.32,1615.97,39835.0073,1615.97,1615.97,,0.0,0.0,,1615.97,
2026-07-02 08:00:00,1782979200000,1615.97,1657.53,1615.08,1650.32,70678.134,1619.2414285714287,1617.3170588235296,,2.740170940171083,2.1921367521368667,,1650.32,
2026-07-02 12:00:00,1782993600000,1650.31,1725.0,1647.66,1697.05,157423.2035,1626.6517687074831,1620.44384083045,,8.583550782867178,6.428413275866369,,1697.05,
2026-07-02 16:00:00,1783008000000,1697.06,1707.14,1686.49,1700.15,38353.5213,1633.6516002591516,1623.5695725625892,,13.311172588023735,8.924828064818342,,1700.15,
2026-07-02 20:00:00,1783022400000,1700.15,1706.68,1692.13,1700.57,22006.1644,1640.0247811868514,1626.589197167978,,16.89695978479267,10.00849220926982,,1700.57,
2026-07-03 00:00:00,1783036800000,1700.57,1718.97,1694.72,1706.43,34469.11,1646.3490877404847,1629.7202090437436,,19.981243659357688,10.474220867067867,,1706.43,
2026-07-03 04:00:00,1783051200000,1706.43,1722.21,1702.28,1717.77,30478.0143,1717.77,1717.77,,0.0,0.0,,1717.77,
2026-07-03 08:00:00,1783065600000,1717.77,1749.0,1715.68,1742.54,54522.5378,1720.1290476190477,1718.7413725490196,,1.9759544159544475,1.580763532763558,,1742.54,
2026-07-03 12:00:00,1783080000000,1742.54,1753.29,1728.99,1731.24,53093.4088,1721.1872335600906,1719.2315148019993,,2.6001243496398274,1.7639467731591505,,1731.24,
2026-07-03 16:00:00,1783094400000,1731.24,1753.0,1727.87,1745.38,26376.499,1723.4913065543676,1720.256945594078,,4.187492538713741,2.6810519697864508,,1745.38,
2026-07-03 20:00:00,1783108800000,1745.39,1775.78,1743.61,1758.21,45477.2981,1726.7978487872851,1721.7453006688202,,6.40691214509684,3.92037726093564,,1758.21,
2026-07-04 00:00:00,1783123200000,1758.22,1764.0,1744.09,1753.92,18698.1782,1729.3809108075436,1723.0070535837683,,7.730538194028668,4.195202647893974,,1753.92,
2026-07-04 04:00:00,1783137600000,1753.91,1764.61,1751.72,1758.19,27472.9105,1758.19,1758.19,,0.0,0.0,,1758.19,
2026-07-04 08:00:00,1783152000000,1758.18,1765.55,1755.0,1758.24,17210.9322,1758.194761904762,1758.1919607843138,,0.0039886039885459,0.0031908831908367,,1758.24,
2026-07-04 12:00:00,1783166400000,1758.23,1799.92,1758.23,1791.09,51998.9737,1761.327641723356,1759.4820799692427,,2.627580944959845,2.101426579329709,,1791.09,
2026-07-04 16:00:00,1783180800000,1791.08,1807.65,1779.0,1792.83,55311.175,1764.3278663211315,1760.7898415390764,,4.791961486234186,3.4126456964832395,,1792.83,
2026-07-04 20:00:00,1783195200000,1792.83,1795.81,1772.1,1780.64,20187.9801,1765.8814028619763,1761.568279125779,,5.460670326420768,3.2650836293358574,,1780.64,
2026-07-05 00:00:00,1783209600000,1780.64,1780.75,1757.0,1761.59,36440.4,1765.4726978275023,1761.5691309247684,,4.402699527975074,1.7656902647121302,,1761.59,
2026-07-05 04:00:00,1783224000000,1761.58,1772.69,1760.07,1770.1,97257.2223,1770.1,1770.1,,0.0,0.0,,1770.1,
2026-07-05 08:00:00,1783238400000,1770.09,1773.27,1748.79,1760.08,175998.4611,1769.145714285714,1769.7070588235297,,-0.7993162393161128,-0.6394529914528903,,1760.08,
2026-07-05 12:00:00,1783252800000,1760.08,1781.28,1756.03,1774.67,19997.987,1769.671836734694,1769.901683967705,,-0.25257749531238,-0.0741713979593259,,1774.67,
2026-07-05 16:00:00,1783267200000,1774.66,1786.23,1770.31,1781.43,18203.54,1770.7916618075803,1770.3537747925004,,0.7179167057765881,0.7170582425037137,,1781.43,
2026-07-05 20:00:00,1783281600000,1781.44,1808.0,1769.29,1785.65,41775.8087,1772.2067416354298,1770.953626761422,,1.8067322000115384,1.4446989893909312,,1785.65,
2026-07-06 00:00:00,1783296000000,1785.65,1799.02,1772.22,1779.71,28847.3588,1772.921337670151,1771.2970139472486,,2.1653570778305493,1.4426590937679538,,1779.71,
2026-07-06 04:00:00,1783310400000,1779.7,1784.79,1764.42,1772.32,26903.8566,1772.32,1772.32,,0.0,0.0,,1772.32,
2026-07-06 08:00:00,1783324800000,1772.32,1778.6,1755.77,1759.64,33338.5309,1771.112380952381,1771.8227450980391,,-1.0115099715101223,-0.8092079772080979,,1759.64,
2026-07-06 12:00:00,1783339200000,1759.64,1788.96,1728.95,1788.57,102182.4878,1772.7750113378686,1772.479500192234,,0.5153299080363922,0.5741055218707334,,1788.57,
2026-07-06 16:00:00,1783353600000,1788.57,1805.0,1782.42,1792.76,60585.2426,1774.6783435914049,1773.2748139101857,,2.0399442876462217,1.6789759211844504,,1792.76,
2026-07-06 20:00:00,1783368000000,1792.76,1833.4,1787.26,1799.56,54021.8537,1777.048025154128,1774.305605521551,,3.75364564731035,2.7141418246788627,,1799.56,
2026-07-07 00:00:00,1783382400000,1799.56,1810.16,1768.85,1771.56,37424.6442,1776.5253560918302,1774.197934716784,,2.819894340525252,1.4243124143150117,,1771.56,
2026-07-07 04:00:00,1783396800000,1771.55,1782.59,1757.57,1771.24,36953.6972,1771.24,1771.24,,0.0,0.0,,1771.24,
2026-07-07 08:00:00,1783411200000,1771.23,1785.0,1768.37,1780.77,27719.868,1772.1476190476192,1771.613725490196,,0.7602279202280897,0.6081823361824717,,1780.77,
2026-07-07 12:00:00,1783425600000,1780.77,1803.03,1761.19,1797.45,65131.7844,1774.5573696145127,1772.6269127258747,,2.6777828102046897,2.0205897809272573,,1797.45,
2026-07-07 16:00:00,1783440000000,1797.45,1813.16,1773.5,1790.45,46598.5947,1776.0709534607497,1773.3258573248602,,3.5912200281611604,2.3472215991069825,,1790.45,
2026-07-07 20:00:00,1783454400000,1790.46,1793.12,1765.35,1771.45,27708.1368,1775.6308626549635,1773.2522942925127,,2.750280868119489,1.205025951252249,,1771.45,
2026-07-08 00:00:00,1783468800000,1771.45,1785.0,1741.21,1751.78,45660.413,1773.3593519259196,1772.4102435359437,,0.4909663596181417,-0.8434308457992787,,1751.78,
2026-07-08 04:00:00,1783483200000,1751.74,1759.69,1745.01,1756.7,25382.1947,1756.7,1756.7,,0.0,0.0,,1756.7,
2026-07-08 08:00:00,1783497600000,1756.7,1758.7,1725.18,1747.95,56796.3744,1755.8666666666668,1756.3568627450982,,-0.6980056980057725,-0.558404558404618,,1747.95,
2026-07-08 12:00:00,1783512000000,1747.95,1751.25,1713.44,1722.96,52233.5971,1752.7326984126987,1755.0471818531337,,-3.2304260517366856,-2.472659929708425,,1722.96,
2026-07-08 16:00:00,1783526400000,1722.96,1746.52,1722.78,1740.98,31384.7131,1751.6133938019657,1754.4955276628143,,-3.7402092228735455,-2.385954480676228,,1740.98,
2026-07-08 20:00:00,1783540800000,1740.99,1744.81,1731.41,1743.54,13773.9331,1750.8444991541592,1754.065899127018,,-3.892772001138837,-2.030813807153216,,1743.54,
2026-07-09 00:00:00,1783555200000,1743.55,1756.79,1721.93,1730.7,27790.6064,1748.9259754251916,1753.149589357331,,-4.992212673556196,-2.504203583656459,,1730.7,
2026-07-09 04:00:00,1783569600000,1730.7,1762.36,1730.35,1753.31,37627.1459,1753.31,1753.31,,0.0,0.0,,1753.31,
2026-07-09 08:00:00,1783584000000,1753.3,1758.68,1741.26,1744.02,20219.9949,1752.425238095238,1752.94568627451,,-0.7410826210827963,-0.592866096866237,,1744.02,
2026-07-09 12:00:00,1783598400000,1744.02,1752.0,1733.36,1739.51,50758.7135,1751.195215419501,1752.418796616686,,-1.6730296020325568,-1.219850462252798,,1739.51,
2026-07-09 16:00:00,1783612800000,1739.51,1759.82,1731.99,1748.51,23935.0548,1750.9394806176438,1752.265510474855,,-1.666172910730893,-0.9703950167609072,,1748.51,
2026-07-09 20:00:00,1783627200000,1748.51,1751.08,1741.56,1745.16,13373.7417,1750.389053892154,1751.986863005253,,-1.909049600899152,-0.9706173655433332,,1745.16,
2026-07-10 00:00:00,1783641600000,1745.17,1779.68,1737.68,1776.12,45350.5313,1752.8396201881392,1752.933260534459,,0.3921615347339866,1.0644750160718446,,1776.12,
2026-07-10 04:00:00,1783656000000,1776.13,1780.33,1768.57,1773.2,23853.2993,1773.2,1773.2,,0.0,0.0,,1773.2,
2026-07-10 08:00:00,1783670400000,1773.2,1802.99,1772.63,1801.22,46227.7286,1775.8685714285714,1774.298823529412,,2.235213675213572,1.7881709401708576,,1801.22,
2026-07-10 12:00:00,1783684800000,1801.22,1812.0,1775.0,1791.11,57199.9434,1777.3201360544217,1774.958085351788,,3.154481213626468,2.165950782867003,,1791.11,
2026-07-10 16:00:00,1783699200000,1791.11,1799.53,1781.2,1792.68,26445.6486,1778.7829802397148,1775.6530623968158,,3.9639987298915,2.380374639305628,,1792.68,
2026-07-10 20:00:00,1783713600000,1792.68,1798.0,1789.6,1796.85,16528.6533,1780.5036487883133,1776.4843148518428,,4.885711898134559,2.6416702460389496,,1796.85,
2026-07-11 00:00:00,1783728000000,1796.85,1799.29,1786.77,1796.5,16451.0616,1782.027110808474,1777.2692436811824,,5.524253988374767,2.624169869023325,,1796.5,
2026-07-11 04:00:00,1783742400000,1796.5,1803.29,1794.6,1800.0,23003.1116,1800.0,1800.0,,0.0,0.0,,1800.0,
2026-07-11 08:00:00,1783756800000,1799.99,1803.52,1795.15,1800.48,13163.6509,1800.0457142857144,1800.0188235294115,,0.0382905982905867,0.0306324786324694,,1800.48,
2026-07-11 12:00:00,1783771200000,1800.47,1828.0,1798.42,1814.83,48962.5551,1801.4537414965987,1800.5996539792388,,1.212583339420917,0.9639401758102396,,1814.83,
2026-07-11 16:00:00,1783785600000,1814.82,1830.0,1810.62,1824.38,44106.5907,1803.6371946873987,1801.5322165682885,,2.880618013076628,2.1055798795727605,,1824.38,
2026-07-11 20:00:00,1783800000000,1824.38,1829.17,1786.58,1787.76,33016.4484,1802.1250809076464,1800.9921296440416,,1.2334016689255805,0.3666908283373703,,1787.76,
2026-07-12 00:00:00,1783814400000,1787.76,1813.67,1779.46,1811.53,30490.9328,1803.0207874878708,1801.4053794619224,,1.8249740298454071,0.7666105514057575,,1811.53,
2026-07-12 04:00:00,1783828800000,1811.53,1812.63,1789.44,1798.78,14481.5819,1798.78,1798.78,,0.0,0.0,,1798.78,
2026-07-12 08:00:00,1783843200000,1798.78,1808.94,1796.48,1803.77,13663.3791,1799.2552380952382,1798.9756862745098,,0.3980626780626153,0.3184501424500922,,1803.77,
2026-07-12 12:00:00,1783857600000,1803.77,1826.92,1803.0,1820.93,32674.8309,1801.3195011337868,1799.836639753941,,2.0742877087036504,1.5957401384729015,,1820.93,
2026-07-12 16:00:00,1783872000000,1820.94,1824.39,1814.85,1821.4,27234.0306,1803.231929597236,1800.6822617243747,,3.4014236989928577,2.338300903009688,,1821.4,
2026-07-12 20:00:00,1783886400000,1821.4,1824.0,1797.63,1806.8,22528.2282,1803.5717458260704,1800.9221730293011,,3.237767580854552,1.739715827897105,,1806.8,
2026-07-13 00:00:00,1783900800000,1806.8,1846.0,1775.0,1780.55,99489.3232,1801.37919860454,1800.123264283054,,0.9786322452093827,-0.4155356061984514,,1780.55,
2026-07-13 04:00:00,1783915200000,1780.54,1791.39,1773.99,1787.57,34173.7254,1787.57,1787.57,,0.0,0.0,,1787.57,
2026-07-13 08:00:00,1783929600000,1787.58,1793.56,1777.1,1780.74,24971.0007,1786.9195238095238,1787.302156862745,,-0.5448433048434254,-0.4358746438747403,,1780.74,
2026-07-13 12:00:00,1783944000000,1780.74,1786.53,1762.44,1777.01,57606.1973,1785.975759637188,1786.8985428681276,,-1.2630556570161389,-0.9232695968379632,,1777.01,
2026-07-13 16:00:00,1783958400000,1777.0,1780.73,1750.2,1774.92,49356.977,1784.922830147932,1786.428796088985,,-1.9780874923988,-1.3106411457764988,,1774.92,
2026-07-13 20:00:00,1783972800000,1774.93,1778.05,1752.59,1776.72,29434.3962,1784.1416082290814,1786.048058987457,,-2.372165568640185,-1.3637753776143071,,1776.72,
2026-07-14 00:00:00,1783987200000,1776.71,1794.47,1773.41,1783.65,25835.8415,1784.0947883977403,1785.954017458537,,-2.101062459500099,-0.8741378147793772,,1783.65,
2026-07-14 04:00:00,1784001600000,1783.64,1793.26,1779.41,1781.21,23132.8984,1781.21,1781.21,,0.0,0.0,,1781.21,
2026-07-14 08:00:00,1784016000000,1781.21,1805.0,1779.0,1798.09,47517.0909,1782.817619047619,1781.8719607843138,,1.3465527065527567,1.0772421652422053,,1798.09,
2026-07-14 12:00:00,1784030400000,1798.09,1888.8,1794.37,1875.22,193011.7605,1791.6178458049883,1785.5326682045368,,8.539019326141897,6.615767027865076,,1875.22,
2026-07-14 16:00:00,1784044800000,1875.22,1881.56,1860.56,1876.74,38959.9231,1799.7247176330848,1789.1094263141626,,14.198085545749793,9.819866597978375,,1876.74,
2026-07-14 20:00:00,1784059200000,1876.74,1896.14,1872.06,1891.87,40456.2576,1808.500458810886,1793.1392527332152,,19.67697690816908,12.239006368318131,,1891.87,
2026-07-15 00:00:00,1784073600000,1891.87,1893.32,1864.38,1876.08,35148.8223,1814.9366055908013,1796.391831057403,,22.48571541823389,12.038195902706356,,1876.08,
2026-07-15 04:00:00,1784088000000,1876.08,1891.89,1864.7,1870.04,36339.328,1870.04,1870.04,,0.0,0.0,,1870.04,
2026-07-15 08:00:00,1784102400000,1870.04,1886.59,1870.03,1884.62,35085.8935,1871.428571428572,1870.6117647058825,,1.163076923076915,0.9304615384615318,,1884.62,
2026-07-15 12:00:00,1784116800000,1884.62,1946.52,1879.25,1931.95,137284.8153,1877.192517006803,1873.0171856978088,,5.836677624369713,4.483249791803464,,1931.95,
2026-07-15 16:00:00,1784131200000,1931.96,1937.0,1904.36,1924.15,55271.775,1881.6646582442504,1875.022394101816,,8.809593528523692,5.9649325567659535,,1924.15,
2026-07-15 20:00:00,1784145600000,1924.15,1930.71,1914.89,1917.86,20670.3352,1885.11183364956,1876.7023002154704,,10.536640535726974,6.1535836511753885,,1917.86,
2026-07-16 00:00:00,1784160000000,1917.86,1929.0,1908.12,1918.7,28168.2017,1888.310706635316,1878.349268834472,,11.836672914182827,5.962892823704992,,1918.7,
2026-07-16 04:00:00,1784174400000,1918.7,1929.48,1905.0,1910.63,29157.4136,1910.63,1910.63,,0.0,0.0,,1910.63,
2026-07-16 08:00:00,1784188800000,1910.64,1912.85,1875.56,1885.26,85450.7339,1908.2138095238097,1909.635098039216,,-2.023817663817681,-1.6190541310541449,,1885.26,
2026-07-16 12:00:00,1784203200000,1885.26,1894.38,1867.68,1881.88,63993.5576,1905.7058276643995,1908.546662821992,,-3.855995974058942,-2.7609859530363243,,1881.88,
2026-07-16 16:00:00,1784217600000,1881.89,1883.0,1862.57,1875.59,33323.5741,1902.837653601123,1907.25424467211,,-5.749286718845269,-3.7234213582581215,,1875.59,
2026-07-16 20:00:00,1784232000000,1875.59,1881.59,1857.54,1864.71,31595.6054,1899.2064484962543,1905.5858429202624,,-8.035035459417713,-4.807336079064452,,1864.71,
2026-07-17 00:00:00,1784246400000,1864.71,1871.08,1843.2,1852.53,44486.8168,1894.761072448992,1903.505221629272,,-10.70592082072767,-5.982577152299527,,1852.53,
2026-07-17 04:00:00,1784260800000,1852.53,1853.08,1820.74,1828.52,45533.7226,1828.52,1828.52,,0.0,0.0,,1828.52,
2026-07-17 08:00:00,1784275200000,1828.52,1843.26,1821.41,1839.04,36870.4969,1829.5219047619048,1828.932549019608,,0.8392022792022544,0.6713618233618035,,1839.04,
2026-07-17 12:00:00,1784289600000,1839.05,1840.58,1803.05,1830.88,72970.3255,1829.6512471655328,1829.008919646289,,0.8361932127174896,0.5346822055016309,,1830.88,
2026-07-17 16:00:00,1784304000000,1830.89,1856.17,1825.32,1843.76,40978.7013,1830.9949379116729,1829.587393385651,,1.8517708020788173,1.2402078358903672,,1843.76,
2026-07-17 20:00:00,1784318400000,1843.76,1846.65,1835.27,1841.93,12187.6925,1832.0363723962755,1830.0714171744487,,2.480365542437994,1.4950420609996349,,1841.93,
2026-07-18 00:00:00,1784332800000,1841.94,1846.74,1839.38,1845.96,13627.6371,1833.3624321680584,1830.6944988538824,,3.266069506622898,1.824596820147631,,1845.96,
2026-07-18 04:00:00,1784347200000,1845.96,1849.68,1842.56,1844.2,10193.3719,1834.3945814853864,1831.2241263498088,,3.704030509826453,1.8100462586809485,,1844.2,
2026-07-18 08:00:00,1784361600000,1844.2,1849.44,1842.3,1845.56,10162.4632,1845.56,1845.56,,0.0,0.0,,1845.56,
2026-07-18 12:00:00,1784376000000,1845.56,1850.64,1837.58,1844.15,17626.3753,1845.425714285714,1845.504705882353,,-0.1124786324785418,-0.0899829059828334,,1844.15,
2026-07-18 16:00:00,1784390400000,1844.15,1867.58,1841.51,1858.45,27311.7817,1846.66612244898,1846.012364475202,,0.9414196313343836,0.7711322862640736,,1858.45,
2026-07-18 20:00:00,1784404800000,1858.45,1865.86,1855.47,1862.61,13676.294,1848.184586977648,1846.6632521428407,,2.0882468222832813,1.534367581770377,,1862.61,
2026-07-19 00:00:00,1784419200000,1862.61,1877.33,1858.17,1867.08,27387.4951,1849.984150122634,1847.4639089215527,,3.31954166622063,2.2125299405661805,,1867.08,
2026-07-19 04:00:00,1784433600000,1867.08,1871.99,1864.21,1870.25,17140.7424,1851.914231063336,1848.357481120708,,4.499279316983802,2.7138140730634825,,1870.25,
2026-07-19 08:00:00,1784448000000,1870.26,1879.38,1863.46,1871.41,21823.4567,1871.41,1871.41,,0.0,0.0,,1871.41,
2026-07-19 12:00:00,1784462400000,1871.4,1879.26,1864.47,1870.91,23743.0826,1871.362380952381,1871.390392156863,,-0.0398860398861415,-0.0319088319089132,,1870.91,
2026-07-19 16:00:00,1784476800000,1870.91,1873.85,1851.71,1862.37,27303.9993,1870.505963718821,1871.0366512879664,,-0.7519348057242041,-0.5951660781975806,,1862.37,
2026-07-19 20:00:00,1784491200000,1862.37,1877.03,1857.0,1872.23,26523.8901,1870.670157650362,1871.083449276674,,-0.5146860062443466,-0.2863338229741784,,1872.23,
2026-07-20 00:00:00,1784505600000,1872.24,1891.71,1862.08,1879.94,40327.5711,1871.552999778899,1871.4307649913144,,0.2921007854422441,0.4163623749699298,,1879.94,
2026-07-20 04:00:00,1784520000000,1879.94,1879.99,1843.14,1863.95,41366.6157,1870.828904561861,1871.137401658321,,-0.3546856402786034,-0.1843392406007341,,1863.95,
2026-07-20 08:00:00,1784534400000,1863.95,1896.5,1854.31,1893.2,44092.3265,1893.2,1893.2,,0.0,0.0,,1893.2,
2026-07-20 12:00:00,1784548800000,1893.21,1904.92,1853.65,1902.34,65138.717,1894.0704761904765,1893.558431372549,,0.7291168091167037,0.583293447293363,,1902.34,
2026-07-20 16:00:00,1784563200000,1902.34,1918.16,1890.07,1898.46,58309.8959,1894.4885260770973,1893.7506497500965,,0.982537479403618,0.6693712940642218,,1898.46,
2026-07-20 20:00:00,1784577600000,1898.46,1907.58,1894.4,1904.77,21960.5068,1895.467714069755,1894.1827811324456,,1.6732512526550636,1.0880680538525338,,1904.77,
2026-07-21 00:00:00,1784592000000,1904.77,1928.57,1900.74,1926.75,39390.3291,1898.446979396445,1895.459926970389,,3.948730690357252,2.6908379932437776,,1926.75,
2026-07-21 04:00:00,1784606400000,1926.74,1940.25,1921.81,1934.08,40556.1414,1934.08,1934.08,,0.0,0.0,,1934.08,
2026-07-21 08:00:00,1784620800000,1934.07,1953.0,1925.98,1935.69,113965.7397,1934.233333333333,1934.143137254902,,0.1284330484331803,0.1027464387465443,,1935.69,
2026-07-21 12:00:00,1784635200000,1935.69,1945.23,1923.36,1931.81,62411.1336,1934.00253968254,1934.0516416762785,,-0.0819220623207002,-0.086086937605869,,1931.81,
2026-07-21 16:00:00,1784649600000,1931.81,1935.36,1915.0,1923.39,49947.7856,1932.991821617536,1933.6335380811304,,-0.9174775244518968,-0.7373139197896525,,1923.39,
2026-07-21 20:00:00,1784664000000,1923.38,1932.0,1916.67,1930.09,20694.5485,1932.715457653961,1933.4945758034391,,-1.0271864759854452,-0.6776182970585607,,1930.09,
2026-07-22 00:00:00,1784678400000,1930.09,1944.68,1926.76,1928.77,38196.5647,1932.3396997821555,1933.309298320952,,-1.2067340992557547,-0.6857327362630962,,1928.77,
2026-07-22 04:00:00,1784692800000,1928.76,1939.4,1910.68,1914.44,47965.1374,1914.44,1914.44,,0.0,0.0,,1914.44,
2026-07-22 08:00:00,1784707200000,1914.43,1933.62,1914.08,1927.27,36444.4362,1915.661904761905,1914.943137254902,,1.0234757834759876,0.81878062678079,,1927.27,
2026-07-22 12:00:00,1784721600000,1927.26,1955.92,1913.26,1943.03,61853.0343,1918.268390022676,1916.044582852749,,3.0708887103191955,2.2929548428991984,,1943.03,
2026-07-22 16:00:00,1784736000000,1943.04,1956.45,1921.0,1925.13,41321.4528,1918.9218766871832,1916.400873721269,,3.212071046617212,1.9473097433577715,,1925.13,
2026-07-22 20:00:00,1784750400000,1925.14,1939.7,1922.95,1934.25,25360.1999,1920.3816979550704,1917.1008394576893,,4.013600557430436,2.199071403336797,,1934.25,
2026-07-23 00:00:00,1784764800000,1934.26,1941.5,1917.57,1920.55,24993.7353,1920.3977267212545,1917.2361006554272,,3.5029629883247253,1.3507470673848685,,1920.55,
2026-07-23 04:00:00,1784779200000,1920.56,1928.69,1912.6,1915.65,28351.1057,1915.65,1915.65,,0.0,0.0,,1915.65,
2026-07-23 08:00:00,1784793600000,1915.65,1931.66,1914.44,1926.04,25394.4369,1916.639523809524,1916.0574509803923,,0.828831908831944,0.6630655270655552,,1926.04,
2026-07-23 12:00:00,1784808000000,1926.03,1927.99,1882.98,1895.23,79844.2221,1914.6005215419505,1915.2406881968475,,-0.9890215176824312,-0.923830319559056,,1895.23,
2026-07-23 16:00:00,1784822400000,1895.23,1895.41,1869.44,1875.65,40349.4912,1910.8909480617644,1913.688112189128,,-3.963932076715992,-3.118992702874093,,1875.65,
2026-07-23 20:00:00,1784836800000,1875.64,1889.09,1874.23,1878.38,20856.0821,1907.7946672939768,1912.303480338574,,-6.03175166482788,-4.149449832788784,,1878.38,
2026-07-24 00:00:00,1784851200000,1878.38,1881.2,1859.67,1880.67,33554.3655,1905.211365646932,1911.0629516978456,,-7.400422263322071,-4.4144963450263806,,1880.67,
2026-07-24 04:00:00,1784865600000,1880.67,1909.8,1873.48,1895.98,34493.4821,1895.98,1895.98,,0.0,0.0,,1895.98,
2026-07-24 08:00:00,1784880000000,1895.98,1896.04,1876.71,1883.93,23099.0765,1894.8323809523808,1895.507450980392,,-0.9612535612532156,-0.7690028490025724,,1883.93,
2026-07-24 12:00:00,1784894400000,1883.93,1886.09,1848.09,1861.81,68024.0006,1891.687392290249,1894.1859823144944,,-3.4679763962953984,-2.620580547235804,,1861.81,
2026-07-24 16:00:00,1784908800000,1861.82,1866.76,1853.5,1863.83,29813.1651,1889.0343073102256,1892.9955516354944,,-5.231272333763627,-3.5071011877632263,,1863.83,
2026-07-24 20:00:00,1784923200000,1863.84,1865.82,1856.97,1861.44,11811.3463,1886.406278042585,1891.758079022338,,-6.743811631395147,-4.015712388315797,,1861.44,
2026-07-25 00:00:00,1784937600000,1861.44,1864.69,1855.93,1858.74,13999.1489,1883.7713944194816,1890.4632523940115,,-8.067381603825652,-4.271425888597042,,1858.74,
2026-07-25 04:00:00,1784952000000,1858.74,1862.96,1854.61,1856.02,12980.1958,1856.02,1856.02,,0.0,0.0,,1856.02,
2026-07-25 08:00:00,1784966400000,1856.03,1860.09,1851.22,1857.75,16027.4582,1856.184761904762,1856.0878431372548,,0.138005698005827,0.1104045584046616,,1857.75,
2026-07-25 12:00:00,1784980800000,1857.75,1872.35,1856.96,1867.88,20845.3524,1857.2985941043084,1856.550280661284,,1.0526482739589935,0.8200377074862626,,1867.88,
2026-07-25 16:00:00,1784995200000,1867.88,1877.07,1864.65,1874.76,16227.7542,1858.9615851419933,1857.264387302018,,2.3060844998601624,1.658779146709945,,1874.76,
2026-07-25 20:00:00,1785009600000,1874.77,1876.92,1867.92,1874.89,8354.5785,1860.478577033232,1857.9555877999785,,3.2722116341149103,2.0999250247717542,,1874.89,
2026-07-26 00:00:00,1785024000000,1874.88,1883.98,1873.85,1882.21,10360.017,1862.5482363634003,1858.906741219587,,4.575790310420871,2.722802960862172,,1882.21,
2026-07-26 04:00:00,1785038400000,1882.21,1889.36,1878.46,1881.56,11240.7353,1881.56,1881.56,,0.0,0.0,,1881.56,
2026-07-26 08:00:00,1785052800000,1881.57,1887.89,1878.74,1885.87,9601.9319,1881.970476190476,1881.7290196078432,,0.3438176638176173,0.2750541310540939,,1885.87,
2026-07-26 12:00:00,1785067200000,1885.87,1917.82,1881.61,1914.63,34317.9973,1885.0809070294783,1883.0192541330257,,2.903517341580028,2.267803047053203,,1914.63,
2026-07-26 16:00:00,1785081600000,1914.63,1928.08,1908.75,1914.2,28406.1046,1887.854153979052,1884.2420284807504,,4.841589541062376,3.3647001972284416,,1914.2,
2026-07-26 20:00:00,1785096000000,1914.21,1967.36,1911.14,1954.72,59306.9088,1894.222329790571,1887.005870501113,,9.537212038764435,6.448258155944401,,1954.72,
2026-07-27 00:00:00,1785110400000,1954.72,1955.42,1936.51,1949.64,34258.2056,1899.50020314385,1889.4621108736185,,12.702190211736024,7.690589063132791,,1949.64,
2026-07-27 04:00:00,1785124800000,1949.65,1981.24,1948.54,1964.36,69725.077,1964.36,1964.36,,0.0,0.0,,1964.36,
2026-07-27 08:00:00,1785139200000,1964.37,1972.0,1956.87,1959.67,32315.8135,1963.9133333333327,1964.1760784313724,,-0.3741310541311122,-0.2993048433048898,,1959.67,
2026-07-27 12:00:00,1785153600000,1959.67,1977.99,1919.09,1927.75,99494.5419,1960.4692063492064,1962.747604767397,,-3.209314859457436,-2.5075909189049708,,1927.75,
2026-07-27 16:00:00,1785168000000,1927.74,1955.41,1922.65,1948.31,37420.9366,1959.311186696901,1962.181424188284,,-3.753925363807639,-2.441761138604139,,1948.31,
2026-07-27 20:00:00,1785182400000,1948.32,1950.54,1882.49,1892.53,69236.9054,1952.9510736781483,1959.449995788743,,-8.587521338853321,-5.820285690919857,,1892.53,
2026-07-28 00:00:00,1785196800000,1892.53,1894.45,1866.31,1881.38,49994.7712,1946.134780946896,1956.38842732644,,-13.166121930825284,-8.319109026313456,,1881.38,
2026-07-28 04:00:00,1785211200000,1881.37,1889.66,1876.48,1883.83,33258.9851,1883.83,1883.83,,0.0,0.0,,1883.83,
2026-07-28 08:00:00,1785225600000,1883.84,1885.85,1872.0,1876.68,30340.5886,1883.1490476190477,1883.5496078431368,,-0.5703703703702558,-0.4562962962962046,,1876.68,
2026-07-28 12:00:00,1785240000000,1876.69,1924.41,1856.88,1920.02,94750.9591,1886.660566893424,1884.979819300269,,2.446580141394861,2.0485233723751297,,1920.02,
2026-07-28 16:00:00,1785254400000,1920.02,1928.95,1892.71,1922.23,51764.2341,1890.0481319511928,1886.4406107002587,,4.9587028484318125,3.648516863529665,,1922.23,
2026-07-28 20:00:00,1785268800000,1922.24,1929.67,1904.06,1922.23,29115.6248,1893.1130717653648,1887.844116162994,,6.870380720344656,4.448155788354006,,1922.23,
2026-07-29 00:00:00,1785283200000,1922.22,1928.51,1891.17,1892.7,33714.362,1893.073731597235,1888.034542980132,,5.934169586141252,2.8095557233204813,,1892.7,
2026-07-29 04:00:00,1785297600000,1892.70000000,1925.68,1884.51,1924.71,38986.3337,1924.71,1924.71,,0.0,0.0,,1924.71,
2026-07-29 08:00:00,1785312000000,1924.71000000,1925.35,1910.0,1915.26,29525.7793,1923.8100000000002,1924.3394117647058,,-0.7538461538463253,-0.6030769230770602,,1915.26,
2026-07-29 12:00:00,1785326400000,1915.26000000,1915.27,1887.31,1892.11,63204.2808,1920.7909523809526,1923.0755132641293,,-3.1825991672146756,-2.4254639491563283,,1892.11,
2026-07-29 16:00:00,1785340800000,1892.11000000,1935.68,1883.7,1888.56,84957.6996,1917.721337868481,1921.7219637243595,,-5.332390284044777,-3.660204052789144,,1888.56,
2026-07-29 20:00:00,1785355200000,1888.57000000,1913.17,1872.0,1910.72,48173.8886,1917.0545437857686,1921.2905141665417,,-5.1881822954187555,-2.8127968513304973,,1910.72,
2026-07-30 00:00:00,1785369600000,1910.72000000,1921.92,1893.99,1909.99,32801.6055,1916.3817300918859,1920.847356748246,,-5.0743078622165285,-2.159137934502616,,1909.99,
2026-07-30 04:00:00,1785384000000,1910.00000000,1910.93,1899.59,1903.25,29121.0648,1915.131089130754,1920.1572643267464,,-5.464926948884795,-2.0398056169367056,,1903.25,
2026-07-30 08:00:00,1785398400000,1903.26000000,1926.44,1900.51,1923.22,28871.2305,1915.9014615944916,1920.2773716080505,,-4.115640741016705,-0.5524155272548921,,1923.22,
2026-07-30 12:00:00,1785412800000,1923.25000000,1936.99,1913.49,1918.9,41797.7412,1916.1870366807304,1920.223357035186,,-3.356221168002776,0.16560323660722975,,1918.9,
2026-07-30 16:00:00,1785427200000,1918.90000000,1929.34,1914.81,1923.68,22085.9616,1916.9006522349466,1920.3589116612573,,-2.3416762470601498,0.9441185260398846,,1923.68,
2026-07-30 20:00:00,1785441600000,1923.69000000,1936.79,1916.0,1918.31,21854.0782,1917.0348758316184,1920.2785621843452,,-1.9484951694321353,1.0698396829343197,,1923.8065000000001,
2026-07-31 00:00:00,1785456000000,1918.32000000,1936.15,1899.09,1908.9,38957.0846,1916.2601257524166,1919.8323440594688,,-2.3688975140892126,0.5195498706217943,,1923.8065000000001,
2026-07-31 04:00:00,1785470400000,1908.90000000,1911.16,1884.53,1890.2,28568.9525,1913.778209014091,1918.6702913512545,,-4.163014479115645,-1.0196536755237107,,1889.4454999999998,
2026-07-31 08:00:00,1785484800000,1890.20000000,1893.33,1877.93,1884.26,35603.552,1910.9669510127492,1917.3208681610095,34.93706710359724,-5.995066067337348,-2.2813642109963306,,1889.3165,
2026-07-31 12:00:00,1785499200000,1884.27000000,1890.61,1848.7,1862.94,90384.1136,1906.3929556782016,1915.1882850958718,30.149752554791476,-9.062855020304823,-4.2793225311710446,,1889.192,
2026-07-31 16:00:00,1785513600000,1862.93000000,1878.14,1860.83,1868.19,30789.9529,1902.7545789469443,1913.345215092112,34.45405905277764,-10.94430955587427,-4.928621653392392,,1889.192,
2026-07-31 20:00:00,1785528000000,1868.19000000,1870.73,1858.8,1862.6,18601.1309,1898.9303333329497,1911.3552066571274,38.97481879997013,-12.73958807170925,-5.379120135381897,,1888.9969999999998,
2026-08-01 00:00:00,1785542400000,1862.60000000,1870.0,1862.38,1869.88,10623.0492,1896.163634920288,1909.728727964691,43.210235533585426,-13.42022408187404,-4.847804916437349,,1888.9969999999998,
2026-08-01 04:00:00,1785556800000,1869.88000000,1871.98,1865.34,1869.8,9060.1323,1893.6528125469272,1908.1628954954874,32.28264634568761,-13.80693065300693,-4.187609190056191,,1888.9969999999998,
2026-08-01 08:00:00,1785571200000,1869.81000000,1870.74,1863.1,1866.9,16655.0267,1891.104925637696,1906.5447427309587,31.687207819804584,-14.183900979074224,-3.6516636128987887,0.46223988389896015,1888.9969999999998,
2026-08-01 12:00:00,1785585600000,1866.90000000,1875.45,1866.89,1870.09,11065.9213,1889.1035041483917,1905.1151449768033,35.468886941279564,-14.063135268966562,-2.8247183222329006,0.3195000842657149,1888.9969999999998,
2026-08-01 16:00:00,1785600000000,1870.10000000,1873.6,1822.06,1837.3,44182.6507,1884.1698370866402,1902.4557275267325,16.15190671289001,-16.423981105560642,-4.148451327061583,1.249228280428576,1909.413,
2026-08-01 20:00:00,1785614400000,1837.29000000,1849.26,1833.07,1844.94,17300.2076,1880.4336621260077,1900.2002088001939,21.606265356265396,-17.477020081746332,-4.161192242597817,0.5230954922509766,1909.413,
2026-08-02 00:00:00,1785628800000,1844.95000000,1884.69,1843.67,1877.43,34093.4142,1880.147599066388,1899.3072594354803,35.3592909148465,-15.511087426828908,-1.7562076701443132,1.116735348612889,1909.413,
2026-08-02 04:00:00,1785643200000,1877.44000000,1882.68,1875.0,1876.1,14739.7545,1879.7621134410176,1898.3971708301674,36.28744071210449,-13.900159136773254,-0.11622350407092696,0.5107713874065888,1909.413,
2026-08-02 08:00:00,1785657600000,1876.10000000,1879.0,1849.5,1852.58,18008.2763,1877.1733407323493,1896.600419032906,33.24009046542078,-14.35586877690912,-0.4575465153654328,0.6404499170162414,1909.413,
2026-08-02 12:00:00,1785672000000,1852.65000000,1863.05,1852.41,1858.82,11578.9503,1875.4254035197446,1895.1188339727923,39.91385960401131,-14.05152882229254,-0.12256524859908069,0.4250550713399935,1909.413,
2026-08-02 16:00:00,1785686400000,1858.82000000,1887.2,1856.03,1882.2,20887.7913,1876.0706031845307,1894.6122130326828,49.40462427745666,-11.787883230244915,1.7128642747588358,0.7781789419675673,1909.413,
2026-08-02 20:00:00,1785700800000,1882.20000000,1898.5,1876.39,1885.36,24346.8766,1876.9553076431466,1894.2493811490483,57.239731335572145,-9.627957102797382,3.0982323217650958,0.9375237482535449,1909.413,
2026-08-03 00:00:00,1785715200000,1885.36000000,1885.95,1851.05,1857.22,18147.86,1875.0757545342756,1892.797248554968,46.9138580993642,-10.070773303768192,2.124332896635428,0.7041576527310395,1909.413,
2026-08-03 04:00:00,1785729600000,1857.21000000,1863.14,1840.0,1843.97,27490.3091,1872.1133017214875,1890.882454493989,44.975457144398334,-11.359922483403352,0.6681469736002157,1.055118023040811,1909.413,
2026-08-03 08:00:00,1785744000000,1843.96000000,1854.46,1828.62,1839.89,35874.1709,1869.0444158432506,1888.8827503961857,41.76958120643283,-12.565951926326534,-0.4303059754583707,1.3850975272768051,1909.413,
2026-08-03 12:00:00,1785758400000,1839.88000000,1874.35,1836.75,1863.34,50189.096,1868.5011381438935,1887.8810739100606,48.42868262307841,-11.496989787006214,0.5109249310895603,1.8601567027640744,1861.3375,
2026-08-03 16:00:00,1785772800000,1863.34000000,1876.5,1861.68,1870.2,22864.1244,1868.6629345111417,1887.1876984626072,50.78751431844214,-9.981227543527439,1.6213497396546703,0.8679017048240425,1861.3375,
2026-08-03 20:00:00,1785787200000,1870.20000000,1875.99,1852.45,1860.5,21041.4495,1867.8855121767472,1886.141122052309,47.780400870249515,-9.453707523211506,1.7190958079764833,0.9197640794469066,1861.3375,
2026-08-04 00:00:00,1785801600000,1860.50000000,1872.5,1848.38,1864.19,28858.3202,1867.5335586361045,1885.280293736532,57.19253196383676,-8.638314828967395,2.0275908017764763,1.266803382286238,1861.3375,
2026-08-04 04:00:00,1785816000000,1864.20000000,1882.44,1853.54,1863.87,32818.8903,1867.1846482898088,1884.440674374315,55.26975112744274,-7.926559130298074,2.1914772003566387,1.397064927944768,1861.3375,
2026-08-04 08:00:00,1785830400000,1863.88000000,1874.78,1853.48,1872.89,25509.3329,1867.7280151193509,1883.987706751793,48.54617650826183,-6.559040458915661,2.8471966973912437,1.052555071313852,1861.3375,
2026-08-04 12:00:00,1785844800000,1872.88000000,1882.0,1858.72,1873.07,45183.7663,1868.2367755841744,1883.5595613889777,49.02251758177948,-5.39851682226049,3.2061762672371312,1.7350471125317588,1861.3375,
2026-08-04 16:00:00,1785859200000,1873.08000000,1881.81,1865.65,1875.26,35711.2303,1868.9056540999675,1883.2340883933316,58.48421367649261,-4.2530522428612585,3.4813126773090906,1.322901777571203,1861.3375,
2026-08-04 20:00:00,1785873600000,1875.26000000,1881.28,1866.17,1869.75,17173.0052,1868.9860679952085,1882.705300613201,54.111186338674514,-3.746684811789237,3.1901440867048896,0.6290484125346869,1861.3375,
2026-08-05 00:00:00,1785888000000,1869.74000000,1878.0,1861.34,1867.75,24714.244,1868.86834723376,1882.1188182362127,43.52308381891526,-3.4668050887351,2.776019047807222,0.9387572894679809,1861.3375,
2026-08-05 04:00:00,1785902400000,1867.75000000,1877.69,1863.53,1872.2,30830.3471,1869.1856474972114,1881.7298449720477,44.16873449131521,-2.8530325981516853,2.711833230712509,1.1417352908664578,1861.3375,
2026-08-05 08:00:00,1785916800000,1872.20000000,1876.06,1866.16,1868.92,25524.9464,1869.1603477355723,1881.2274981103988,56.649238463287126,-2.601295944866706,2.370855907197991,0.9605002816467436,1861.3375,
2026-08-05 12:00:00,1785931200000,1868.92000000,1885.29,1855.5,1873.91,59791.2603,1869.6126955702798,1880.9405374001872,68.77822378324132,-1.9763592969100046,2.396634044123754,2.074125639779994,1874.449,
2026-08-05 16:00:00,1785945600000,1873.91000000,1928.0,1873.4,1917.03,74497.6757,1874.1286293254911,1882.3558104433173,82.47726507241484,1.975558125812995,5.078841173477404,2.3536719122778864,1874.449,
2026-08-05 20:00:00,1785960000000,1917.02000000,1924.56,1904.34,1908.9,22971.8534,1877.4401884373492,1883.3967590533832,72.02242846094356,4.400729233350376,6.003209824811828,0.7129393847464756,1874.449,
2026-08-06 00:00:00,1785974400000,1908.91000000,1914.02,1895.1,1899.03,25020.7657,1879.4963609671254,1884.0098273257997,63.541568811648595,5.4632908790465535,5.652617176406404,0.771579624152626,1874.449,
2026-08-06 04:00:00,1785988800000,1899.04000000,1918.7,1895.73,1909.33,24898.2449,1882.3376599226372,1885.0027752738079,72.80709948622132,7.055174893434923,5.795600952635819,0.7671491938849033,1874.449,
2026-08-06 08:00:00,1786003200000,1909.33000000,1920.51,1897.0,1907.77,29967.732,1884.7597875490526,1885.8956076160114,70.76820434616846,8.097532170879504,5.470366584064319,0.9068342284879624,1909.413,
2026-08-06 12:00:00,1786017600000,1907.77000000,1919.68,1892.04,1910.69,52988.6573,1887.2293315919999,1886.867936729109,71.77269345238103,9.054848759522656,5.142146538165977,1.5438930637383654,1909.413,
2026-08-06 16:00:00,1786032000000,1910.70000000,1918.47,1903.08,1910.06,31420.4318,1889.4036809641905,1887.777429406399,68.74810854433566,9.651437553935011,4.5909882660626655,0.9214535601052891,1909.413,
2026-08-06 20:00:00,1786046400000,1910.07000000,1910.85,1898.94,1904.1,13233.8818,1890.8033303961724,1888.4175302139913,64.78886664760267,9.533420939256075,3.5783773211069834,0.410340098835314,1909.413,
2026-08-07 00:00:00,1786060800000,1904.10000000,1908.61,1896.16,1897.43,18311.79,1891.4344417870132,1888.7709604016782,60.13346741018379,8.800235033860645,2.2761531325692426,0.5718254464114844,1909.413,
2026-08-07 04:00:00,1786075200000,1897.43000000,1907.58,1894.35,1902.36,20808.7949,1892.474971140631,1889.3038639153378,64.98483595257787,8.518790406740436,1.5957668043592266,0.6500359823640772,1909.413,
2026-08-07 08:00:00,1786089600000,1902.35000000,1921.0,1901.91,1916.33,52531.1399,1894.7468786510472,1890.3637123892463,70.1109455207816,9.315621078862705,1.914077981185196,1.582482532983981,1909.413,
2026-08-07 12:00:00,1786104000000,1916.33000000,1943.02,1910.53,1917.88,71735.7862,1896.9500330652331,1891.4427824916288,69.37563624024436,9.957404413672748,2.0446890527961905,2.041355894440915,1909.413,
2026-08-07 16:00:00,1786118400000,1917.87000000,1925.0,1905.4,1918.85,31875.2905,1899.0357442018776,1892.5175753350943,71.60162671973694,10.424130337940596,2.0091319816512314,0.8989199672601468,1918.1545,
2026-08-07 20:00:00,1786132800000,1918.84000000,1922.81,1912.72,1914.18,15013.7275,1900.4780542778892,1893.3670821846983,67.47071583514105,10.298469676464492,1.506777056140102,0.4422170098959217,1918.1545,
2026-08-08 00:00:00,1786147200000,1914.19000000,1919.02,1912.27,1918.08,9031.6185,1902.1544300609476,1894.3362162166711,50.69051690122318,10.393767224579051,1.2816596834037277,0.2768986105899803,1918.1545,
2026-08-08 04:00:00,1786161600000,1918.09000000,1919.58,1914.0,1915.11,6631.8429,1903.3882938646668,1895.1508744042526,54.38126146465347,10.113059979089712,0.8007619503315109,0.206663838633147,1918.1545,
2026-08-08 08:00:00,1786176000000,1915.11000000,1923.57,1914.58,1920.99,9718.3909,1905.0646468299367,1896.164173447223,66.41746411483265,10.246943932292197,0.7477167228271959,0.3100933671393429,1918.1545,
2026-08-08 12:00:00,1786190400000,1920.99000000,1926.72,1918.61,1922.62,12362.8962,1906.7365852270855,1897.2016568414497,61.415564336024794,10.365092967623923,0.692692606527137,0.4064491146221553,1918.1545,
2026-08-08 16:00:00,1786204800000,1922.63000000,1926.45,1919.67,1920.41,10727.5528,1908.0388152054581,1898.1117879457065,60.737342847434775,10.163242861771323,0.3926740005396283,0.3614774017473658,1918.1545,
2026-08-08 20:00:00,1786219200000,1920.41000000,1922.73,1914.69,1916.74,8400.0918,1908.867499471605,1898.842306065483,55.07465190404295,9.596514227707303,-0.1392437068195136,0.30988177575582965,1918.1545,
2026-08-09 00:00:00,1786233600000,1916.75000000,1920.21,1912.36,1914.04,8345.453,1909.3601185695475,1899.438294062915,53.22632944228279,8.827749466230216,-0.7264067746372795,0.35065227509859737,1918.1545,
2026-08-09 04:00:00,1786248000000,1914.04000000,1919.79,1912.83,1918.97,12115.5126,1910.2753453724476,1900.2042433153497,62.25886232481472,8.518116112181588,-0.8288321029487271,0.5209409204782196,1918.1545,
2026-08-09 08:00:00,1786262400000,1918.97000000,1925.0,1913.39,1919.23,13796.1907,1911.1281696226906,1900.95035142063,70.09587020648979,8.199194069981786,-0.9182033161188237,0.6078754790515017,1918.1545,
2026-08-09 12:00:00,1786276800000,1919.23000000,1927.36,1916.51,1926.56,15481.1061,1912.597867753863,1901.954651364919,71.36299435028266,8.440617608771163,-0.5414238218635568,0.6965660147702201,1910.9395,
2026-08-09 16:00:00,1786291200000,1926.57000000,1926.95,1920.15,1922.04,7930.0424,1913.4971184439712,1902.7423120957064,56.05001059546523,8.173007929945015,-0.6472268005517634,0.3754219896357772,1910.9395,
2026-08-09 20:00:00,1786305600000,1922.04000000,1938.22,1907.56,1910.65,30187.0205,1913.2259643064501,1903.052417503718,43.6612309310888,6.961598547047743,-1.486908946759229,1.510640503957577,1910.9395,
2026-08-10 00:00:00,1786320000000,1910.65000000,1931.57,1906.17,1917.44,31514.3795,1913.627301039169,1903.616636425141,48.8782816229118,6.474806596948156,-1.5789607174870532,1.5766945204414171,1910.9395,
2026-08-10 04:00:00,1786334400000,1917.44000000,1930.84,1912.6,1925.26,26021.2411,1914.7351771306767,1904.4653957810178,58.3939393939394,6.643447586505999,-1.128255782343368,1.2615140071746958,1910.9395,
2026-08-10 08:00:00,1786348800000,1925.26000000,1929.74,1914.68,1920.42,20574.1569,1915.276588832517,1905.0910665347035,51.747833881087665,6.313768047424446,-1.166348257139937,0.9919983630252133,1910.9395,
2026-08-10 12:00:00,1786363200000,1920.42000000,1923.34,1871.37,1877.0,72727.0989,1911.6311994198963,1903.989456082362,32.25626222180834,2.51981663592278,-3.9682397349132827,3.1165158949896816,1910.9395,
2026-08-10 16:00:00,1786377600000,1876.99000000,1880.47,1867.96,1878.51,41521.4818,1908.4767994751444,1902.9902617261912,29.382644146767518,-0.3609124373156192,-5.479175046521346,1.8222730046343893,1910.9395,
2026-08-10 20:00:00,1786392000000,1878.52000000,1881.31,1870.12,1873.16,17450.6639,1905.113294763226,1901.8204475408504,26.83155330710136,-3.04056156948468,-6.527059342952326,0.8694341870440783,1910.9395,
2026-08-11 00:00:00,1786406400000,1873.16000000,1881.78,1871.0,1881.03,19177.0692,1902.8196476429187,1901.0051358725818,32.482206405693844,-4.477545230648502,-6.3712344032929185,0.9866586420983814,1910.9395,
2026-08-11 04:00:00,1786420800000,1881.02000000,1882.18,1870.29,1877.95,28590.5126,1900.4511097721643,1900.1010128971866,32.65360880064388,-5.798058979644111,-6.153398521830821,1.4213375802947472,1910.9395,
2026-08-11 08:00:00,1786435200000,1877.95000000,1895.6,1875.75,1892.97,33281.4942,1899.7386231271964,1899.821365332591,41.51292999274952,-5.5683981393453905,-4.738990145225681,1.5604813810788003,1910.9395,
2026-08-11 12:00:00,1786449600000,1892.96000000,1897.8,1853.62,1862.74,55998.9156,1896.21494473413,1898.3671941430778,31.185170313859246,-7.736516875415191,-5.5256871050363845,2.3532848413198693,1910.9395,
2026-08-11 16:00:00,1786464000000,1862.75000000,1884.83,1859.78,1881.9,32745.3142,1894.851616664213,1897.7214218237414,38.91166161706171,-7.818586917915582,-4.486205718029421,1.3125737138152664,1910.9395,
2026-08-11 20:00:00,1786478400000,1881.90000000,1887.64,1878.92,1882.59,23507.2108,1893.6838436485737,1897.1280327326142,36.40299338239836,-7.738743368103087,-3.525089734573541,0.9216842201630405,1910.9395,
2026-08-12 00:00:00,1786492800000,1882.58000000,1887.91,1880.65,1886.62,14610.5113,1893.011096634424,1896.7159530176098,39.013647642679835,-7.266515591263442,-2.4422895661871165,0.568529520774086,1910.9395,
2026-08-12 04:00:00,1786507200000,1886.63000000,1893.37,1885.38,1891.69,18465.3367,1892.8852779073359,1896.518856820841,43.87913223140494,-6.409282824893353,-1.2680454398536218,0.7047290898268989,1910.9395,
2026-08-12 08:00:00,1786521600000,1891.70000000,1915.99,1890.0,1915.57,37910.3654,1895.0457276304467,1897.2659604749256,49.45630051753209,-3.7596641865702622,1.1052585587755752,1.3695802112230133,1910.9395,
2026-08-12 12:00:00,1786536000000,1915.58000000,1925.0,1884.54,1892.75,57450.0197,1894.8270869037376,1897.0888639857128,41.30609188639887,-3.4613058324814574,1.1228935302915044,1.9183893908100895,1910.9395,
2026-08-12 16:00:00,1786550400000,1892.75000000,1895.77,1877.98,1879.38,21607.7313,1893.3559357700483,1896.3943987313712,39.50383631713552,-4.254656913095914,0.2636339597416386,0.7122429914437478,1910.9395,
2026-08-12 20:00:00,1786564800000,1879.37000000,1889.47,1873.29,1879.81,21212.0331,1892.0658466490913,1895.7440301536706,50.92125106550389,-4.793440159581678,-0.22011942939530016,0.6926574936551533,1910.9395,
2026-08-13 00:00:00,1786579200000,1879.80000000,1888.89,1873.17,1887.52,25035.367,1891.6329088729874,1895.4215191672522,52.83851049083234,-4.545894952018443,0.021940622534348364,0.7952937487387196,1910.9395,
2026-08-13 04:00:00,1786593600000,1887.52000000,1900.0,1885.46,1895.57,19776.3548,1892.0078699327028,1895.427341945007,56.94194907378723,-3.65797896373374,0.7278852886552416,0.6387946115424027,1910.9395,
2026-08-13 08:00:00,1786608000000,1895.57000000,1897.0,1875.49,1880.39,29407.9344,1890.9014061295884,1894.837642260889,49.810336652441954,-4.131572090134796,0.20343372980334884,0.9531461798296309,1910.9395,
2026-08-13 12:00:00,1786622400000,1880.40000000,1897.36,1879.17,1880.01,32932.5387,1889.864129355342,1894.2561660937954,50.620407179857835,-4.485850783581554,-0.12067597091472759,1.0555603484725222,1910.9395,
2026-08-13 16:00:00,1786636800000,1880.01000000,1892.73,1863.67,1887.41,36684.7871,1889.6304027500712,1893.987688992078,48.24494949494951,-4.121985363534122,0.19455155930616375,1.1462334992233103,1910.9395,
2026-08-13 20:00:00,1786651200000,1887.41000000,1893.03,1884.6,1886.15,10303.6488,1889.2989358214932,1893.6803286394475,59.04349841613233,-3.890444246818788,0.34087414081719825,0.3567317483433488,1910.9395,
2026-08-14 00:00:00,1786665600000,1886.16000000,1891.3,1882.44,1883.0,11962.548,1888.699037171827,1893.2614922222142,50.484923293951645,-3.9159838933032916,0.2522675954661562,0.43650143995965446,1910.9395,
2026-08-14 04:00:00,1786680000000,1883.00000000,1887.87,1872.28,1873.4,17126.1709,1887.2419860126056,1892.4826101742842,46.24376686013248,-4.657178956579401,-0.3911419742479625,0.6252870704327949,1875.2355,
2026-08-14 08:00:00,1786694400000,1873.40000000,1881.19,1869.32,1878.2,20502.692,1886.3808444875956,1891.9225078145084,46.58001624695375,-4.801908092119675,-0.428696887830589,0.7467588094705139,1875.2355,
2026-08-14 12:00:00,1786708800000,1878.20000000,1884.71,1864.28,1881.56,31025.9906,1885.9217164411577,1891.5161349590376,45.827498146469985,-4.592543077604205,-0.1754654986520947,1.1250534439075761,1875.2355,
2026-08-14 16:00:00,1786723200000,1881.56000000,1888.42,1873.7,1880.89,19452.3476,1885.4425053515238,1891.0994237841735,32.33856182521896,-4.429621279022513,-0.010034960056321651,0.7235150835191406,1879.6985,
2026-08-14 20:00:00,1786737600000,1880.89000000,1882.67,1876.1,1882.2,8054.0243,1885.1336953180453,1890.7504267730294,43.11986435372373,-4.146994556156642,0.21807341024763893,0.328888097358363,1879.6985,
2026-08-15 00:00:00,1786752000000,1882.20000000,1886.59,1881.12,1882.68,7143.5623,1884.90001004966,1890.433939448597,52.587017873941654,-3.8400135675160527,0.4200435191105827,0.3077986177438953,1879.6985,
2026-08-15 04:00:00,1786766400000,1882.69000000,1885.69,1880.0,1880.4,7045.5038,1884.4714376639781,1890.0404516270833,50.4494895627001,-3.7376209004328302,0.4179489489550443,0.31473552858378934,1879.6985,
2026-08-15 08:00:00,1786780800000,1880.40000000,1881.69,1876.01,1879.49,8109.1911,1883.9970150293136,1889.6267084260212,43.17525072242052,-3.687397347585147,0.37453800144218174,0.3675902697677199,1879.6985,
2026-08-15 12:00:00,1786795200000,1879.49000000,1885.83,1878.19,1884.91,10373.705,1884.0839659789028,1889.4417394681382,40.51601423487554,-3.173662115609204,0.7106185867344998,0.4790260643117627,1879.6985,
2026-08-15 16:00:00,1786809600000,1884.92000000,1886.58,1882.59,1884.55,8229.5427,1884.1283501713883,1889.2499065478191,55.02658289028498,-2.7637138613190473,0.8964534728197258,0.40797296018725204,1879.6985,
2026-08-15 20:00:00,1786824000000,1884.55000000,1885.8,1881.98,1882.64,7295.586,1883.986602536018,1888.990694526336,53.064553717082404,-2.5633986893105885,0.8774149158625475,0.41301856828326894,1879.6985,
2026-08-16 00:00:00,1786838400000,1882.64000000,1885.0,1877.01,1883.3,8896.8635,1883.9212118183018,1888.767530035107,44.31849599115265,-2.324594509653707,0.8929752764155436,0.5224684069328626,1879.6985,
2026-08-16 04:00:00,1786852800000,1883.31000000,1884.56,1879.0,1881.54,6328.3527,1883.6944297403684,1888.4840974847107,43.71420779929074,-2.2514049727751626,0.7729318506352705,0.38861596008875915,1879.6985,
2026-08-16 08:00:00,1786867200000,1881.54000000,1882.52,1879.27,1880.94,7717.5866,1883.4321030984286,1888.188250524526,46.981242672919144,-2.2162689541639793,0.6464542953971635,0.5005424234844664,1879.6985,
2026-08-16 12:00:00,1786881600000,1880.94000000,1885.0,1879.32,1884.06,9132.2267,1883.49190280334,1888.0263583470937,69.28364688856743,-1.9145952193068752,0.7585024242034142,0.6134676462366944,1879.6985,
2026-08-16 16:00:00,1786896000000,1884.06000000,1892.31,1882.63,1885.83,14912.3864,1883.7145787268314,1887.9402266472077,65.50182852498995,-1.5152258234011242,0.9262974560873323,1.0530258543052171,1879.6985,
2026-08-16 20:00:00,1786910400000,1885.83000000,1887.58,1869.17,1876.0,21587.0072,1882.9798569433237,1887.4719824649642,41.05534105534099,-1.9692215864563423,0.37784135442569156,1.5879587742868018,1879.6985,
2026-08-17 00:00:00,1786924800000,1876.01000000,1908.62,1872.46,1900.92,42197.3667,1884.6884419963405,1887.9993557016323,68.10048798120376,-0.31455477304984925,1.6260065342657477,3.0423885436722595,1879.6985,
2026-08-17 04:00:00,1786939200000,1900.93000000,1912.6,1897.13,1900.93,30157.1868,1886.2352570443081,1888.5064397917645,67.33296316861014,0.9862189955513259,2.341424242293538,2.0290800969777743,1879.6985,
2026-08-17 08:00:00,1786953600000,1900.93000000,1909.49,1891.57,1904.46,23188.28,1887.9709468496121,1889.1320696038522,69.07848633496855,2.2757002217140325,2.904724374764996,1.5034110987787712,1879.6985,
2026-08-17 12:00:00,1786968000000,1904.46000000,1915.5,1896.28,1913.22,39771.8373,1890.3756185782204,1890.0766943252697,75.81812460667092,3.9588470488019993,3.67029696148237,2.402252261683897,1879.6985,
2026-08-17 16:00:00,1786982400000,1913.22000000,1914.19,1904.59,1907.25,23753.5267,1891.9827025231518,1890.7501572929061,70.22733896823092,4.756197445536827,3.5741178865737586,1.420784123257853,1879.6985,
2026-08-17 20:00:00,1786996800000,1907.24000000,1918.71,1903.59,1913.6,16659.0896,1894.0414927590423,1891.6462295559295,70.62544931703812,5.833253198585226,3.7209389116977256,1.0411762687348807,1879.6985,
2026-08-18 00:00:00,1787011200000,1913.59000000,1914.38,1885.78,1894.69,27769.4927,1894.1032553534192,1891.7655931027557,55.754824063564236,5.102134450135054,2.3918561305980433,1.691599453896521,1879.6985,
2026-08-18 04:00:00,1787025600000,1894.68000000,1906.94,1891.53,1898.84,19553.7453,1894.5543738911888,1892.0430208242165,58.966127961036065,4.802230764595379,1.673561956046694,1.150822668935012,1879.6985,
2026-08-18 08:00:00,1787040000000,1898.83000000,1905.65,1893.8,1903.11,18879.4821,1895.3691954253613,1892.4770200075804,60.54284193720068,4.853163993707312,1.3795961481269021,1.0740466328267786,1879.6985,
2026-08-18 12:00:00,1787054400000,1903.12000000,1923.27,1894.0,1917.7,42642.8623,1897.495938718184,1893.4661564778714,66.93200973965173,6.0016368769863675,2.022455225124766,2.2028813958374425,1879.6985,
2026-08-18 16:00:00,1787068800000,1917.71000000,1922.3,1910.81,1913.28,20637.1712,1898.9991826497856,1894.2431699493275,64.62025316455697,6.480450254176503,2.001014881851921,1.0326761878259372,1915.4025000000001,
2026-08-18 20:00:00,1787083200000,1913.28000000,1920.1,1910.87,1917.85,14954.1548,1900.7944985879012,1895.1689279905304,65.07809013833113,7.146296059619772,2.1334885498361515,0.7398217079753469,1915.4025000000001,
2026-08-19 00:00:00,1787097600000,1917.85000000,1919.15,1906.19,1912.15,22296.4246,1901.875974912863,1895.8348523830587,61.346783928263605,7.131829997677869,1.695217990315399,1.0659714132163285,1915.4025000000001,
2026-08-19 04:00:00,1787112000000,1912.15000000,1921.32,1906.0,1916.01,24670.0179,1903.2220725402094,1896.6260346425468,68.18471048086545,7.347142000456415,1.5284239944751556,1.1324182389672957,1915.4025000000001,
2026-08-19 08:00:00,1787126400000,1916.01000000,1929.94,1915.32,1923.06,23850.5924,1905.1113989649514,1897.662660734996,62.01432602561321,7.994498788953024,1.7406246263774117,1.0584767424596335,1915.4025000000001,
2026-08-19 12:00:00,1787140800000,1923.06000000,2115.0,1922.05,2085.83,300802.4681,1922.3226943016227,1905.0417720787218,86.26912514711657,21.39508318120602,12.112967214904325,8.073793706332808,1918.0725,
2026-08-19 16:00:00,1787155200000,2085.83000000,2108.0,2067.43,2102.02,141388.9217,1939.436723415754,1912.7664084677917,86.91882194647935,32.94180789671782,18.9277535443329,3.2177569288822747,1883.626,
2026-08-19 20:00:00,1787169600000,2102.02000000,2333.65,2102.02,2252.8,286544.92,1969.2808449952058,1926.1010591161137,91.45466087211295,53.6410160596206,31.701569365788544,4.956594417939323,1910.0125,
2026-08-20 00:00:00,1787184000000,2252.81000000,2274.25,2221.54,2251.21,108149.0214,1996.131240709948,1938.8504293468543,92.44323790720634,69.12021315523248,37.74461316912034,1.7311411020077914,1910.0125,
2026-08-20 04:00:00,1787198400000,2251.21000000,2267.3,2238.97,2251.81,74167.2094,2020.481598737572,1951.1233536861932,92.33445988233824,80.50795773834443,39.30588620178583,1.1392517007149119,1910.0125,
2026-08-20 08:00:00,1787212800000,2251.81000000,2320.0,2249.19,2296.58,148486.0702,2046.776684572089,1964.6706731494799,97.24671416143518,92.08390625516063,40.70546777488162,2.1086941789055427,1871.746,
2026-08-20 12:00:00,1787227200000,2296.59000000,2337.89,2255.68,2326.41,139238.0199,2073.4084288985564,1978.8565291044022,97.40349009955874,102.48359348337658,40.88412400247805,1.835214398210661,1873.9835,
2026-08-20 16:00:00,1787241600000,2326.40000000,2360.0,2310.44,2323.77,139596.2158,2097.252388051075,1992.3825475708963,96.80656934306572,109.25299409256695,38.12281968933473,1.7088414143790192,1873.9835,
2026-08-20 20:00:00,1787256000000,2323.78000000,2340.0,2306.67,2326.82,38984.1861,2119.1159701414485,2005.4977417838024,96.72239733223701,113.55491201609175,33.939790090287616,0.47744792281268555,1874.0140000000001,
2026-08-21 00:00:00,1787270400000,2326.83000000,2380.82,2324.99,2341.04,95789.5197,2140.251592032739,2018.6562617138495,97.7816004646799,116.76564643462416,29.720419607056016,1.1235914630955737,1875.0805,
2026-08-21 04:00:00,1787284800000,2341.05000000,2398.71,2341.05,2371.66,91308.1763,2162.290488029621,2032.4995455682083,97.90360377477994,120.39313754390605,26.678328573070317,1.026102504771416,1877.377,
2026-08-21 08:00:00,1787299200000,2371.67000000,2447.98,2357.18,2370.47,173846.0211,2182.117108217276,2045.7532888792591,98.84474379742517,121.76825864042166,22.442759735668744,1.805455988268247,1877.377,
2026-08-21 12:00:00,1787313600000,2370.48000000,2408.55,2365.44,2393.65,118459.1248,2202.2630979108685,2059.396297158504,98.89043563707827,123.30707706486646,19.185262528090817,1.1701454630336796,1879.0265,
2026-08-21 16:00:00,1787328000000,2393.64000000,2432.35,2384.0,2413.55,99585.7922,2222.3856600145955,2073.284677662092,98.91887579039754,124.69495956760966,16.458516024667205,0.9460049331100705,1880.5185000000001,
2026-08-21 20:00:00,1787342400000,2413.54000000,2546.78,2408.86,2516.3,161674.2805,2250.3775019179675,2090.6578275576962,98.7718383902472,132.55788791514215,19.457155497759757,1.4536254543361247,1888.225,
2026-08-22 00:00:00,1787356800000,2516.31000000,2528.58,2491.11,2515.06,86371.1989,2275.585358878161,2107.3010500064142,98.43793976920905,137.10875328240945,19.206416692021648,0.7542801446852788,1888.225,
2026-08-22 04:00:00,1787371200000,2515.06000000,2529.99,2385.0,2433.31,181602.88,2290.606753270717,2120.085714712045,75.25816472168577,132.59038565525498,11.750439251893724,1.4783626049459566,1888.225,
2026-08-22 08:00:00,1787385600000,2433.32000000,2441.1,2389.45,2423.93,80716.6649,2303.3042053401723,2132.0011768802,73.65249780893947,126.79109038434808,4.760915184789454,0.6418229994059115,1888.225,
2026-08-22 12:00:00,1787400000000,2423.92000000,2437.76,2405.62,2410.9,52975.6642,2313.551423879204,2142.938385629996,71.06873261819628,119.7631400680034,-1.8136281052441916,0.4165511670666796,1888.225,
2026-08-22 16:00:00,1787414400000,2410.89000000,2444.71,2409.0,2439.41,37804.4339,2325.5379549383274,2154.5647234484272,69.76666943452628,115.16639107294168,-5.128301680244732,0.29563691146902366,1888.225,
2026-08-22 20:00:00,1787428800000,2439.41000000,2443.72,2403.47,2422.6,45694.0482,2334.781959229915,2165.075910764175,63.80968788583571,108.91154338652086,-9.106519493332442,0.3969284060829317,1888.225,
2026-08-23 00:00:00,1787443200000,2422.60000000,2435.53,2408.0,2413.98,34265.1013,2342.324629779447,2174.83685544009,62.73253352152435,102.08222917765488,-12.748666961758744,0.3121737192981704,1888.225,
2026-08-23 04:00:00,1787457600000,2413.98000000,2417.02,2355.71,2389.02,76854.6755,2346.7718078956905,2183.2361944424392,58.267758400680535,93.57718551911148,-17.00296849624172,0.774132779351498,1888.225,
2026-08-23 08:00:00,1787472000000,2389.01000000,2438.31,2386.96,2433.68,52155.9669,2355.048778572291,2193.057520150579,61.39203148057057,89.40990418527736,-16.936199864060683,0.5405953139729166,1888.225,
2026-08-23 12:00:00,1787486400000,2433.67000000,2484.06,2389.85,2438.62,107861.6175,2363.0079425177873,2202.6874213211445,58.78924708600231,85.52009796434959,-16.660804867990763,1.098795746839724,1888.225,
2026-08-23 16:00:00,1787500800000,2438.61000000,2459.22,2432.81,2444.96,38550.1826,2370.8129003732365,2212.1883067595313,59.64721423576038,82.00369596260452,-16.14176549578866,0.4160090666643371,1888.225,
2026-08-23 20:00:00,1787515200000,2444.95000000,2484.62,2436.41,2463.41,69159.6584,2379.6316717662617,2222.040137867001,59.14669323962866,79.78595996736203,-14.687601192824928,0.7756562302708996,1888.225,
2026-08-24 00:00:00,1787529600000,2463.42000000,2466.98,2424.73,2430.64,54304.5378,2384.4896077885223,2230.220524617315,52.16762639202452,74.52504475778596,-15.958813121920798,0.6396430832408214,1888.225,
2026-08-24 04:00:00,1787544000000,2430.65000000,2474.09,2428.11,2454.64,59744.6572,2391.170597522949,2239.0212883578124,40.2269701388448,71.46848674734565,-15.212296905888891,0.6952209916396593,1888.225,
2026-08-24 08:00:00,1787558400000,2454.67000000,2509.0,2436.41,2494.18,85019.4974,2400.9810168064773,2249.027512343781,47.04884667571232,71.41347991013572,-12.213842994479066,0.9955711741624289,1888.225,
2026-08-24 12:00:00,1787572800000,2494.18000000,2532.95,2474.5,2487.99,153405.943,2409.267586634432,2258.3985902910836,59.827462257368786,70.06276538058273,-10.85164601922564,1.7333496151982395,1888.225,
2026-08-24 16:00:00,1787587200000,2487.99000000,2506.0,2455.0,2471.4,87122.0244,2415.1849593359148,2266.751586750257,58.31610665358615,66.88265838015695,-11.225402415721135,1.035116471757061,1888.225,
2026-08-24 20:00:00,1787601600000,2471.48000000,2489.67,2465.46,2482.31,27838.527,2421.577820351542,2275.2048578580902,62.60369232941511,64.49923940967892,-10.88705710895934,0.34957491680487635,1888.225,
2026-08-25 00:00:00,1787616000000,2482.31000000,2532.5,2472.18,2499.29,76445.2715,2428.9789803180615,2283.9925104911063,61.01707388872539,63.251384211615914,-9.707929845617883,0.9740938708092453,1888.225,
2026-08-25 04:00:00,1787630400000,2499.30000000,2515.43,2464.41,2478.94,51481.8622,2433.737172668722,2291.6375100796904,60.232473665092684,59.92954456399775,-10.423815594588831,0.705533299041818,1888.225,
2026-08-25 08:00:00,1787644800000,2478.94000000,2498.0,2462.81,2477.91,44061.7462,2437.944108605034,2298.942313605977,61.94015912741398,56.56184062852526,-11.033215624049063,0.6218733430101981,1888.225,
2026-08-25 12:00:00,1787659200000,2477.90000000,2484.0,2440.0,2482.88,77139.2453,2442.2237173093167,2306.155556209664,68.94477636040695,53.675214005251746,-11.135873797858068,1.1753644279841438,1888.225,
2026-08-25 16:00:00,1787673600000,2482.89000000,2485.6,2455.54,2463.42,42815.2812,2444.2424108989053,2312.3227892994814,56.68254538917855,49.24956392712829,-12.449219100785221,0.6717703484460745,1888.225,
2026-08-25 20:00:00,1787688000000,2463.42000000,2464.24,2414.64,2442.64,49445.5546,2444.089800337105,2317.4332681504825,50.84326229233091,43.563261855354995,-14.508416938046821,0.7779535566591425,1888.225,
2026-08-26 00:00:00,1787702400000,2442.65000000,2469.82,2435.81,2465.57,24352.4743,2446.135533638333,2323.2425517524243,54.04196901353209,40.44090824521527,-14.104616438549243,0.38724860054018195,1888.225,
2026-08-26 04:00:00,1787716800000,2465.56000000,2472.86,2451.49,2461.78,28799.394,2447.6254828156348,2328.6753928601725,49.66082650131099,37.231418570659116,-13.851284890484322,0.46419818029286797,1888.225,
2026-08-26 08:00:00,1787731200000,2461.78000000,2475.61,2442.76,2463.09,39351.7341,2449.0982939760506,2333.9465539244793,57.76947756548394,34.39707288750924,-13.348504458907364,0.6316947259909181,1888.225,
2026-08-26 12:00:00,1787745600000,2463.09000000,2472.05,2432.32,2449.85,59145.7063,2449.1698850259504,2338.4917871039115,48.79083152420862,30.728259911964415,-13.61385394756175,0.9631275660460833,1888.225,
2026-08-26 16:00:00,1787760000000,2449.85000000,2483.52,2438.1,2470.79,41493.2285,2451.228943594908,2343.6799523155228,43.483590572240544,29.174081541814758,-12.13442585416913,0.6815922560047499,1888.225,
2026-08-26 20:00:00,1787774400000,2470.79000000,2515.38,2460.29,2506.78,57440.7335,2456.5195203953926,2350.076032616875,54.48941558751861,30.49494941087869,-8.650846388084162,0.9843181228355402,1888.225,
2026-08-27 00:00:00,1787788800000,2506.78000000,2510.64,2487.03,2492.89,32845.2518,2459.9833755958316,2355.67658035739,55.201626567265244,30.074262420419927,-7.257226702834345,0.5656088021170668,1888.225,
2026-08-27 04:00:00,1787803200000,2492.89000000,2499.0,2481.74,2497.16,23675.7457,2463.524006491467,2361.2249497551393,53.71379982994043,29.7425644943296,-6.0711397031397425,0.4243237354751615,1888.225,
2026-08-27 08:00:00,1787817600000,2497.17000000,2566.53,2486.97,2501.73,112822.7152,2467.1626725398983,2366.734951725526,50.650597269624576,29.508299002442982,-5.044324156021091,1.9212915399308275,1888.225,
2026-08-27 12:00:00,1787832000000,2501.74000000,2531.84,2482.54,2521.68,73969.8404,2472.35479896467,2372.811228128447,61.42047883710972,30.57993374239004,-3.178151532859232,1.2445797377570207,1888.6285,
2026-08-27 16:00:00,1787846400000,2521.68000000,2533.78,2488.74,2498.21,67682.1421,2474.8171990632727,2377.7288270253707,54.843481580454295,29.1987936242017,-3.6474333208380614,1.1556416488620438,1888.6285,
2026-08-27 20:00:00,1787860800000,2498.22000000,2516.98,2495.06,2510.94,25918.3648,2478.2574658191515,2382.9527945930035,56.45591754095339,28.79945257862164,-3.237419493134496,0.4965932496960578,1888.6285,
2026-08-28 00:00:00,1787875200000,2510.94000000,2535.05,2486.09,2489.92,41365.0938,2479.3681833601845,2387.1475869619053,56.05354532163741,26.48157053346813,-4.444241230630407,0.8288851191049383,1888.6285,
2026-08-28 04:00:00,1787889600000,2489.91000000,2505.37,2477.49,2496.48,31145.2785,2480.997880183024,2391.4351325712423,63.153522916055884,24.887086645857835,-4.830980094592562,0.6220367936036982,1888.6285,
2026-08-28 08:00:00,1787904000000,2496.47000000,2511.51,2482.17,2505.1,34960.3259,2483.2933201655933,2395.892578352762,60.383504071447256,24.04186893737824,-4.540958242457727,0.7284071072342481,1888.6285,
2026-08-28 12:00:00,1787918400000,2505.10000000,2526.64,2468.0,2471.89,105432.4962,2482.207289673632,2398.872869397752,52.300131956135886,20.45644914939703,-6.501102424351153,2.079818743647434,1888.6285,
2026-08-28 16:00:00,1787932800000,2471.89000000,2473.95,2405.97,2435.69,122726.0,2477.777071609477,2400.3166784409773,44.62027801774914,14.526488356540995,-9.944850573765756,2.246645515148828,1888.6285,
2026-08-28 20:00:00,1787947200000,2435.68000000,2445.0,2422.36,2442.8,25453.2728,2474.445921932384,2401.982691051135,48.58166016175115,10.282143138702395,-11.351356633283487,0.4890906825864056,1888.6285,
2026-08-29 00:00:00,1787961600000,2442.79000000,2448.05,2434.56,2435.23,16909.3598,2470.711072224538,2403.2865070883454,42.43919033849296,6.235751379555495,-12.318198713944312,0.3332107887349869,1888.6285,
2026-08-29 04:00:00,1787976000000,2435.24000000,2442.03,2430.45,2436.41,14108.967,2467.444303441249,2404.585467594685,32.43823309208875,3.088569786154949,-12.372304245875888,0.2880562272272794,1888.6285,
2026-08-29 08:00:00,1787990400000,2436.40000000,2438.5,2431.2,2435.87,12520.7121,2464.4372269230344,2405.8123120027362,34.754010695187134,0.544554921967574,-11.93305528805061,0.25875485210408933,1888.6285,
2026-08-29 12:00:00,1788004800000,2435.88000000,2452.64,2432.42,2444.76,20080.5261,2462.563205311317,2407.3396723163546,36.32710573009089,-0.7456510818483366,-10.578609033493219,0.41875978432903777,1888.6285,
2026-08-29 16:00:00,1788019200000,2444.75000000,2458.9,2444.52,2453.51,29252.5713,2461.7009952816675,2409.1502734019878,37.68641470888665,-1.0499930953010335,-8.706360837556733,0.6165261125337066,1888.6285,
2026-08-29 20:00:00,1788033600000,2453.51000000,2459.76,2449.08,2457.67,10651.7892,2461.317090969128,2411.0530077783806,32.220432198211256,-0.9446201076043508,-6.880790279888041,0.23658697266865653,1888.6285,
2026-08-30 00:00:00,1788048000000,2457.67000000,2467.93,2453.08,2457.15,16603.2389,2460.9202251625443,2412.8607329635424,36.928562332866434,-0.8927795034815063,-5.4631597406121575,0.3792579603289321,1888.6285,
2026-08-30 04:00:00,1788062400000,2457.14000000,2461.52,2451.55,2455.28,16801.9985,2460.38306086135,2414.524233631639,30.964432284541743,-0.9911633093283854,-4.4492348371672295,0.40247889600780173,1888.6285,
2026-08-30 08:00:00,1788076800000,2455.28000000,2461.81,2451.79,2460.41,14786.4537,2460.385626493602,2416.3236754500062,38.67700099762093,-0.6477185610965535,-3.284632071148318,0.36202847354474493,1888.6285,
2026-08-30 12:00:00,1788091200000,2460.42000000,2484.0,2458.73,2481.11,43986.325,2462.3593763513545,2418.8643156284375,44.679820006922846,1.280025541490886,-1.085510374848703,1.0508243833101818,1888.6285,
2026-08-30 16:00:00,1788105600000,2481.11000000,2534.98,2479.28,2503.83,71498.1377,2466.3089595559873,2422.1963032508515,49.59949542731,4.588200829369725,1.778131930424109,1.7967676754585673,1888.6285,
2026-08-30 20:00:00,1788120000000,2503.82000000,2508.6,2387.28,2416.88,104621.7965,2461.6014395982743,2421.9878207704264,37.04366668236849,0.1916065297946261,-2.094769895320792,2.5316680600884154,1888.6285,
2026-08-31 00:00:00,1788134400000,2416.89000000,2441.9,2401.35,2420.94,54980.0399,2457.728921541296,2421.9467297598217,45.90618928670551,-2.931327540012262,-4.174163172102144,1.3511883575076804,1888.6285,
2026-08-31 04:00:00,1788148800000,2420.94000000,2446.6,2411.34,2440.38,37358.2116,2456.076643299268,2422.6696031025735,49.37136325852035,-3.793896084276639,-4.029385373093217,0.9053873818191531,1888.6285,
2026-08-31 08:00:00,1788163200000,2440.38000000,2458.02,2433.56,2446.35,39700.1828,2455.1502963183857,2423.598246118159,52.91282481139982,-3.950223051044759,-3.3485698718890693,0.9640907857358183,1888.6285,
2026-08-31 12:00:00,1788177600000,2446.36000000,2478.09,2437.05,2467.68,66643.6066,2456.3436014309204,2425.3269423488196,57.40889920864334,-2.3261461953670732,-1.379594412969107,1.5515182754522159,1888.6285,
2026-08-31 16:00:00,1788192000000,2467.68000000,2489.95,2461.26,2481.84,46692.0355,2458.7718298660707,2427.5431406880816,60.231471177387114,0.10236012968380237,0.839129529665415,1.072384508388532,1888.6285,
2026-08-31 20:00:00,1788206400000,2481.84000000,2487.0,2462.0,2467.65,19847.7781,2459.6173698788257,2429.115958700314,54.977168949771674,0.8719037162086352,1.2869384929521983,0.505532263360663,1888.6285,
2026-09-01 00:00:00,1788220800000,2467.64000000,2482.8,2454.66,2472.21,29497.0503,2460.8166679856045,2430.805921104223,54.14156626506021,1.8286469396548455,1.7949453731187268,0.852523230656999,1888.6285,
2026-09-01 04:00:00,1788235200000,2472.21000000,2485.5,2466.57,2472.72,27245.2378,2461.950318653642,2432.449610472685,53.38796092026468,2.5980765655494906,2.0514999992106975,0.7854075198238385,1888.6285,
2026-09-01 08:00:00,1788249600000,2472.72000000,2473.62,2443.44,2459.18,45459.2336,2461.6864787818668,2433.4978610423836,50.43167609407556,2.0911843742637757,1.235686246339986,1.258672982773872,1888.6285,
2026-09-01 12:00:00,1788264000000,2459.18000000,2459.32,2426.58,2448.97,60562.4393,2460.475385564546,2434.104611589741,48.7041524623156,0.8557425221256381,0.00019551536147865978,1.575527500679934,1888.6285,
2026-09-01 16:00:00,1788278400000,2448.97000000,2449.6,2383.34,2419.18,75337.8246,2456.5424917012556,2433.519332703869,42.311565285495824,-2.498358558862037,-2.6831244525009574,1.811862381634625,1888.6285,
2026-09-01 20:00:00,1788292800000,2419.19000000,2427.15,2400.42,2418.57,38485.8968,2452.926063920184,2432.933084362541,37.39316239316235,-5.146405177198176,-4.264936856669677,0.9055378911279146,1888.6285,
2026-09-02 00:00:00,1788307200000,2418.58000000,2424.3,2386.74,2414.42,43639.1716,2449.2588197373093,2432.2070810542064,30.518150520765218,-7.493491215185713,-5.289618315725772,1.0097003691057067,1888.6285,
2026-09-02 04:00:00,1788321600000,2414.42000000,2429.0,2405.44,2417.9,29071.5286,2446.2722654766135,2431.6460190520806,50.34931506849314,-8.969373538791842,-5.4124005114655205,0.6586073783916699,1888.6285,
2026-09-02 08:00:00,1788336000000,2417.90000000,2420.64,2356.41,2381.88,80384.9682,2440.139668764555,2429.6944104618033,39.02562373567093,-12.89686682892443,-7.4719150412784865,1.6983937306953283,1888.6285,
2026-09-02 12:00:00,1788350400000,2381.87000000,2419.72,2377.21,2390.98,69945.3728,2435.457795548883,2428.176198286831,35.2642882710893,-15.101063944226098,-7.7408897252641236,1.3992666603451105,1888.6285,
2026-09-02 16:00:00,1788364800000,2390.98000000,2404.8,2372.55,2392.99,39284.0901,2431.4132435918464,2426.796347373622,33.6979103018452,-16.49556522892999,-7.3083128079744135,0.7670869040494467,1888.6285,
2026-09-02 20:00:00,1788379200000,2393.00000000,2399.74,2377.77,2391.92,23284.515,2427.6519822973846,2425.4286474766177,23.58437935843787,-17.48549569154511,-6.638594616471627,0.4640479797205362,1888.6285,
2026-09-03 00:00:00,1788393600000,2391.91000000,2410.94,2370.14,2403.3,35691.9837,2425.33274588811,2424.5608573794952,22.07367373062135,-17.15401106035688,-5.045687988226716,0.7376411685843789,1888.6285,
2026-09-03 04:00:00,1788408000000,2403.29000000,2419.33,2379.41,2398.68,40527.8213,2422.7943891368614,2423.5459217959856,23.68561617703142,-17.067360582242145,-3.967230008089583,0.896991427533007,1888.6285,
2026-09-03 08:00:00,1788422400000,2398.68000000,2413.04,2390.0,2407.2,36726.3406,2421.309209219065,2422.9049052549667,25.92400562921246,-16.12531407565939,-2.420146801205462,0.8296126231243055,1888.6285,
2026-09-03 12:00:00,1788436800000,2407.20000000,2517.17,2405.09,2516.58,129908.0326,2430.3826178648683,2426.578438382223,58.99212727570941,-6.4780091024035755,5.781726537640283,2.6567822605997633,1888.6285,
2026-09-03 16:00:00,1788451200000,2516.58000000,2529.84,2488.38,2518.18,66639.7675,2438.7442733063094,2430.170656484881,62.71880658791069,1.2818795131379375,10.833292122545439,1.3263298968141812,1888.6285,
2026-09-03 20:00:00,1788465600000,2518.18000000,2526.19,2490.13,2507.51,41653.3552,2445.29339013428,2433.2035719168466,62.594664371772936,6.4957879211756335,12.837760424466508,0.8501687212009,1888.6285,
2026-09-04 00:00:00,1788480000000,2507.50000000,2517.2,2497.05,2505.14,35795.4686,2450.993067264348,2436.0246083122643,70.96789930724954,10.317672993898213,13.32771639775127,0.7388218052156036,1888.6285,
2026-09-04 04:00:00,1788494400000,2505.14000000,2525.0,2500.19,2504.39,51451.616,2456.0784894296485,2438.7056040647244,70.91946177847107,13.134618016756122,12.915729136487343,1.0284237870415898,1888.6285,
2026-09-04 08:00:00,1788508800000,2504.39000000,2546.66,2503.4,2523.02,79747.8369,2462.4538713887296,2442.012050964147,74.72677595628414,16.678097815100955,13.16736714786574,1.5177885713470562,1888.729,
2026-09-04 12:00:00,1788523200000,2523.03000000,2532.21,2431.61,2451.98,177564.8812,2461.4563598278983,2442.4029509263373,55.93397409109903,13.597256086566631,8.069220335465133,2.956551404111425,1888.729,
2026-09-04 16:00:00,1788537600000,2451.98000000,2464.49,2443.04,2455.84,48944.0244,2460.9214684157173,2442.9298940272656,64.50196078431374,11.336456942141467,4.646736952831974,0.8125870407000205,1888.729,
2026-09-04 20:00:00,1788552000000,2455.85000000,2458.91,2449.81,2455.85,18763.9316,2460.438471423744,2443.436564849726,63.18978488064737,9.436782889476035,2.197650320133233,0.32272360110711396,1888.729,
2026-09-05 00:00:00,1788566400000,2455.86000000,2456.58,2450.12,2452.49,13304.8356,2459.681474145292,2443.791601522286,62.03186928738978,7.572858399330926,0.26698066399049836,0.2417269078374625,1888.729,
2026-09-05 04:00:00,1788580800000,2452.50000000,2459.33,2444.47,2457.53,18419.0072,2459.4765718457406,2444.3303622469025,63.05775584126097,6.428269600507065,-0.7020865078666905,0.34085647808004316,1888.729,
2026-09-05 08:00:00,1788595200000,2457.53000000,2460.28,2453.0,2453.67,17069.4727,2458.9235650032892,2444.6966225509454,60.33400352878415,5.1503351330461555,-1.58401678026208,0.3238439606948752,1888.729,
2026-09-05 12:00:00,1788609600000,2453.67000000,2462.0,2450.0,2460.0,25028.163,2459.0260826220238,2445.296754999928,62.49286936679978,4.595368412009975,-1.7111868010386093,0.47666540892229,1888.729,
2026-09-05 16:00:00,1788624000000,2459.99000000,2485.34,2458.89,2477.57,35586.9649,2460.792169991355,2446.562372450911,63.82677722324835,5.509791996246349,-0.6374105734417883,0.7079605719691615,1888.729,
2026-09-05 20:00:00,1788638400000,2477.57000000,2493.57,2475.0,2480.34,20688.1187,2462.6538680874164,2447.886985295974,37.745164344650476,6.384399738924003,0.18975773538869145,0.4327695128523497,1888.729,
2026-09-06 00:00:00,1788652800000,2480.33000000,2514.55,2479.27,2509.68,44380.0774,2467.1325473171864,2450.310240774563,47.57972665148064,9.337389853684272,2.5141982801191674,0.9234535093350267,1888.729,
2026-09-06 04:00:00,1788667200000,2509.68000000,2523.97,2482.6,2496.79,38156.3716,2469.9570666203117,2452.132976430463,46.985715892475476,10.516314987998612,2.9544987315468063,0.7818543521659767,1888.729,
2026-09-06 08:00:00,1788681600000,2496.80000000,2504.25,2491.95,2501.93,20195.7305,2473.002107894568,2454.08580088417,49.111246469904195,11.730158725846195,3.3346739755155106,0.4205026763170952,1888.729,
2026-09-06 12:00:00,1788696000000,2501.94000000,2504.99,2460.92,2479.79,43829.4949,2473.648573809371,2455.0938086926344,43.91028814734134,10.781345030702141,1.9086882242971654,0.9094638408162944,1888.729,
2026-09-06 16:00:00,1788710400000,2479.78000000,2500.0,2475.26,2490.42,27209.246,2475.245852494193,2456.4791495282175,41.59707186307869,10.763085354669784,1.512342838611847,0.5702233740594845,1888.729,
2026-09-06 20:00:00,1788724800000,2490.42000000,2526.2,2488.55,2514.48,43919.1639,2478.9824379709366,2458.7536926839734,71.25850340136054,12.545439336642175,2.63575745646739,1.0115572969101738,2505.877,
2026-09-07 00:00:00,1788739200000,2514.48000000,2522.52,2501.97,2504.05,14393.6252,2481.3698248308474,2460.5300184610724,65.69642508302407,12.96687975742816,2.4457583018027,0.35274110437103284,2505.877,
