datetime,time,open,high,low,close,volume,EMA20,EMA50,RSI,MACD,Hist,vol_ratio,POC,fundingRate
2026-03-25 16:00:00,1774454400000,91.77,92.73,91.4,91.75,320002.539,91.75,91.75,,0.0,0.0,,,
2026-03-25 20:00:00,1774468800000,91.76,91.96,91.03,91.7,244182.976,91.7,91.7,,0.0,0.0,,,
2026-03-26 00:00:00,1774483200000,91.7,91.98,90.61,91.07,238387.623,91.64,91.67529411764708,,-0.0502564102564093,-0.0402051282051274,,,
2026-03-26 04:00:00,1774497600000,91.07,91.08,88.81,89.1,823846.485,89.1,89.1,,0.0,0.0,,,
2026-03-26 08:00:00,1774512000000,89.1,89.11,87.45,87.58,622106.806,88.95523809523809,89.04039215686275,,-0.1212535612535674,-0.0970028490028539,,,
2026-03-26 12:00:00,1774526400000,87.58,88.24,86.73,87.54,607964.695,88.82045351473923,88.98155324875049,,-0.2180618663809639,-0.1550489233042003,,,
2026-03-26 16:00:00,1774540800000,87.53,87.73,85.45,85.48,570992.644,88.50231508476406,88.844237435074,,-0.4557542779037788,-0.3141930678616122,,,
2026-03-26 20:00:00,1774555200000,85.48,87.14,85.45,86.53,702894.483,88.31447555288177,88.75348302585542,,-0.5530260615424112,-0.3291718812001956,,,
2026-03-27 00:00:00,1774569600000,86.52,87.04,86.19,86.42,234021.696,88.13404930975018,88.66197388758658,,-0.6317087859140713,-0.3262836844574845,,,
2026-03-27 04:00:00,1774584000000,86.42,86.75,85.69,85.92,436318.572,85.92,85.92,,0.0,0.0,,85.92,
2026-03-27 08:00:00,1774598400000,85.92,86.14,82.63,83.39,940535.152,85.67904761904762,85.8207843137255,,-0.201823361823358,-0.1614586894586864,,83.39,
2026-03-27 12:00:00,1774612800000,83.39,84.03,82.5,83.35,600075.642,85.45723356009071,85.72389081122645,,-0.3608379802111869,-0.2563786462772123,,83.35,
2026-03-27 16:00:00,1774627200000,83.36,83.44,81.86,82.81,428188.403,85.20511607817731,85.60962058333523,,-0.5243868922790398,-0.335942046676052,,82.81,
2026-03-27 20:00:00,1774641600000,82.81,83.14,82.38,83.11,201422.605,85.005581213589,85.51159624673386,,-0.6226159613660371,-0.3473368926104395,,83.11,
2026-03-28 00:00:00,1774656000000,83.11,83.11,82.25,82.6,167036.242,84.77647824086623,85.3974160017639,,-0.7331644803217614,-0.366308329252931,,82.6,
2026-03-28 04:00:00,1774670400000,82.6,83.67,82.38,83.62,226948.916,83.62,83.62,,0.0,0.0,,83.62,
2026-03-28 08:00:00,1774684800000,83.62,83.73,82.69,82.94,293830.464,83.5552380952381,83.59333333333333,,-0.0542450142450121,-0.0433960113960097,,82.94,
2026-03-28 12:00:00,1774699200000,82.94,84.29,82.6,83.83,587986.457,83.58140589569162,83.60261437908497,,-0.025129341482625,-0.011424270906898,,83.83,
2026-03-28 16:00:00,1774713600000,83.84,83.95,83.04,83.28,158735.499,83.55270057229241,83.58996283480712,,-0.0459061865664125,-0.0257608927925484,,83.28,
2026-03-28 20:00:00,1774728000000,83.28,83.52,81.69,82.09,232472.521,83.41339575588361,83.53114076285391,,-0.1565899690501027,-0.1091557402209909,,82.09,
2026-03-29 00:00:00,1774742400000,82.09,83.24,81.87,83.0,181670.454,83.37402473151374,83.51031171333022,,-0.1689309385851913,-0.0971973678048636,,83.0,
2026-03-29 04:00:00,1774756800000,83.01,83.04,82.23,82.45,208371.618,82.45,82.45,,0.0,0.0,,82.45,
2026-03-29 08:00:00,1774771200000,82.45,82.84,81.98,82.58,188587.206,82.46238095238095,82.45509803921568,,0.0103703703703672,0.0082962962962938,,82.58,
2026-03-29 12:00:00,1774785600000,82.59,82.65,81.36,81.81,242466.942,82.40024943310658,82.4298000768935,,-0.0430473778621944,-0.0360971615490143,,81.81,
2026-03-29 16:00:00,1774800000000,81.82,82.12,81.12,81.62,159921.606,82.32593996328691,82.39804321113297,,-0.0995650167582198,-0.0740918403560317,,81.62,
2026-03-29 20:00:00,1774814400000,81.62,82.23,78.96,81.44,643655.649,82.24156472868816,82.36047288912775,,-0.1570695484658557,-0.1052770976509341,,81.44,
2026-03-30 00:00:00,1774828800000,81.45,83.94,81.15,83.27,697702.3,82.33951094500357,82.39614061896587,,-0.0543500841517214,-0.0020461066694399,,83.27,
2026-03-30 04:00:00,1774843200000,83.27,84.26,83.26,84.02,448198.483,84.02,84.02,,0.0,0.0,,84.02,
2026-03-30 08:00:00,1774857600000,84.01,84.88,83.55,84.24,513690.869,84.04095238095238,84.02862745098038,,0.0175498575498522,0.0140398860398818,,84.24,
2026-03-30 12:00:00,1774872000000,84.25,84.99,83.65,84.51,511038.502,84.08562358276643,84.0475048058439,,0.0526382091054387,0.0393025900763746,,84.51,
2026-03-30 16:00:00,1774886400000,84.5,84.55,81.96,82.39,511840.073,83.92413562250296,83.98250461737943,,-0.0895875919163131,-0.0823385687563018,,82.39,
2026-03-30 20:00:00,1774900800000,82.38,83.68,82.14,82.54,343384.46,83.79231318226458,83.92593580885475,,-0.1880313096180543,-0.1446258291664344,,82.54,
2026-03-31 00:00:00,1774915200000,82.55,84.62,82.15,83.6,444423.076,83.77399764109653,83.91315401242908,,-0.1784583669670922,-0.1080423092123778,,83.6,
2026-03-31 04:00:00,1774929600000,83.6,83.91,82.68,83.1,414755.16,83.1,83.1,,0.0,0.0,,83.1,
2026-03-31 08:00:00,1774944000000,83.1,83.35,80.08,80.85,1334193.196,82.88571428571429,83.01176470588236,,-0.1794871794871824,-0.1435897435897459,,80.85,
2026-03-31 12:00:00,1774958400000,80.85,82.59,80.4,80.86,929630.909,82.69278911564626,82.92738177623991,,-0.317267879319175,-0.2250963547373908,,80.86,
2026-03-31 16:00:00,1774972800000,80.87,83.47,80.87,82.7,774479.722,82.6934758665371,82.91846484383835,,-0.2748195059189271,-0.1461183850697143,,82.7,
2026-03-31 20:00:00,1774987200000,82.7,83.4,82.33,83.2,375085.363,82.74171626020023,82.92950543819764,,-0.1985443472045887,-0.0558745810843007,,83.2,
2026-04-01 00:00:00,1775001600000,83.19,83.58,82.48,83.43,401305.617,82.80726709256211,82.94913267591538,,-0.1181744154801833,0.0195962805120836,,83.43,
2026-04-01 04:00:00,1775016000000,83.44,84.74,83.26,83.84,578648.401,83.84,83.84,,0.0,0.0,,83.84,
2026-04-01 08:00:00,1775030400000,83.84,84.06,83.07,83.37,412603.121,83.79523809523809,83.82156862745099,,-0.0374928774928946,-0.0299943019943157,,83.37,
2026-04-01 12:00:00,1775044800000,83.37,83.88,82.4,83.63,694205.461,83.77950113378684,83.81405613225684,,-0.0456996290614739,-0.030560842850316,,83.63,
2026-04-01 16:00:00,1775059200000,83.62,86.65,83.08,83.82,1336245.808,83.78335816866428,83.8142892251095,,-0.0364519315261873,-0.0170505162520234,,83.82,
2026-04-01 20:00:00,1775073600000,83.83,83.88,80.77,81.18,1253727.712,83.53541929545815,83.7109837653013,,-0.2393894684255855,-0.1759904425211373,,81.18,
2026-04-02 00:00:00,1775088000000,81.19,81.77,78.3,79.01,1419298.545,83.104426981605,83.52663146077967,,-0.568763442139641,-0.4042915329881543,,79.01,
2026-04-02 04:00:00,1775102400000,79.01,79.67,78.62,79.65,516514.988,79.65,79.65,,0.0,0.0,,79.65,
2026-04-02 08:00:00,1775116800000,79.64,79.64,78.2,78.31,411747.946,79.52238095238096,79.59745098039217,,-0.1068945868945832,-0.0855156695156665,,78.31,
2026-04-02 12:00:00,1775131200000,78.32,79.73,76.7,79.03,1100370.689,79.47548752834469,79.57519800076895,,-0.1319898377448254,-0.088488736292727,,79.03,
2026-04-02 16:00:00,1775145600000,79.03,79.88,78.43,78.98,499900.651,79.42829823993091,79.55185690269958,,-0.1541358053597576,-0.0885077631261274,,78.98,
2026-04-02 20:00:00,1775160000000,78.99,79.37,78.63,78.94,262191.444,79.38179364565178,79.52786251435842,,-0.1729209844841506,-0.0858343538004162,,78.94,
2026-04-03 00:00:00,1775174400000,78.95,79.79,78.85,79.0,367179.718,79.0,79.0,,0.0,0.0,,79.0,
2026-04-03 04:00:00,1775188800000,79.0,80.16,78.99,79.96,358252.999,79.96,79.96,,0.0,0.0,,79.96,
2026-04-03 08:00:00,1775203200000,79.96,80.47,79.64,80.18,386244.728,79.98095238095237,79.96862745098038,,0.0175498575498522,0.0140398860398818,,80.18,
2026-04-03 12:00:00,1775217600000,80.18,80.91,79.17,80.33,501254.565,80.01419501133786,79.98279892349096,,0.0430655595328062,0.0316444704182686,,80.33,
2026-04-03 16:00:00,1775232000000,80.33,80.67,79.87,80.21,353827.74,80.03284310549616,79.99170876962857,,0.0529930689549758,0.0332575838723505,,80.21,
2026-04-03 20:00:00,1775246400000,80.21,80.73,79.92,80.4,264079.99,80.06781042878224,80.00772019042746,,0.0753238177164519,0.0444706661070613,,80.4,
2026-04-04 00:00:00,1775260800000,80.39,80.42,80.06,80.18,206139.619,80.0784951498506,80.0144762613911,,0.0744111699629854,0.0348464146828759,,80.18,
2026-04-04 04:00:00,1775275200000,80.18,80.54,80.11,80.32,130479.24,80.32,80.32,,0.0,0.0,,80.32,
2026-04-04 08:00:00,1775289600000,80.32,80.4,79.92,80.21,146135.046,80.3095238095238,80.3156862745098,,-0.0087749287749261,-0.0070199430199409,,80.21,
2026-04-04 12:00:00,1775304000000,80.2,81.61,79.57,81.1,445163.652,80.38480725623582,80.34644367550942,,0.0554472772136449,0.0457618103749041,,81.1,
2026-04-04 16:00:00,1775318400000,81.1,81.35,80.61,80.85,331318.144,80.4291113270705,80.3661909823522,,0.0851889226210715,0.0604027646258646,,80.85,
2026-04-04 20:00:00,1775332800000,80.86,81.06,80.62,80.83,303695.066,80.46729120068284,80.38437957127957,,0.1059245260300798,0.0649106944278983,,80.83,
2026-04-05 00:00:00,1775347200000,80.84,80.85,80.37,80.55,122141.938,80.47516822918922,80.39087449005292,,0.098627069714837,0.0460905904901243,,80.55,
2026-04-05 04:00:00,1775361600000,80.55,80.58,79.41,79.6,317730.245,79.6,79.6,,0.0,0.0,,79.6,
2026-04-05 08:00:00,1775376000000,79.59,80.24,79.54,79.9,158236.781,79.62857142857142,79.61176470588235,,0.0239316239316167,0.0191452991452933,,79.9,
2026-04-05 12:00:00,1775390400000,79.91,80.33,78.52,79.6,389250.698,79.6,79.6,,0.0,0.0,,79.6,
2026-04-05 16:00:00,1775404800000,79.59,80.23,79.37,79.83,205479.261,79.62190476190476,79.60901960784312,,0.018347578347587,0.0146780626780696,,79.83,
2026-04-05 20:00:00,1775419200000,79.83,82.13,79.1,81.89,539599.635,79.83791383219953,79.69846981930027,,0.1968438567868702,0.1545394728938822,,81.89,
2026-04-06 00:00:00,1775433600000,81.89,82.97,81.66,82.11,683999.279,80.05430299103767,79.7930396303081,,0.3519979910992816,0.2477548857650349,,82.11,
2026-04-06 04:00:00,1775448000000,82.11,82.34,80.97,81.82,343134.992,81.82,81.82,,0.0,0.0,,81.82,
2026-04-06 08:00:00,1775462400000,81.83,83.2,81.71,82.45,497756.751,81.88,81.84470588235294,,0.0502564102564093,0.0402051282051274,,82.45,
2026-04-06 12:00:00,1775476800000,82.44,82.81,81.73,82.27,427565.337,81.91714285714285,81.86138408304498,,0.0746993936737538,0.0517184892979776,,82.27,
2026-04-06 16:00:00,1775491200000,82.28,82.48,81.19,81.9,348382.08,81.91551020408163,81.8628984327295,,0.0634829345998895,0.0324016241792905,,81.9,
2026-04-06 20:00:00,1775505600000,81.91,82.15,79.6,80.03,429532.125,81.73593780369289,81.79102006281853,,-0.0952021308807644,-0.1010267530410907,,80.03,
2026-04-07 00:00:00,1775520000000,80.03,80.23,79.38,79.8,361044.768,81.55156277476975,81.71294084466878,,-0.2367906906632697,-0.1940922502588767,,79.8,
2026-04-07 04:00:00,1775534400000,79.8,80.17,79.31,79.87,303809.312,79.87,79.87,,0.0,0.0,,79.87,
2026-04-07 08:00:00,1775548800000,79.87,80.59,78.95,79.21,497100.401,79.80714285714286,79.84411764705884,,-0.0526495726495852,-0.0421196581196682,,79.21,
2026-04-07 12:00:00,1775563200000,79.22,79.39,78.38,78.86,531566.964,79.71693877551022,79.80552479815458,,-0.1212194706211846,-0.088551644873014,,78.86,
2026-04-07 16:00:00,1775577600000,78.86,81.83,78.65,81.63,851596.331,79.89913508260447,79.87707284528578,,0.0474077542799307,0.064060464022481,,81.63,
2026-04-07 20:00:00,1775592000000,81.63,87.02,81.63,85.56,1767480.744,80.43826507473739,80.09993273370596,,0.492487115620932,0.4073118602907859,,85.56,
2026-04-08 00:00:00,1775606400000,85.56,85.9,84.26,84.56,580400.661,80.83081125809572,80.27483733238415,,0.7558115484023773,0.5365090344577849,,84.56,
2026-04-08 04:00:00,1775620800000,84.56,85.03,83.89,84.5,451678.961,84.5,84.5,,0.0,0.0,,84.5,
2026-04-08 08:00:00,1775635200000,84.51,84.98,84.11,84.45,393181.293,84.4952380952381,84.49803921568628,,-0.003988603988617,-0.0031908831908936,,84.45,
2026-04-08 12:00:00,1775649600000,84.46,84.98,82.51,83.34,873601.939,84.38521541950114,84.45262591311034,,-0.0956151329940553,-0.0758539297570655,,83.34,
2026-04-08 16:00:00,1775664000000,83.33,84.18,82.77,83.19,341350.333,84.27138537954865,84.40311117141974,,-0.1782784804143489,-0.1268138217418873,,83.19,
2026-04-08 20:00:00,1775678400000,83.19,83.61,82.24,82.57,312545.361,82.57,82.57,,0.0,0.0,,82.57,
2026-04-09 00:00:00,1775692800000,82.56,82.67,81.7,82.03,466965.456,82.51857142857142,82.54882352941176,,-0.0430769230769101,-0.0344615384615281,,82.03,
2026-04-09 04:00:00,1775707200000,82.02,82.48,81.74,82.29,236036.434,82.29,82.29,,0.0,0.0,,82.29,
2026-04-09 08:00:00,1775721600000,82.29,82.71,82.03,82.18,228031.465,82.27952380952382,82.28568627450981,,-0.0087749287749403,-0.0070199430199522,,82.18,
2026-04-09 12:00:00,1775736000000,82.18,83.94,81.4,83.75,526295.677,82.41956916099775,82.34311034217609,,0.1096922914586571,0.0891578217709161,,83.75,
2026-04-09 16:00:00,1775750400000,83.75,84.7,82.92,84.17,744217.355,82.58627685995035,82.41475307385545,,0.234762708548132,0.1713825910883128,,84.17,
2026-04-09 20:00:00,1775764800000,84.16,85.95,83.15,83.33,574381.242,82.65710763519317,82.45064511017485,,0.2630684460564225,0.1597506628772826,,83.33,
2026-04-10 00:00:00,1775779200000,83.33,83.79,82.62,82.9,336956.631,82.68024024136525,82.46826687056014,,0.2479453806164144,0.1157020779498196,,82.9,
2026-04-10 04:00:00,1775793600000,82.89,83.59,82.86,82.95,251334.434,82.95,82.95,,0.0,0.0,,82.95,
2026-04-10 08:00:00,1775808000000,82.95,83.74,82.7,83.52,432782.004,83.00428571428571,82.97235294117648,,0.045470085470086,0.0363760683760688,,83.52,
2026-04-10 12:00:00,1775822400000,83.52,85.58,83.36,84.24,693351.471,83.12197278911566,83.0220645905421,,0.1380125161321643,0.1031347992305177,,84.24,
2026-04-10 16:00:00,1775836800000,84.25,85.47,84.14,85.44,255382.959,85.44,85.44,,0.0,0.0,,85.44,
2026-04-10 20:00:00,1775851200000,85.45,85.67,84.65,84.83,216270.844,85.38190476190475,85.41607843137255,,-0.0486609686609824,-0.0389287749287859,,84.83,
2026-04-11 00:00:00,1775865600000,84.83,84.93,84.31,84.4,151906.978,85.28839002267573,85.37623221837755,,-0.1205331125559325,-0.0886407350589888,,84.4,
2026-04-11 04:00:00,1775880000000,84.4,84.62,83.87,84.28,195743.598,84.28,84.28,,0.0,0.0,,84.28,
2026-04-11 08:00:00,1775894400000,84.27,84.8,83.8,84.24,206226.416,84.27619047619046,84.27843137254902,,-0.0031908831908822,-0.0025527065527057,,84.24,
2026-04-11 12:00:00,1775908800000,84.24,84.88,83.84,84.66,308568.982,84.31274376417232,84.29339484813534,,0.0278497739466416,0.0227903604678544,,84.66,
2026-04-11 16:00:00,1775923200000,84.67,86.26,84.6,86.01,413520.982,84.47438721520354,84.36071269722807,,0.1595443084681136,0.1235879159914611,,86.01,
2026-04-11 20:00:00,1775937600000,86.01,86.19,84.52,84.93,294934.927,84.51777890899368,84.38303768949363,,0.174751772170481,0.1110363037550628,,84.93,
2026-04-12 00:00:00,1775952000000,84.94,85.0,81.84,82.33,630649.642,84.30941901289904,84.30252640755272,,-0.0227324288851633,-0.0691583178404652,,82.33,
2026-04-12 04:00:00,1775966400000,82.32,82.5,82.06,82.27,232256.931,82.27,82.27,,0.0,0.0,,82.27,
2026-04-12 08:00:00,1775980800000,82.28,82.41,81.92,82.22,260332.784,82.26523809523809,82.26803921568627,,-0.0039886039886027,-0.0031908831908822,,82.22,
2026-04-12 12:00:00,1775995200000,82.21,82.56,81.27,81.59,518788.007,82.20092970521542,82.24144944252211,,-0.0573245347034401,-0.0452214511245756,,81.59,
2026-04-12 16:00:00,1776009600000,81.59,82.32,81.53,81.99,166707.057,82.18084116186157,82.23158868007027,,-0.0665498418480865,-0.0435574066153776,,81.99,
2026-04-12 20:00:00,1776024000000,81.98,82.88,81.27,81.53,366057.445,82.11885628930332,82.2040753984989,,-0.1097144005300947,-0.0693775722379086,,81.53,
2026-04-13 00:00:00,1776038400000,81.54,82.44,81.4,81.91,244773.3,82.09896521413158,82.19254302993032,,-0.1119690900897154,-0.0573058094380235,,81.91,
2026-04-13 04:00:00,1776052800000,81.9,82.6,81.54,82.17,216328.764,82.17,82.17,,0.0,0.0,,82.17,
2026-04-13 08:00:00,1776067200000,82.17,82.32,81.64,81.86,291426.641,82.14047619047619,82.1578431372549,,-0.0247293447293373,-0.0197834757834698,,81.86,
2026-04-13 12:00:00,1776081600000,81.86,83.82,81.82,82.65,681567.622,82.1890022675737,82.17714340638216,,0.0191975714483021,0.0193147523153356,,82.65,
2026-04-13 16:00:00,1776096000000,82.66,84.25,82.34,84.09,492483.876,82.37004967066191,82.2521573904456,,0.1682662656450446,0.1347067572096625,,84.09,
2026-04-13 20:00:00,1776110400000,84.09,86.81,83.81,86.51,1023810.212,82.76433065440841,82.41913161042812,,0.47618884639013,0.3541034703637983,,86.51,
2026-04-14 00:00:00,1776124800000,86.51,86.75,85.37,86.05,677256.664,83.07725154446476,82.56151860609761,,0.6753169213739909,0.4425852362781273,,86.05,
2026-04-14 04:00:00,1776139200000,86.05,86.2,85.43,85.88,365505.31,85.88,85.88,,0.0,0.0,,85.88,
2026-04-14 08:00:00,1776153600000,85.88,86.56,85.6,85.78,454441.147,85.87047619047618,85.87607843137255,,-0.0079772079772197,-0.0063817663817758,,85.78,
2026-04-14 12:00:00,1776168000000,85.78,87.67,85.25,85.95,992259.414,85.87804988662131,85.87897731641677,,-0.0005749953328262,0.0008163570100941,,85.95,
2026-04-14 16:00:00,1776182400000,85.95,86.17,83.71,83.95,570744.162,85.69442608789547,85.80333114714553,,-0.154313147872628,-0.1223374364237661,,83.95,
2026-04-14 20:00:00,1776196800000,83.94,84.14,83.3,83.72,472777.995,85.50638550809589,85.72163188647316,,-0.2913522913397202,-0.2075012639126865,,83.72,
2026-04-15 00:00:00,1776211200000,83.72,84.06,83.13,83.45,493483.224,85.31053926922961,85.63254828308206,,-0.4169373491405395,-0.2664690573708047,,83.45,
2026-04-15 04:00:00,1776225600000,83.45,83.79,82.65,82.92,363848.672,82.92,82.92,,0.0,0.0,,82.92,
2026-04-15 08:00:00,1776240000000,82.92,83.68,82.71,83.61,346599.964,82.9857142857143,82.94705882352942,,0.0550427350427327,0.0440341880341861,,83.61,
2026-04-15 12:00:00,1776254400000,83.6,84.49,83.21,84.0,520359.073,83.08231292517007,82.9883506343714,,0.1286512284802938,0.0941141451773978,,84.0,
2026-04-15 16:00:00,1776268800000,84.0,85.83,83.9,85.51,487544.423,83.31352121801102,83.08723884478822,,0.3053114301367259,0.2166194774670639,,85.51,
2026-04-15 20:00:00,1776283200000,85.51,85.59,84.18,84.9,390613.237,83.46461443534331,83.15832751754162,,0.391580118840352,0.242310532936552,,84.9,
2026-04-16 00:00:00,1776297600000,84.9,85.58,84.45,85.28,269928.529,83.63750829864394,83.24153035999097,,0.4850204861284766,0.2686007201797412,,85.28,
2026-04-16 04:00:00,1776312000000,85.29,85.71,84.99,85.21,242302.556,85.21,85.21,,0.0,0.0,,85.21,
2026-04-16 08:00:00,1776326400000,85.21,85.51,84.64,85.07,357699.712,85.19666666666666,85.20450980392155,,-0.0111680911680736,-0.0089344729344588,,85.07,
2026-04-16 12:00:00,1776340800000,85.07,87.13,83.8,86.62,1057312.109,85.33222222222221,85.26001922337561,,0.1038559751950316,0.0848716747429171,,86.62,
2026-04-16 16:00:00,1776355200000,86.62,90.16,85.63,90.1,1361241.194,85.78629629629629,85.44982239108637,,0.4703978394373962,0.3611308311882253,,90.1,
2026-04-16 20:00:00,1776369600000,90.1,90.53,88.72,89.05,651807.241,86.09712522045854,85.59100582673005,,0.6684531708017829,0.4473489300420896,,89.05,
2026-04-17 00:00:00,1776384000000,89.06,89.19,87.48,87.72,366515.357,86.251684723272,85.67449579430927,,0.7099101606650322,0.3910447359242711,,87.72,
2026-04-17 04:00:00,1776398400000,87.73,88.47,87.36,88.12,351013.876,88.12,88.12,,0.0,0.0,,88.12,
2026-04-17 08:00:00,1776412800000,88.13,89.53,87.34,88.21,651630.781,88.12857142857143,88.12352941176471,,0.007179487179485,0.005743589743588,,88.21,
2026-04-17 12:00:00,1776427200000,88.22,90.73,87.91,89.95,2089964.551,88.30204081632654,88.19515570934257,,0.1515260428081006,0.1200721162977629,,89.95,
2026-04-17 16:00:00,1776441600000,89.95,90.59,88.88,89.23,489309.488,88.39041788143831,88.23573783838796,,0.2054553836247237,0.1392011656915087,,89.23,
2026-04-17 20:00:00,1776456000000,89.24,89.47,88.5,88.76,288774.335,88.42561617844419,88.25629713884334,,0.2078734667873334,0.1132953990832947,,88.76,
2026-04-18 00:00:00,1776470400000,88.77,89.16,88.23,88.33,197626.431,88.41650987573522,88.25918744712399,,0.1730970536892329,0.0628151887881554,,88.33,
2026-04-18 04:00:00,1776484800000,88.34,88.64,88.16,88.45,306769.028,88.45,88.45,,0.0,0.0,,88.45,
2026-04-18 08:00:00,1776499200000,88.45,88.5,86.28,86.53,630736.902,88.26714285714286,88.37470588235294,,-0.1531623931623897,-0.1225299145299118,,86.53,
2026-04-18 12:00:00,1776513600000,86.54,86.98,86.41,86.75,295960.577,88.12265306122448,88.31099192618224,,-0.2538661212165465,-0.1785869140672548,,86.75,
2026-04-18 16:00:00,1776528000000,86.75,86.98,85.78,86.13,278680.98,87.9328765792031,88.22546283103785,,-0.3793306817009494,-0.2432411796413262,,86.13,
2026-04-18 20:00:00,1776542400000,86.12,86.46,85.92,86.16,183416.625,87.76403119070756,88.1444642886442,,-0.4709131073602464,-0.2678588842404985,,86.16,
2026-04-19 00:00:00,1776556800000,86.15,86.38,85.24,85.6,230818.522,87.55793298206873,88.04468137536404,,-0.581971553590634,-0.3031338643767089,,85.6,
2026-04-19 04:00:00,1776571200000,85.6,85.96,84.43,84.88,430382.114,84.88,84.88,,0.0,0.0,,84.88,
2026-04-19 08:00:00,1776585600000,84.88,85.71,84.44,85.6,456198.773,84.94857142857143,84.90823529411765,,0.0574358974358801,0.0459487179487041,,85.6,
2026-04-19 12:00:00,1776600000000,85.61,87.12,85.55,86.36,552970.961,85.08299319727891,84.96516724336794,,0.1624077726641815,0.1207364745416043,,86.36,
2026-04-19 16:00:00,1776614400000,86.35,86.5,84.88,85.33,349741.831,85.10651765468091,84.97947441029469,,0.1606346518582597,0.0951706829885461,,85.33,
2026-04-19 20:00:00,1776628800000,85.33,85.35,82.94,83.47,574736.864,84.9506588304256,84.92027933538117,,0.0090387919464092,-0.0451401415386435,,83.47,
2026-04-20 00:00:00,1776643200000,83.47,84.62,83.34,84.59,328650.349,84.91631037038506,84.9073272045819,,-0.0204911700010086,-0.0597360827888491,,84.59,
2026-04-20 04:00:00,1776657600000,84.59,85.76,83.75,84.73,386047.821,84.73,84.73,,0.0,0.0,,84.73,
2026-04-20 08:00:00,1776672000000,84.74,85.4,84.57,85.07,305061.638,84.76238095238095,84.74333333333334,,0.0271225071225131,0.0216980056980105,,85.07,
2026-04-20 12:00:00,1776686400000,85.06,85.88,84.42,85.86,624252.687,84.86691609977323,84.78712418300654,,0.1110831892598298,0.0845269502682617,,85.86,
2026-04-20 16:00:00,1776700800000,85.86,86.22,85.25,85.8,374667.838,84.95578123312816,84.82684480328079,,0.1708121204015071,0.1154047051279512,,85.8,
2026-04-20 20:00:00,1776715200000,85.8,86.21,85.21,85.28,281666.417,84.98665921092548,84.844615595309,,0.1741802331717394,0.0950182543185468,,85.28,
2026-04-21 00:00:00,1776729600000,85.29,85.83,85.0,85.17,255983.805,85.0041202384564,84.85737576804198,,0.1660591792661279,0.0695177603303482,,85.17,
2026-04-21 04:00:00,1776744000000,85.17,85.98,85.02,85.71,318885.851,85.71,85.71,,0.0,0.0,,85.71,
2026-04-21 08:00:00,1776758400000,85.71,86.38,85.52,85.85,256797.071,85.72333333333333,85.71549019607842,,0.011168091168102,0.0089344729344816,,85.85,
2026-04-21 12:00:00,1776772800000,85.85,86.89,85.17,86.05,449581.749,85.75444444444445,85.72860822760477,,0.0357451644061512,0.0268092369380246,,86.05,
2026-04-21 16:00:00,1776787200000,86.05,86.3,84.31,84.57,441499.185,85.64164021164021,85.68317261083595,,-0.0634693242467534,-0.057924201371904,,84.57,
2026-04-21 20:00:00,1776801600000,84.57,86.13,84.43,86.03,388839.608,85.67862685815066,85.69677368492083,,-0.0240109398665708,-0.0147726535933771,,86.03,
2026-04-22 00:00:00,1776816000000,86.04,87.87,86.01,87.24,584800.391,85.82732906213631,85.75729236394355,,0.1037015942189327,0.0903519043937012,,87.24,
2026-04-22 04:00:00,1776830400000,87.25,88.33,86.97,88.05,615570.181,88.05,88.05,,0.0,0.0,,88.05,
2026-04-22 08:00:00,1776844800000,88.06,88.88,87.6,88.31,408342.684,88.0747619047619,88.06019607843137,,0.0207407407407487,0.0165925925925989,,88.31,
2026-04-22 12:00:00,1776859200000,88.31,89.32,87.99,88.18,829572.544,88.08478458049886,88.06489427143407,,0.0263838767542523,0.017788582884882,,88.18,
2026-04-22 16:00:00,1776873600000,88.19,88.46,87.09,87.37,500634.794,88.01670985854659,88.03764351569156,,-0.0341109184118693,-0.0341649698249916,,87.37,
2026-04-22 20:00:00,1776888000000,87.38,87.72,86.81,86.87,215951.241,87.90749939582787,87.99185357389973,,-0.121004436921936,-0.0968467906680467,,86.87,
2026-04-23 00:00:00,1776902400000,86.86,87.18,85.48,85.79,443314.671,87.70583278670141,87.90550637492326,,-0.2738582826272733,-0.1997605090987071,,85.79,
2026-04-23 04:00:00,1776916800000,85.78,86.24,85.51,85.9,308456.365,85.9,85.9,,0.0,0.0,,85.9,
2026-04-23 08:00:00,1776931200000,85.91,85.94,85.2,85.81,329245.385,85.89142857142858,85.8964705882353,,-0.007179487179485,-0.005743589743588,,85.81,
2026-04-23 12:00:00,1776945600000,85.82,86.66,85.55,86.35,587798.057,85.93510204081633,85.91425605536334,,0.0303542990722434,0.0254321572065123,,86.35,
2026-04-23 16:00:00,1776960000000,86.36,86.42,84.48,85.3,892045.766,85.87461613216716,85.890167582604,,-0.0243454900361967,-0.0234141055215422,,85.3,
2026-04-23 20:00:00,1776974400000,85.3,86.25,85.29,86.12,333802.995,85.89798602434172,85.8991806185803,,-0.001510903268894,-0.0004636150033916,,86.12,
2026-04-24 00:00:00,1776988800000,86.12,86.36,85.4,85.69,224668.287,85.87817783154728,85.89097745706735,,-0.0179053335421457,-0.0134864362213146,,85.69,
2026-04-24 04:00:00,1777003200000,85.69,85.82,85.14,85.51,287361.387,85.51,85.51,,0.0,0.0,,85.51,
2026-04-24 08:00:00,1777017600000,85.5,86.28,84.92,86.19,401616.795,85.57476190476191,85.53666666666668,,0.0542450142450121,0.0433960113960097,,86.19,
2026-04-24 12:00:00,1777032000000,86.2,86.79,85.53,86.52,469577.266,85.66478458049887,85.57522875816994,,0.1224512788045473,0.0892818207644359,,86.52,
2026-04-24 16:00:00,1777046400000,86.52,86.58,85.95,86.33,210273.129,85.72813842997517,85.60482763039857,,0.1593370840428889,0.100934100802222,,86.33,
2026-04-24 20:00:00,1777060800000,86.32,86.94,86.1,86.18,225077.799,85.77117286521563,85.62738340959862,,0.1744546000097671,0.0928412934152801,,86.18,
2026-04-25 00:00:00,1777075200000,86.18,86.5,86.03,86.46,96838.828,85.83677544948081,85.66003504059476,,0.2066469034024862,0.1000268774463994,,86.46,
2026-04-25 04:00:00,1777089600000,86.46,86.66,86.11,86.36,159702.551,86.36,86.36,,0.0,0.0,,86.36,
2026-04-25 08:00:00,1777104000000,86.36,86.8,86.25,86.36,180595.867,86.36,86.36,,0.0,0.0,,86.36,
2026-04-25 12:00:00,1777118400000,86.36,86.67,86.1,86.22,134518.908,86.34666666666666,86.35450980392156,,-0.011168091168102,-0.0089344729344816,,86.22,
2026-04-25 16:00:00,1777132800000,86.22,86.33,85.53,85.68,335731.115,86.2831746031746,86.32805843906189,,-0.0628676715286502,-0.0485072426360238,,85.68,
2026-04-25 20:00:00,1777147200000,85.68,86.2,85.61,86.18,126545.167,86.27334845049131,86.32225222576534,,-0.0627705601697812,-0.0387281050217238,,86.18,
2026-04-26 00:00:00,1777161600000,86.19,86.46,85.84,85.99,162593.658,86.24636288377785,86.30922272671572,,-0.077135836909477,-0.0424747054091357,,85.99,
2026-04-26 04:00:00,1777176000000,85.99,86.73,85.92,86.62,283104.75,86.62,86.62,,0.0,0.0,,86.62,
2026-04-26 08:00:00,1777190400000,86.63,86.76,86.42,86.48,122739.187,86.60666666666667,86.61450980392158,,-0.0111680911680878,-0.0089344729344702,,86.48,
2026-04-26 12:00:00,1777204800000,86.49,86.59,85.9,86.56,324280.069,86.60222222222222,86.6123721645521,,-0.0134089820699472,-0.0089402910690637,,86.56,
2026-04-26 16:00:00,1777219200000,86.55,87.2,86.27,86.88,206047.958,86.62867724867725,86.62286737378535,,0.0105152086145778,0.0119871196923691,,86.88,
2026-04-26 20:00:00,1777233600000,86.89,87.32,86.19,86.93,354735.83,86.65737465356513,86.63491179049966,,0.0331280052065636,0.0276799330274839,,86.93,
2026-04-27 00:00:00,1777248000000,86.93,88.08,86.53,87.72,801807.898,86.7585770675113,86.6774642693036,,0.1134869996281224,0.0864311419592341,,87.72,
2026-04-27 04:00:00,1777262400000,87.72,87.84,85.26,85.27,659179.202,85.27,85.27,,0.0,0.0,,85.27,
2026-04-27 08:00:00,1777276800000,85.27,85.63,85.05,85.26,450659.713,85.26904761904763,85.26960784313725,,-0.0007977207977347,-0.0006381766381878,,85.26,
2026-04-27 12:00:00,1777291200000,85.26,85.83,83.63,84.17,611500.311,85.16437641723357,85.22648596693578,,-0.0883651918409924,-0.0705645181451564,,84.17,
2026-04-27 16:00:00,1777305600000,84.17,84.7,83.83,84.19,295300.312,85.07157866321133,85.18583945842849,,-0.1543697324949136,-0.109255247039262,,84.19,
2026-04-27 20:00:00,1777320000000,84.18,84.9,84.11,84.82,190654.255,85.04761879052452,85.17149281299993,,-0.1540670822095791,-0.087162077403142,,84.82,
2026-04-28 00:00:00,1777334400000,84.82,84.93,83.9,84.17,182077.197,84.96403604856981,85.13221858503914,,-0.2039260646674137,-0.1096168478887812,,84.17,
2026-04-28 04:00:00,1777348800000,84.18,84.43,83.65,84.02,528349.021,84.02,84.02,,0.0,0.0,,84.02,
2026-04-28 08:00:00,1777363200000,84.01,84.19,83.3,83.42,185635.257,83.96285714285715,83.99647058823528,,-0.0478632478632476,-0.0382905982905981,,83.42,
2026-04-28 12:00:00,1777377600000,83.42,84.0,82.98,83.46,371084.657,83.91496598639456,83.97543252595155,,-0.0816266101736147,-0.0576431684807721,,83.46,
2026-04-28 16:00:00,1777392000000,83.46,84.02,83.32,83.89,175320.709,83.9125882734046,83.9720822308162,,-0.0728471748307697,-0.0390909865103417,,83.89,
2026-04-28 20:00:00,1777406400000,83.89,84.15,83.58,84.06,221927.602,83.92662748546131,83.97552998647046,,-0.0515772790512585,-0.0142568725846644,,84.06,
2026-04-29 00:00:00,1777420800000,84.06,84.74,83.81,84.59,237688.436,83.98980582017928,83.99962684974614,,0.0079541467480908,0.0362196425717479,,84.59,
2026-04-29 04:00:00,1777435200000,84.6,85.06,84.45,84.71,276091.585,84.71,84.71,,0.0,0.0,,84.71,
2026-04-29 08:00:00,1777449600000,84.71,85.56,83.2,84.91,577117.692,84.7290476190476,84.7178431372549,,0.0159544159544111,0.0127635327635289,,84.91,
2026-04-29 12:00:00,1777464000000,84.91,84.92,83.0,83.26,566495.94,84.58913832199546,84.66067281814686,,-0.103351433835769,-0.085233853621321,,83.26,
2026-04-29 16:00:00,1777478400000,83.25,83.65,81.4,82.19,684401.482,84.3606489579959,84.56378368802346,,-0.2810030092117017,-0.2103083431978029,,82.19,
2026-04-29 20:00:00,1777492800000,82.2,83.22,82.17,83.04,234268.461,84.23487286675821,84.50402746496371,,-0.3491801351134995,-0.2227883752796806,,83.04,
2026-04-30 00:00:00,1777507200000,83.05,84.01,82.7,83.06,318849.929,84.12298021278123,84.44739893692592,,-0.3970205598501053,-0.2165030400130291,,83.06,
2026-04-30 04:00:00,1777521600000,83.06,83.39,82.16,83.35,258316.215,83.35,83.35,,0.0,0.0,,83.35,
2026-04-30 08:00:00,1777536000000,83.35,83.55,82.79,83.01,211178.166,83.31761904761903,83.33666666666666,,-0.0271225071225131,-0.0216980056980105,,83.01,
2026-04-30 12:00:00,1777550400000,83.01,83.83,82.69,83.36,287914.246,83.32165532879817,83.3375816993464,,-0.0201430183196578,-0.0117748135161241,,83.36,
2026-04-30 16:00:00,1777564800000,83.36,83.43,82.87,83.04,171900.668,83.29483101176979,83.32591182878379,,-0.0399722733223342,-0.0252832548150404,,83.04,
2026-04-30 20:00:00,1777579200000,83.04,83.19,82.78,83.09,124432.387,83.27532329636314,83.31666038451776,,-0.0510638859503842,-0.0290998939544723,,83.09,
2026-05-01 00:00:00,1777593600000,83.09,84.38,83.08,83.89,263561.957,83.33386393480474,83.33914429100727,,0.0046456925997091,0.0212877476764968,,83.89,
2026-05-01 04:00:00,1777608000000,83.9,84.23,83.67,83.96,289752.932,83.96,83.96,,0.0,0.0,,83.96,
2026-05-01 08:00:00,1777622400000,83.96,84.3,83.69,84.01,214484.023,83.9647619047619,83.96196078431372,,0.0039886039885885,0.0031908831908708,,84.01,
2026-05-01 12:00:00,1777636800000,84.01,84.86,83.89,84.47,517696.742,84.0128798185941,83.98188389081122,,0.0437632811421906,0.0343724482755783,,84.47,
2026-05-01 16:00:00,1777651200000,84.46,84.63,83.79,83.9,265797.069,84.00212935968037,83.97867275783824,,0.0289569651668983,0.0156529058402288,,83.9,
2026-05-01 20:00:00,1777665600000,83.9,83.93,83.33,83.76,246775.236,83.97906942066318,83.97009735557008,,0.0058584900846199,-0.0059564553936396,,83.76,
2026-05-02 00:00:00,1777680000000,83.76,84.18,83.44,83.82,166608.571,83.96391995202859,83.9642111847634,,-0.0075190444109978,-0.0154671919114059,,83.82,
2026-05-02 04:00:00,1777694400000,83.82,83.86,83.54,83.74,111014.495,83.74,83.74,,0.0,0.0,,83.74,
2026-05-02 08:00:00,1777708800000,83.73,84.17,83.52,83.7,165721.905,83.73619047619047,83.73843137254902,,-0.0031908831908964,-0.0025527065527171,,83.7,
2026-05-02 12:00:00,1777723200000,83.7,84.11,83.67,84.04,183447.034,83.76512471655329,83.75025759323337,,0.021468007564863,0.0176849473624338,,84.04,
2026-05-02 16:00:00,1777737600000,84.04,84.31,83.95,84.22,130231.211,83.80844617211964,83.76867886408697,,0.0549019760194795,0.0408951326536403,,84.22,
2026-05-02 20:00:00,1777752000000,84.23,84.97,84.07,84.26,270736.283,83.85145129858444,83.78794635961296,,0.0836619002956666,0.0557240455438619,,84.26,
2026-05-03 00:00:00,1777766400000,84.26,84.31,83.58,83.67,246902.036,83.83417022252877,83.78332101217715,,0.058175665465967,0.0241902485713298,,83.67,
2026-05-03 04:00:00,1777780800000,83.66,84.02,83.58,83.88,138015.6,83.88,83.88,,0.0,0.0,,83.88,
2026-05-03 08:00:00,1777795200000,83.88,84.2,83.75,83.96,163338.071,83.88761904761904,83.88313725490197,,0.0063817663817786,0.0051054131054229,,83.96,
2026-05-03 12:00:00,1777809600000,83.96,84.45,83.95,84.16,199468.678,83.91356009070293,83.89399461745484,,0.0272634150696973,0.0207896494346732,,84.16,
2026-05-03 16:00:00,1777824000000,84.16,84.5,84.0,84.38,120424.175,83.95798293920741,83.91305365206446,,0.0608628444967394,0.0435112630893722,,84.38,
2026-05-03 20:00:00,1777838400000,84.37,84.97,83.87,83.91,400498.962,83.95341313547337,83.91293390100311,,0.0490007126290947,0.0253193049773821,,83.91,
2026-05-04 00:00:00,1777852800000,83.91,85.67,83.35,85.41,948697.547,84.09213569399971,83.97164237547358,,0.1588067265489741,0.1081002551178091,,85.41,
2026-05-04 04:00:00,1777867200000,85.4,85.9,84.51,84.87,571740.248,84.87,84.87,,0.0,0.0,,84.87,
2026-05-04 08:00:00,1777881600000,84.87,85.2,83.23,83.95,651310.681,84.78238095238096,84.83392156862746,,-0.0733903133903339,-0.0587122507122671,,83.95,
2026-05-04 12:00:00,1777896000000,83.96,85.32,83.59,84.47,705720.66,84.75263038548754,84.81965013456364,,-0.0885720083441157,-0.0591151565328391,,84.47,
2026-05-04 16:00:00,1777910400000,84.47,85.19,83.98,84.44,394682.413,84.72285606306015,84.80476189399252,,-0.1018502934692264,-0.0579147533263599,,84.44,
2026-05-04 20:00:00,1777924800000,84.45,84.56,84.02,84.1,197155.669,84.6635364380068,84.77712417265948,,-0.1382153283282718,-0.0754238305483242,,84.1,
2026-05-05 00:00:00,1777939200000,84.11,84.97,84.04,84.78,257970.468,84.67462820581568,84.77723695020225,,-0.1108863348038369,-0.0384758696191114,,84.78,
2026-05-05 04:00:00,1777953600000,84.77,85.12,84.54,84.87,465709.895,84.87,84.87,,0.0,0.0,,84.87,
2026-05-05 08:00:00,1777968000000,84.88,85.01,84.43,84.97,235571.03,84.87952380952382,84.87392156862745,,0.0079772079771913,0.006381766381753,,84.97,
2026-05-05 12:00:00,1777982400000,84.97,86.1,84.9,85.5,663678.586,84.93861678004535,84.89847366397541,,0.0564154511732795,0.0438560076622729,,85.5,
2026-05-05 16:00:00,1777996800000,85.5,86.56,85.0,86.49,416842.639,85.08636756289818,84.96088646146657,,0.1726970895613959,0.1281101168403115,,86.49,
2026-05-05 20:00:00,1778011200000,86.49,86.98,86.17,86.29,439115.508,85.20099922357454,85.01300856101692,,0.2458784633462727,0.1610331925001506,,86.29,
2026-05-06 00:00:00,1778025600000,86.29,87.51,86.1,87.33,458049.992,85.40376120228173,85.1038709703888,,0.383375226700835,0.2388239646837703,,87.33,
2026-05-06 04:00:00,1778040000000,87.34,87.89,86.67,87.7,429209.414,87.7,87.7,,0.0,0.0,,87.7,
2026-05-06 08:00:00,1778054400000,87.71,90.03,87.64,89.87,1026165.098,87.90666666666667,87.7850980392157,,0.1731054131054037,0.138484330484323,,89.87,
2026-05-06 12:00:00,1778068800000,89.87,89.97,87.47,88.97,939895.843,88.0079365079365,87.83156478277587,,0.2349617292067307,0.16027251726852,,88.97,
2026-05-06 16:00:00,1778083200000,88.97,89.51,88.5,89.27,365985.513,88.12813303099017,87.88797400698074,,0.3046786523151183,0.183991552301526,,89.27,
2026-05-06 20:00:00,1778097600000,89.27,89.62,88.65,89.16,263950.17,88.22640607565778,87.93785737925602,,0.3470531231001388,0.1810928184692372,,89.16,
2026-05-07 00:00:00,1778112000000,89.16,89.27,87.63,87.75,335206.373,88.18103406845228,87.93049042320676,,0.2638188409733004,0.078286829073919,,87.75,
2026-05-07 04:00:00,1778126400000,87.75,90.44,87.69,90.16,578644.42,90.16,90.16,,0.0,0.0,,90.16,
2026-05-07 08:00:00,1778140800000,90.17,90.27,88.76,89.57,463543.638,90.10380952380952,90.13686274509804,,-0.0470655270655271,-0.0376524216524217,,89.57,
2026-05-07 12:00:00,1778155200000,89.56,90.1,87.79,88.32,787879.49,89.93392290249434,90.06561322568244,,-0.1831189681902003,-0.1389646902216759,,88.32,
2026-05-07 16:00:00,1778169600000,88.32,89.05,87.96,88.45,388762.635,89.79259691178059,90.00225584428313,,-0.27725634835123,-0.1864816563061644,,88.45,
2026-05-07 20:00:00,1778184000000,88.45,88.88,87.67,88.42,338143.945,89.66187339637293,89.94020659548771,,-0.3502442519149866,-0.2075756478959368,,88.42,
2026-05-08 00:00:00,1778198400000,88.43,88.65,87.6,88.22,274109.015,89.52455212052789,89.87274751331172,,-0.4193915353120729,-0.2213783450344185,,88.22,
2026-05-08 04:00:00,1778212800000,88.23,88.42,87.65,88.22,340406.889,88.22,88.22,,0.0,0.0,,88.22,
2026-05-08 08:00:00,1778227200000,88.23,89.1,88.01,88.64,407490.557,88.26,88.23647058823529,,0.0335042735042776,0.0268034188034221,,88.64,
2026-05-08 12:00:00,1778241600000,88.64,89.6,88.01,89.59,400869.866,88.38666666666667,88.28955017301038,,0.1351557211386165,0.1027638931502087,,89.59,
2026-05-08 16:00:00,1778256000000,89.6,92.8,89.34,92.6,887232.361,88.78793650793652,88.45858742112762,,0.4533708926910123,0.3367832517620836,,92.6,
2026-05-08 20:00:00,1778270400000,92.61,92.71,91.73,92.01,334326.171,89.09479969765685,88.59785850265203,,0.650452626611667,0.4270919885461907,,92.01,
2026-05-09 00:00:00,1778284800000,92.02,93.91,91.85,93.64,576427.732,89.52767591692762,88.79558954176372,,0.927477316986966,0.5632933431371918,,93.64,
2026-05-09 04:00:00,1778299200000,93.65,94.17,92.84,93.76,496098.362,93.76,93.76,,0.0,0.0,,93.76,
2026-05-09 08:00:00,1778313600000,93.76,93.95,93.05,93.62,267175.425,93.74666666666668,93.75450980392158,,-0.011168091168102,-0.0089344729344816,,93.62,
2026-05-09 12:00:00,1778328000000,93.61,93.74,92.39,93.01,288521.506,93.67650793650792,93.72531334102268,,-0.0684517171126941,-0.052974479103259,,93.01,
2026-05-09 16:00:00,1778342400000,93.01,93.65,92.69,93.51,234608.811,93.66065003779288,93.71686968059043,,-0.0726659343956299,-0.0457509571089558,,93.51,
2026-05-09 20:00:00,1778356800000,93.51,93.56,93.05,93.13,111440.86,93.61011193895548,93.69385518331238,,-0.1054529600800435,-0.0628303862346955,,93.13,
2026-05-10 00:00:00,1778371200000,93.12,93.51,92.6,93.42,312003.751,93.59200604000732,93.68311576435894,,-0.1068051544472581,-0.0513460644815281,,93.42,
2026-05-10 04:00:00,1778385600000,93.41,93.63,93.24,93.46,148136.227,93.46,93.46,,0.0,0.0,,93.46,
2026-05-10 08:00:00,1778400000000,93.46,94.8,92.91,93.55,511703.374,93.46857142857142,93.46352941176472,,0.007179487179485,0.005743589743588,,93.55,
2026-05-10 12:00:00,1778414400000,93.56,94.73,93.2,94.53,320850.531,93.56965986394556,93.50535178777392,,0.0908992621813098,0.0715706917963302,,94.53,
2026-05-10 16:00:00,1778428800000,94.53,97.0,94.18,96.47,655333.729,93.845882734046,93.62161250197887,,0.3102136242234223,0.2327080430707542,,96.47,
2026-05-10 20:00:00,1778443200000,96.47,96.86,93.43,96.47,611141.383,94.09579866413686,93.73331397248953,,0.4785059178550028,0.3208002693618678,,96.47,
2026-05-11 00:00:00,1778457600000,96.46,96.67,94.46,94.76,667426.526,94.15905593421908,93.7735761696468,,0.4684955391577432,0.2486319125316864,,94.76,
2026-05-11 04:00:00,1778472000000,94.76,96.16,94.43,95.33,317251.408,95.33,95.33,,0.0,0.0,,95.33,
2026-05-11 08:00:00,1778486400000,95.34,95.57,94.58,95.25,389420.941,95.32238095238095,95.32686274509804,,-0.0063817663817644,-0.0051054131054115,,95.25,
2026-05-11 12:00:00,1778500800000,95.26,96.8,94.3,96.8,749651.411,95.46310657596372,95.38463283352556,,0.1123377245314714,0.0908912622462594,,96.8,
2026-05-11 16:00:00,1778515200000,96.79,98.39,96.5,98.19,694124.811,95.72281071158622,95.49464723221084,,0.3149545595827874,0.2348064778380603,,98.19,
2026-05-11 20:00:00,1778529600000,98.19,98.41,97.1,97.37,260174.868,95.87968588191134,95.56819047800649,,0.4046976120066574,0.2596396242095443,,97.37,
2026-05-12 00:00:00,1778544000000,97.37,97.68,95.54,96.14,531025.291,95.90447770268167,95.59061438082976,,0.3722775235979298,0.1817756286406533,,96.14,
2026-05-12 04:00:00,1778558400000,96.14,97.0,95.82,96.05,258227.355,96.05,96.05,,0.0,0.0,,96.05,
2026-05-12 08:00:00,1778572800000,96.05,96.15,94.6,94.98,617423.638,95.94809523809523,96.00803921568628,,-0.0853561253561281,-0.0682849002849025,,94.98,
2026-05-12 12:00:00,1778587200000,94.97,95.56,93.55,93.85,788159.261,95.74827664399092,95.92341022683584,,-0.2414003133091569,-0.179463270590345,,93.85,
2026-05-12 16:00:00,1778601600000,93.85,95.01,93.6,94.92,452976.884,95.66939315408705,95.8840608061756,,-0.2755500296449042,-0.1708903895408739,,94.92,
2026-05-12 20:00:00,1778616000000,94.92,95.05,94.23,94.28,162224.93,95.53706999655492,95.8211564608354,,-0.3502194651826329,-0.196447860062882,,94.28,
2026-05-13 00:00:00,1778630400000,94.28,95.59,94.05,95.56,347495.286,95.53925380640683,95.81091503099871,,-0.3026217925676775,-0.1190801499583413,,95.56,
2026-05-13 04:00:00,1778644800000,95.56,95.99,94.88,95.14,307365.716,95.14,95.14,,0.0,0.0,,95.14,
2026-05-13 08:00:00,1778659200000,95.14,95.89,94.25,94.33,442947.463,95.06285714285714,95.10823529411763,,-0.0646153846153794,-0.0516923076923035,,94.33,
2026-05-13 12:00:00,1778673600000,94.33,94.64,90.27,90.43,1235684.772,94.62163265306124,94.9247750865052,,-0.4256147271531745,-0.3301533201840789,,90.43,
2026-05-13 16:00:00,1778688000000,90.43,91.41,90.41,90.96,587067.167,94.27290573372208,94.76929371056382,,-0.6613194573220795,-0.4526864402823871,,90.96,
2026-05-13 20:00:00,1778702400000,90.95,91.35,90.64,91.17,272011.398,93.97739090193902,94.62814493760054,,-0.8216998646359173,-0.4904534780769798,,91.17,
2026-05-14 00:00:00,1778716800000,91.17,91.42,89.82,89.93,422008.903,93.59192510175436,94.44390395965544,,-1.036907307806203,-0.5645287369978125,,89.93,
2026-05-14 04:00:00,1778731200000,89.93,92.02,89.86,90.88,437427.863,90.88,90.88,,0.0,0.0,,90.88,
2026-05-14 08:00:00,1778745600000,90.88,91.3,90.59,90.64,241689.981,90.85714285714286,90.87058823529412,,-0.0191452991452933,-0.0153162393162347,,90.64,
2026-05-14 12:00:00,1778760000000,90.64,93.25,90.54,93.16,702641.258,91.07646258503402,90.960369088812,,0.1670986436798358,0.1367421628071156,,93.16,
2026-05-14 16:00:00,1778774400000,93.16,93.68,92.29,92.9,682691.89,91.25013281503078,91.03643304611349,,0.2903712639139968,0.2080118264330212,,92.9,
2026-05-14 20:00:00,1778788800000,92.91,93.0,92.11,92.15,222665.913,91.33583445169452,91.08010233842276,,0.3238142425713732,0.1931638440723181,,92.15,
2026-05-15 00:00:00,1778803200000,92.16,92.66,91.47,92.06,446397.438,91.4048025991522,91.1185296977003,,0.3391463284987281,0.1667967439997384,,92.06,
2026-05-15 04:00:00,1778817600000,92.05,92.05,90.26,91.6,519608.52,91.6,91.6,,0.0,0.0,,91.6,
2026-05-15 08:00:00,1778832000000,91.61,91.65,90.92,91.27,356140.517,91.56857142857145,91.5870588235294,,-0.0263247863247926,-0.0210598290598341,,91.27,
2026-05-15 12:00:00,1778846400000,91.26,91.27,88.55,89.04,791150.269,91.32775510204084,91.48717416378317,,-0.2245413592422096,-0.1754211215818009,,89.04,
2026-05-15 16:00:00,1778860800000,89.04,90.09,88.81,89.42,382337.08,91.1460641399417,91.40610851030144,,-0.3469669778043851,-0.2382773921151811,,89.42,
2026-05-15 20:00:00,1778875200000,89.41,89.5,89.0,89.24,180209.807,90.964534221852,91.32116307852492,,-0.453289419950778,-0.2756798674092591,,89.24,
2026-05-16 00:00:00,1778889600000,89.23,89.44,88.95,89.05,219272.004,90.78219762929469,91.23209785975924,,-0.5465814823737247,-0.2951775438657646,,89.05,
2026-05-16 04:00:00,1778904000000,89.05,89.09,86.72,87.47,632823.862,87.47,87.47,,0.0,0.0,,87.47,
2026-05-16 08:00:00,1778918400000,87.46,87.62,85.52,86.11,569659.112,87.34047619047618,87.41666666666667,,-0.1084900284900243,-0.0867920227920194,,86.11,
2026-05-16 12:00:00,1778932800000,86.12,86.71,86.01,86.5,238479.668,87.26043083900227,87.38071895424837,,-0.1611418738484218,-0.1115550945203335,,86.5,
2026-05-16 16:00:00,1778947200000,86.49,86.97,86.37,86.69,184539.938,87.20610409243062,87.35363193643471,,-0.1854002498545952,-0.1086507764212055,,86.69,
2026-05-16 20:00:00,1778961600000,86.69,86.88,86.45,86.54,118247.01,87.14266560743724,87.32172480167256,,-0.2142590886075197,-0.110007692139304,,86.54,
2026-05-17 00:00:00,1778976000000,86.53,86.72,85.59,86.53,324090.568,87.08431650196702,87.29067677023441,,-0.2352253116919342,-0.1047791321789748,,86.53,
2026-05-17 04:00:00,1778990400000,86.52,87.29,86.47,86.97,189198.284,86.97,86.97,,0.0,0.0,,86.97,
2026-05-17 08:00:00,1779004800000,86.98,87.26,86.6,86.89,293454.721,86.96238095238095,86.96686274509804,,-0.0063817663817502,-0.0051054131054002,,86.89,
2026-05-17 12:00:00,1779019200000,86.89,87.02,85.95,86.46,213222.802,86.9145351473923,86.94698577470204,,-0.0456109934172559,-0.0354677121127247,,86.46,
2026-05-17 16:00:00,1779033600000,86.46,86.94,86.0,86.79,197572.76,86.90267465716445,86.94082946981177,,-0.0495015730784871,-0.0314866334191647,,86.79,
2026-05-17 20:00:00,1779048000000,86.8,86.97,83.5,85.24,696626.109,86.74432468981546,86.87413027491719,,-0.1756323511825428,-0.1260939292185763,,85.24,
2026-05-18 00:00:00,1779062400000,85.23,85.47,84.4,84.85,562074.426,86.56391281459494,86.79475261707731,,-0.3035623642135618,-0.2032191537996762,,84.85,
2026-05-18 04:00:00,1779076800000,84.85,85.36,84.27,84.76,424422.274,84.76,84.76,,0.0,0.0,,84.76,
2026-05-18 08:00:00,1779091200000,84.76,85.32,84.08,84.96,355237.711,84.77904761904762,84.7678431372549,,0.0159544159544111,0.0127635327635289,,84.96,
2026-05-18 12:00:00,1779105600000,84.97,85.8,83.62,84.2,696578.486,84.72390022675737,84.74557477893117,,-0.0323542828386251,-0.0284361328236059,,84.2,
2026-05-18 16:00:00,1779120000000,84.21,85.23,83.5,84.99,459326.828,84.74924306230429,84.75516008171819,,-0.0068143256782917,-0.002316940530618,,84.99,
2026-05-18 20:00:00,1779134400000,85.0,85.77,84.79,85.38,274221.619,84.80931515160864,84.77966360792531,,0.0443843795120244,0.0391054117277585,,85.38,
2026-05-19 00:00:00,1779148800000,85.38,85.97,84.62,85.07,254191.235,84.83414228002687,84.79104934879098,,0.0592621755498896,0.043186566212499,,85.07,
2026-05-19 04:00:00,1779163200000,85.08,85.64,84.47,85.51,258205.52,85.51,85.51,,0.0,0.0,,85.51,
2026-05-19 08:00:00,1779177600000,85.51,85.59,84.27,84.39,323192.796,85.40333333333334,85.46607843137257,,-0.0893447293447451,-0.0714757834757961,,84.39,
2026-05-19 12:00:00,1779192000000,84.39,85.1,83.7,84.37,404560.948,85.30492063492065,85.4230949634756,,-0.1599214292091773,-0.1136419866721826,,84.37,
2026-05-19 16:00:00,1779206400000,84.38,85.04,84.15,84.35,216874.194,85.21397581254725,85.3810128080452,,-0.214989539596317,-0.1349680776474578,,84.35,
2026-05-19 20:00:00,1779220800000,84.36,84.66,84.0,84.29,205961.523,85.12597811611417,85.33822799204343,,-0.2604703720694772,-0.1443591280964944,,84.29,
2026-05-20 00:00:00,1779235200000,84.3,84.54,83.85,84.1,207008.303,85.02826591457949,85.28967003157113,,-0.3082918747527827,-0.1537445046238399,,84.1,
2026-05-20 04:00:00,1779249600000,84.1,85.13,83.88,84.77,243128.722,84.77,84.77,,0.0,0.0,,84.77,
2026-05-20 08:00:00,1779264000000,84.76,85.21,84.58,84.7,220067.159,84.76333333333332,84.76725490196078,,-0.0055840455840439,-0.0044672364672351,,84.7,
2026-05-20 12:00:00,1779278400000,84.7,86.27,84.19,85.92,616479.269,84.87349206349205,84.81246059207997,,0.0874265630960735,0.0708346977703058,,85.92,
2026-05-20 16:00:00,1779292800000,85.92,87.09,85.53,86.16,766824.02,84.99601662887376,84.8653052747435,,0.1784471076392435,0.1294841938507807,,86.16,
2026-05-20 20:00:00,1779307200000,86.16,86.33,85.55,86.17,311644.965,85.10782456898102,84.91646977377317,,0.2485236356130684,0.1596485774596844,,86.17,
2026-05-21 00:00:00,1779321600000,86.17,87.06,86.11,86.85,304116.741,85.27374603860187,84.99229448852716,,0.3548397343320033,0.2127717409428954,,86.85,
2026-05-21 04:00:00,1779336000000,86.85,87.22,86.2,86.64,330927.089,86.64,86.64,,0.0,0.0,,86.64,
2026-05-21 08:00:00,1779350400000,86.64,87.27,85.57,85.58,424877.763,86.53904761904761,86.59843137254903,,-0.0845584045584217,-0.0676467236467374,,85.58,
2026-05-21 12:00:00,1779364800000,85.58,86.9,85.32,86.46,642052.763,86.53151927437641,86.5930026912726,,-0.0796448080778731,-0.050186501732951,,86.46,
2026-05-21 16:00:00,1779379200000,86.46,88.0,86.04,87.83,741905.19,86.65518410538817,86.64151238965407,,0.0344002582026377,0.0510868516380478,,87.83,
2026-05-21 20:00:00,1779393600000,87.83,87.92,87.02,87.36,210442.354,86.72230942868453,86.66968837437352,,0.0858669026309257,0.0820427968530687,,87.36,
2026-05-22 00:00:00,1779408000000,87.35,87.36,86.59,87.03,210496.533,86.75161329261934,86.68381824204515,,0.0988864456715248,0.0760498719149342,,87.03,
2026-05-22 04:00:00,1779422400000,87.04,87.38,86.52,86.97,240782.072,86.97,86.97,,0.0,0.0,,86.97,
2026-05-22 08:00:00,1779436800000,86.98,87.53,86.72,87.32,271386.651,87.00333333333333,86.98372549019608,,0.0279202279202337,0.0223361823361869,,87.32,
2026-05-22 12:00:00,1779451200000,87.33,87.85,86.27,86.77,491653.229,86.98111111111112,86.97534409842369,,0.0056022272546556,1.4545336487117172e-05,,86.77,
2026-05-22 16:00:00,1779465600000,86.76,87.19,84.0,84.55,657896.696,86.74957671957674,86.88023256515217,,-0.1890412459420645,-0.1557031422881864,,84.55,
2026-05-22 20:00:00,1779480000000,84.55,85.28,84.0,84.4,336269.482,86.52580750818848,86.78296854298935,,-0.3513511893760608,-0.2544104685777462,,84.4,
2026-05-23 00:00:00,1779494400000,84.4,84.86,84.07,84.68,309468.705,86.35001631693244,86.70049918836233,,-0.4521769149796171,-0.2841889553450419,,84.68,
2026-05-23 04:00:00,1779508800000,84.69,84.72,81.5,82.25,680176.657,82.25,82.25,,0.0,0.0,,82.25,
2026-05-23 08:00:00,1779523200000,82.25,82.49,81.63,82.31,408073.937,82.25571428571429,82.25235294117648,,0.0047863247863233,0.0038290598290586,,82.31,
2026-05-23 12:00:00,1779537600000,82.3,84.54,82.15,84.1,447324.052,82.4313605442177,82.32480968858133,,0.1512737721284764,0.1202532057369694,,84.1,
2026-05-23 16:00:00,1779552000000,84.09,85.14,83.93,84.96,324487.301,82.67218334953029,82.42815048510755,,0.3329232106771229,0.2415221154284927,,84.96,
2026-05-23 20:00:00,1779566400000,84.97,87.5,84.8,85.75,803571.059,82.96530874481311,82.55841909353471,,0.5344670931790318,0.3544527983443213,,85.75,
2026-05-24 00:00:00,1779580800000,85.76,86.23,85.62,85.81,169164.57,83.23623172149757,82.68593207025883,,0.691067376128629,0.4088424650351347,,85.81,
2026-05-24 04:00:00,1779595200000,85.81,86.7,85.58,86.07,203258.245,86.07,86.07,,0.0,0.0,,86.07,
2026-05-24 08:00:00,1779609600000,86.07,87.0,86.01,86.66,396975.856,86.12619047619047,86.09313725490196,,0.0470655270655129,0.0376524216524103,,86.66,
2026-05-24 12:00:00,1779624000000,86.67,86.69,84.48,85.31,399780.388,86.04845804988662,86.06242599000385,,-0.02428843921723,-0.026961235704266,,85.31,
2026-05-24 16:00:00,1779638400000,85.3,85.88,85.11,85.37,247308.067,85.98384299751646,86.03527202961153,,-0.0751294277382612,-0.0622417793802378,,85.37,
2026-05-24 20:00:00,1779652800000,85.38,85.52,83.7,85.27,670170.277,85.91585795013394,86.00526136178364,,-0.1220831432150078,-0.0873563958855875,,85.27,
2026-05-25 00:00:00,1779667200000,85.27,85.85,84.8,84.95,302541.22,85.82387147869262,85.96387856328232,,-0.1830060468709717,-0.1186234396332411,,84.95,
2026-05-25 04:00:00,1779681600000,84.95,86.19,84.93,85.96,296058.737,85.96,85.96,,0.0,0.0,,85.96,
2026-05-25 08:00:00,1779696000000,85.95,86.22,85.7,85.76,191019.632,85.94095238095238,85.95215686274508,,-0.0159544159544111,-0.0127635327635289,,85.76,
2026-05-25 12:00:00,1779710400000,85.77,86.52,85.66,86.26,275060.267,85.97133786848073,85.96422914263744,,0.0116135420978906,0.0118435402310183,,86.26,
2026-05-25 16:00:00,1779724800000,86.26,86.44,85.52,85.64,254550.418,85.93978188100637,85.95151427429872,,-0.0163786678850357,-0.0129189358015264,,85.64,
2026-05-25 20:00:00,1779739200000,85.64,85.87,84.71,85.06,243005.191,85.85599313043433,85.91655293020858,,-0.0843910413145749,-0.0647450473848525,,85.06,
2026-05-26 00:00:00,1779753600000,85.06,85.09,83.85,84.22,332787.535,85.70018426086915,85.85002144274942,,-0.2037239146133345,-0.1472623365468896,,84.22,
2026-05-26 04:00:00,1779768000000,84.23,84.97,84.01,84.35,266263.498,84.35,84.35,,0.0,0.0,,84.35,
2026-05-26 08:00:00,1779782400000,84.36,85.8,84.29,85.21,392562.559,84.43190476190476,84.38372549019607,,0.0686039886039822,0.0548831908831857,,85.21,
2026-05-26 12:00:00,1779796800000,85.22,86.13,84.03,84.49,721984.08,84.43743764172335,84.38789311803151,,0.0641358430532221,0.0403320362659405,,84.49,
2026-05-26 16:00:00,1779811200000,84.49,84.57,83.15,83.8,511232.128,84.37672929489254,84.36483848595185,,0.0048615313760933,-0.0151538203289505,,83.8,
2026-05-26 20:00:00,1779825600000,83.8,83.98,83.54,83.72,133947.63,84.31418364775992,84.33955070218903,,-0.0480156248538605,-0.0544247812471236,,83.72,
2026-05-27 00:00:00,1779840000000,83.73,84.19,83.48,83.63,175200.835,84.24902330035421,84.31172518445614,,-0.0960758968305697,-0.0819880425790662,,83.63,
2026-05-27 04:00:00,1779854400000,83.62,84.21,82.86,84.21,227771.079,84.21,84.21,,0.0,0.0,,84.21,
2026-05-27 08:00:00,1779868800000,84.2,84.42,83.6,83.94,252667.177,84.1842857142857,84.19941176470589,,-0.0215384615384692,-0.0172307692307754,,83.94,
2026-05-27 12:00:00,1779883200000,83.95,84.84,82.98,84.44,636298.917,84.2086394557823,84.20884659746253,,0.0017181678720277,0.0048206881437772,,84.44,
2026-05-27 16:00:00,1779897600000,84.44,84.75,83.16,83.91,380615.337,84.18019760285065,84.19712712305224,,-0.022359608719455,-0.0154056707581644,,83.91,
2026-05-27 20:00:00,1779912000000,83.92,84.14,82.1,82.44,446903.018,84.01446449781726,84.1282201770502,,-0.1582341105079905,-0.1210241380373599,,82.44,
2026-05-28 00:00:00,1779926400000,82.43,82.76,80.5,80.7,598957.898,83.69880121231085,83.99378017010706,,-0.401688673327996,-0.2915829606858923,,80.7,
2026-05-28 04:00:00,1779940800000,80.7,81.3,80.0,81.26,492291.581,81.26,81.26,,0.0,0.0,,81.26,
2026-05-28 08:00:00,1779955200000,81.26,81.32,80.6,80.88,239310.649,81.22380952380952,81.24509803921569,,-0.0303133903133954,-0.0242507122507163,,80.88,
2026-05-28 12:00:00,1779969600000,80.88,81.66,80.02,81.14,451157.827,81.21582766439909,81.24097654748175,,-0.0329770050567788,-0.0215314615952797,,81.14,
2026-05-28 16:00:00,1779984000000,81.15,83.01,80.91,82.19,352604.253,81.30860598207536,81.27819315346285,,0.049072607381376,0.0484145206743,,82.19,
2026-05-28 20:00:00,1779998400000,82.18,82.7,81.78,82.11,172593.272,81.3849292218777,81.31081302979764,,0.1064154933955165,0.0846059253507524,,82.11,
2026-05-29 00:00:00,1780012800000,82.12,82.48,81.47,81.61,214530.389,81.40636453407983,81.32254585215853,,0.1102435038807243,0.0707471486687681,,81.61,
2026-05-29 04:00:00,1780027200000,81.62,82.49,81.36,82.24,287971.67,82.24,82.24,,0.0,0.0,,82.24,
2026-05-29 08:00:00,1780041600000,82.25,82.65,81.52,81.77,257579.27,82.1952380952381,82.22156862745098,,-0.0374928774928662,-0.0299943019942929,,81.77,
2026-05-29 12:00:00,1780056000000,81.76,83.24,80.35,82.59,709390.782,82.23283446712018,82.23601691657055,,-0.00102726438908,0.0051770488875945,,82.59,
2026-05-29 16:00:00,1780070400000,82.58,83.22,81.6,82.06,372311.306,82.21637404168017,82.22911429239132,,-0.0147248351551922,-0.0068164175028141,,82.06,
2026-05-29 20:00:00,1780084800000,82.06,82.4,81.62,82.04,222494.229,82.1995765139011,82.22169804563087,,-0.026884187349097,-0.0151806157573751,,82.04,
2026-05-30 00:00:00,1780099200000,82.04,83.1,81.94,82.67,179009.035,82.24437875067244,82.23927851442966,,0.0141520374260579,0.0206844872142239,,82.67,
2026-05-30 04:00:00,1780113600000,82.67,82.8,81.86,82.37,218404.499,82.37,82.37,,0.0,0.0,,82.37,
2026-05-30 08:00:00,1780128000000,82.37,82.55,82.19,82.33,95905.497,82.36619047619047,82.36843137254903,,-0.0031908831908822,-0.0025527065527057,,82.33,
2026-05-30 12:00:00,1780142400000,82.33,82.92,82.25,82.69,226659.412,82.39702947845804,82.38104190695887,,0.0230634491603041,0.0189613006387844,,82.69,
2026-05-30 16:00:00,1780156800000,82.68,83.14,82.63,82.99,163056.436,82.45350286146204,82.4049226164899,,0.0673018753709584,0.050559781479551,,82.99,
2026-05-30 20:00:00,1780171200000,82.99,83.17,82.45,82.73,135455.365,82.47983592227519,82.41767074917658,,0.0804538973266488,0.0509694427481931,,82.73,
2026-05-31 00:00:00,1780185600000,82.74,83.42,82.62,83.25,163777.358,82.5531848820585,82.45031111195397,,0.131322815983367,0.081470689123929,,83.25,
2026-05-31 04:00:00,1780200000000,83.24,83.3,82.52,82.66,127597.952,82.66,82.66,,0.0,0.0,,82.66,
2026-05-31 08:00:00,1780214400000,82.67,83.05,82.49,82.76,120279.228,82.66952380952381,82.66392156862746,,0.0079772079772055,0.0063817663817644,,82.76,
2026-05-31 12:00:00,1780228800000,82.76,83.12,81.79,81.88,249911.435,82.59433106575965,82.63317954632834,,-0.0560631813053476,-0.0461268983206309,,81.88,
2026-05-31 16:00:00,1780243200000,81.88,82.04,81.33,81.58,166343.771,82.49772810711586,82.5918783876488,,-0.129530002751153,-0.0956749758131491,,81.58,
2026-05-31 20:00:00,1780257600000,81.59,82.92,81.59,82.44,165970.922,82.49223019215245,82.58592237244689,,-0.1170093642514302,-0.066523469850741,,82.44,
2026-06-01 00:00:00,1780272000000,82.45,83.1,81.63,82.63,291707.823,82.50535112623317,82.58765090686073,,-0.0907096119881032,-0.0321789740699312,,82.63,
2026-06-01 04:00:00,1780286400000,82.63,82.78,80.63,80.74,249279.418,80.74,80.74,,0.0,0.0,,80.74,
2026-06-01 08:00:00,1780300800000,80.74,81.29,80.46,80.81,313381.514,80.74666666666667,80.74274509803922,,0.0055840455840439,0.0044672364672351,,80.81,
2026-06-01 12:00:00,1780315200000,80.82,81.07,79.2,79.6,720264.874,80.63746031746032,80.69793156478279,,-0.0866288422983672,-0.0701965211321407,,79.6,
2026-06-01 16:00:00,1780329600000,79.61,81.31,79.11,81.2,359132.582,80.69103552532124,80.71762052302661,,-0.0302528559692092,-0.0110564278423862,,81.2,
2026-06-01 20:00:00,1780344000000,81.19,81.65,80.32,81.28,375381.185,80.74712738005255,80.73967462016283,,0.0206428923624031,0.0318714563913808,,81.28,
2026-06-02 00:00:00,1780358400000,81.28,81.3,79.41,80.92,306484.207,80.76359143909517,80.74674620368586,,0.031565283307529,0.0342350778692054,,80.92,
2026-06-02 04:00:00,1780372800000,80.92,81.02,79.16,79.67,332672.345,79.67,79.67,,0.0,0.0,,79.67,
2026-06-02 08:00:00,1780387200000,79.67,79.8,78.78,78.94,320665.067,79.6004761904762,79.64137254901961,,-0.0582336182336007,-0.0465868945868805,,78.94,
2026-06-02 12:00:00,1780401600000,78.93,79.22,75.58,76.38,1014165.414,79.29376417233561,79.51347558631296,,-0.3074111411433193,-0.2366115339972793,,76.38,
2026-06-02 16:00:00,1780416000000,76.38,77.67,74.5,75.53,828350.482,78.93531044163699,79.35726085743795,,-0.5669387030680895,-0.3969112767376396,,75.53,
2026-06-02 20:00:00,1780430400000,75.53,76.08,72.73,74.23,840199.402,78.48718563767156,79.1561918042051,,-0.8675151267633794,-0.5579901603463435,,74.23,
2026-06-03 00:00:00,1780444800000,74.23,75.13,72.28,72.71,647760.187,77.93697748170284,78.90339996874607,,-1.2143768247951527,-0.7238814867024935,,72.71,
2026-06-03 04:00:00,1780459200000,72.71,75.4,72.69,75.27,568926.469,75.27,75.27,,0.0,0.0,,75.27,
2026-06-03 08:00:00,1780473600000,75.26,75.71,74.73,75.12,405011.404,75.25571428571429,75.26411764705882,,-0.0119658119658083,-0.0095726495726466,,75.12,
2026-06-03 12:00:00,1780488000000,75.12,75.37,73.24,73.31,498929.081,75.07040816326531,75.18748558246828,,-0.1655918377285843,-0.1305589402683381,,73.31,
2026-06-03 16:00:00,1780502400000,73.31,74.1,71.71,71.99,746595.479,74.77703595724005,75.06209399099895,,-0.3893661674546393,-0.2834666159955145,,71.99,
2026-06-03 20:00:00,1780516800000,71.99,73.18,70.93,71.61,788023.06,74.47541348512193,74.92671775605781,,-0.5905641047903885,-0.3877316426650108,,71.61,
2026-06-04 00:00:00,1780531200000,71.61,72.09,66.8,71.48,1732539.983,74.19013601034841,74.79155235385946,,-0.7518381114803248,-0.4392045194839577,,71.48,
2026-06-04 04:00:00,1780545600000,71.49,71.8,69.14,69.15,523677.626,69.15,69.15,,0.0,0.0,,69.15,
2026-06-04 08:00:00,1780560000000,69.16,69.44,67.37,68.7,839513.769,69.10714285714286,69.13235294117648,,-0.0358974358974393,-0.0287179487179514,,68.7,
2026-06-04 12:00:00,1780574400000,68.69,70.64,68.32,69.64,963759.221,69.15789115646258,69.15226066897348,,0.0113726349623846,0.0148416977134979,,69.64,
2026-06-04 16:00:00,1780588800000,69.64,69.89,68.48,69.1,425259.159,69.15237771298996,69.15021123097452,,0.0052010650096718,0.0069361022086281,,69.1,
2026-06-04 20:00:00,1780603200000,69.09,69.15,67.57,68.88,443499.732,69.12643697841949,69.13961471211277,,-0.0172433395403004,-0.0124066418730752,,68.88,
2026-06-05 00:00:00,1780617600000,68.87,69.1,66.94,67.09,676499.592,68.9324905995224,69.05923766457893,,-0.1774235044778294,-0.1380694454484834,,67.09,
2026-06-05 04:00:00,1780632000000,67.1,68.1,63.87,66.18,1622506.686,66.18,66.18,,0.0,0.0,,66.18,
2026-06-05 08:00:00,1780646400000,66.18,66.8,65.1,66.08,646020.125,66.1704761904762,66.17607843137256,,-0.0079772079772055,-0.0063817663817644,,66.08,
2026-06-05 12:00:00,1780660800000,66.08,66.83,63.78,64.24,1471617.66,65.98662131519275,66.10015378700501,,-0.1609168756747152,-0.1274571472634193,,64.24,
2026-06-05 16:00:00,1780675200000,64.25,66.06,61.48,63.44,1744865.406,65.74408595184106,65.99583403065188,,-0.3427252549172124,-0.2474124212047331,,63.44,
2026-06-05 20:00:00,1780689600000,63.44,65.42,62.64,63.64,880084.019,65.54369681357048,65.90344838239102,,-0.4653076004215251,-0.2959958133672367,,63.64,
2026-06-06 00:00:00,1780704000000,63.64,64.86,62.58,62.84,483893.66,65.28620187894472,65.78331315170902,,-0.6198629127064237,-0.3604409005217082,,62.84,
2026-06-06 04:00:00,1780718400000,62.84,63.35,60.13,62.78,994852.173,62.78,62.78,,0.0,0.0,,62.78,
2026-06-06 08:00:00,1780732800000,62.79,63.6,61.2,62.46,562710.602,62.74952380952381,62.76745098039216,,-0.0255270655270649,-0.0204216524216519,,62.46,
2026-06-06 12:00:00,1780747200000,62.46,63.11,61.32,62.03,673721.75,62.68099773242631,62.73853133410227,,-0.0795379907630646,-0.0595460621261213,,62.03,
2026-06-06 16:00:00,1780761600000,62.04,62.4,61.38,61.64,495457.261,62.58185509124285,62.69545167394139,,-0.1520589379905459,-0.105653607482882,,61.64,
2026-06-06 20:00:00,1780776000000,61.64,62.38,61.38,62.2,360205.61,62.54548793969591,62.676022196531925,,-0.162472113875431,-0.0928534266942137,,62.2,
2026-06-07 00:00:00,1780790400000,62.21,64.15,61.96,63.84,542641.24,62.668774802582014,62.72166838490322,,-0.0379528401228412,0.0253326776467008,,63.84,
2026-06-07 04:00:00,1780804800000,63.84,65.02,63.31,64.93,514837.95,64.93,64.93,,0.0,0.0,,64.93,
2026-06-07 08:00:00,1780819200000,64.92,66.11,64.46,65.04,482584.632,64.9404761904762,64.9343137254902,,0.0087749287749403,0.0070199430199522,,65.04,
2026-06-07 12:00:00,1780833600000,65.05,65.35,63.67,64.99,461401.847,64.94519274376418,64.93649750096118,,0.0115612697948961,0.0078450272319264,,64.99,
2026-06-07 16:00:00,1780848000000,64.99,65.62,63.64,63.95,320474.202,64.85041248245331,64.8978113244529,,-0.0693504148167534,-0.0584533259037784,,63.95,
2026-06-07 20:00:00,1780862400000,63.94,67.92,63.75,66.5,619631.502,65.007516055553,64.96064225290573,,0.0714663612261574,0.0658907601113059,,66.5,
2026-06-08 00:00:00,1780876800000,66.5,67.11,65.4,66.37,492224.105,65.13727643121462,65.01591118416434,,0.1706080933255691,0.132025993768574,,66.37,
2026-06-08 04:00:00,1780891200000,66.37,66.42,64.98,66.11,338695.729,66.11,66.11,,0.0,0.0,,66.11,
2026-06-08 08:00:00,1780905600000,66.1,67.06,65.45,66.68,507275.676,66.16428571428571,66.13235294117646,,0.045470085470086,0.0363760683760688,,66.68,
2026-06-08 12:00:00,1780920000000,66.69,67.82,65.99,67.18,896729.15,66.26102040816326,66.1734371395617,,0.1204626585823263,0.0890949131906472,,67.18,
2026-06-08 16:00:00,1780934400000,67.19,67.82,66.56,67.46,491154.373,66.37520894071915,66.22389058506909,,0.2001809120624784,0.1350505333366395,,67.46,
2026-06-08 20:00:00,1780948800000,67.46,68.17,66.65,66.82,332916.334,66.41756999398399,66.2472674248703,,0.2093028381559065,0.115337967544054,,66.82,
2026-06-09 00:00:00,1780963200000,66.82,66.89,65.29,66.01,457007.966,66.37875380408074,66.23796281997343,,0.1494490442045304,0.0443873388741423,,66.01,
2026-06-09 04:00:00,1780977600000,66.01,67.47,65.83,66.89,636006.462,66.89,66.89,,0.0,0.0,,66.89,
2026-06-09 08:00:00,1780992000000,66.9,66.94,65.9,66.11,336582.783,66.8157142857143,66.85941176470588,,-0.0622222222222035,-0.0497777777777628,,66.11,
2026-06-09 12:00:00,1781006400000,66.11,66.52,64.26,64.33,747444.485,66.57897959183674,66.76021914648211,,-0.2522570433681466,-0.1918500791389646,,64.33,
2026-06-09 16:00:00,1781020800000,64.33,65.65,63.54,65.41,654504.027,66.46764820213801,66.70726937603183,,-0.3121161534583336,-0.2013673513833214,,65.41,
2026-06-09 20:00:00,1781035200000,65.42,65.7,64.69,64.96,250604.588,66.32406265907724,66.6387490083443,,-0.3913548732901546,-0.2244848569721138,,64.96,
2026-06-10 00:00:00,1781049600000,64.97,65.32,64.25,64.51,292280.116,66.15129478678418,66.5552686550759,,-0.484874042693562,-0.254403221100417,,64.51,
2026-06-10 04:00:00,1781064000000,64.52,64.8,63.83,64.5,242373.363,64.5,64.5,,0.0,0.0,,64.5,
2026-06-10 08:00:00,1781078400000,64.5,64.52,62.95,63.49,536332.572,64.40380952380951,64.46039215686274,,-0.0805698005698047,-0.0644558404558438,,63.49,
2026-06-10 12:00:00,1781092800000,63.5,65.77,63.3,65.44,933495.133,64.50249433106575,64.49880815071126,,0.0127794417252999,0.0231147214714087,,65.44,-8.438e-05
2026-06-10 16:00:00,1781107200000,65.44,65.49,63.36,63.56,525405.088,64.41273296620234,64.46199214480102,,-0.0642008321657101,-0.0430924419356811,,63.56,-8.438e-05
2026-06-10 20:00:00,1781121600000,63.56,63.66,62.34,63.19,408031.289,64.2962822075164,64.41211009990687,,-0.1532970486653369,-0.1057509267482462,,63.19,-1.777e-05
2026-06-11 00:00:00,1781136000000,63.19,65.48,63.19,65.27,593113.979,64.38901723537198,64.44575284108699,,-0.0554288758526126,-0.0063062031484176,,65.27,-8.243e-05
2026-06-11 04:00:00,1781150400000,65.27,65.43,64.77,65.04,328696.884,65.04,65.04,,0.0,0.0,,65.04,
2026-06-11 08:00:00,1781164800000,65.04,66.15,65.01,65.88,438214.859,65.12,65.0729411764706,,0.067008547008541,0.0536068376068328,,65.88,
2026-06-11 12:00:00,1781179200000,65.89,65.93,64.89,65.55,576466.001,65.16095238095238,65.09164936562861,,0.0924197043855201,0.0632143959870495,,65.55,
2026-06-11 16:00:00,1781193600000,65.56,67.42,65.05,66.93,715853.724,65.32943310657596,65.16374154736866,,0.2213609849015512,0.1537245412024644,,66.93,
2026-06-11 20:00:00,1781208000000,66.93,67.14,66.36,66.93,229215.584,65.48186804880683,65.23300658472675,,0.3198607233696435,0.2017794237364454,,66.93,
2026-06-12 00:00:00,1781222400000,66.93,67.3,66.42,67.04,293225.51,65.63026156796809,65.30386907160022,,0.4021626754643677,0.2272651006649356,,67.04,
2026-06-12 04:00:00,1781236800000,67.04,67.24,65.95,66.32,339082.427,66.32,66.32,,0.0,0.0,,66.32,
2026-06-12 08:00:00,1781251200000,66.32,67.49,66.31,66.93,425921.009,66.37809523809523,66.34392156862745,,0.0486609686609682,0.0389287749287746,,66.93,
2026-06-12 12:00:00,1781265600000,66.92,68.82,66.37,67.25,1083646.642,66.46113378684807,66.37945405613226,,0.111758183780978,0.0816207920390274,,67.25,
2026-06-12 16:00:00,1781280000000,67.26,68.22,66.68,66.78,467750.288,66.49150199762444,66.39516174020551,,0.1224268488034141,0.0738315656491709,,66.78,
2026-06-12 20:00:00,1781294400000,66.79,66.95,66.42,66.82,229960.807,66.5227875216602,66.41182206411902,,0.1325811949172646,0.067188729410417,,66.82,
2026-06-13 00:00:00,1781308800000,66.83,67.51,66.7,66.88,178716.201,66.55680775769257,66.43018198317318,,0.143812307172638,0.0627358733326324,,66.88,
2026-06-13 04:00:00,1781323200000,66.87,67.47,66.59,67.37,229140.529,67.37,67.37,,0.0,0.0,,67.37,
2026-06-13 08:00:00,1781337600000,67.38,67.96,67.26,67.9,229723.759,67.4204761904762,67.39078431372549,,0.0422792022792037,0.033823361823363,,67.9,
2026-06-13 12:00:00,1781352000000,67.91,68.71,67.77,68.6,360336.06,67.53281179138322,67.43820453671664,,0.1307625749791157,0.0978453876186199,,68.6,
2026-06-13 16:00:00,1781366400000,68.6,68.63,67.83,68.23,212144.32,67.59921066839435,67.46925533919834,,0.16908131341944,0.1089313008471554,,68.23,
2026-06-13 20:00:00,1781380800000,68.24,69.59,68.05,68.94,314953.631,67.72690489045203,67.52693160040626,,0.2538144411043816,0.1549315428256776,,68.94,
2026-06-14 00:00:00,1781395200000,68.94,69.11,68.64,68.94,195037.487,67.84243775802803,67.58234604744915,,0.3173083224403825,0.1747403393293428,,68.94,
2026-06-14 04:00:00,1781409600000,68.95,69.01,67.88,68.23,361445.599,68.23,68.23,,0.0,0.0,,68.23,
2026-06-14 08:00:00,1781424000000,68.23,68.52,67.92,68.11,157511.43,68.21857142857144,68.22529411764707,,-0.0095726495726466,-0.0076581196581173,,68.11,
2026-06-14 12:00:00,1781438400000,68.11,68.17,66.94,67.43,281861.67,68.1434693877551,68.19410611303346,,-0.0712085129179058,-0.0554351864027012,,67.43,
2026-06-14 16:00:00,1781452800000,67.43,67.76,67.19,67.57,109070.249,68.08885325558795,68.16963136350275,,-0.1075191350497419,-0.0733966468276298,,67.57,
2026-06-14 20:00:00,1781467200000,67.57,71.29,67.44,71.28,746895.496,68.392771993151,68.2916066041497,,0.1612120770697487,0.1562676522334886,,71.28,
2026-06-15 00:00:00,1781481600000,71.29,71.73,70.66,71.24,432170.587,68.66393656523186,68.40722987457521,,0.3667284161711137,0.2894271930678829,,71.24,
2026-06-15 04:00:00,1781496000000,71.24,71.5,70.81,71.28,235379.745,71.28,71.28,,0.0,0.0,,71.28,
2026-06-15 08:00:00,1781510400000,71.28,72.82,70.8,72.61,531480.205,71.40666666666667,71.3321568627451,,0.1060968660968626,0.0848774928774901,,72.61,
2026-06-15 12:00:00,1781524800000,72.61,75.26,72.31,75.25,838108.437,71.77269841269842,71.48579777008842,,0.398610400889595,0.301912822136178,,75.25,
2026-06-15 16:00:00,1781539200000,75.25,76.09,74.58,75.28,692334.257,72.10672713529857,71.63459001439868,,0.6256382654606654,0.4231525493657986,,75.28,
2026-06-15 20:00:00,1781553600000,75.27,75.46,73.62,73.98,373304.237,72.28513407479394,71.72656687657913,,0.6926756150196383,0.3921519191398172,,73.98,
2026-06-16 00:00:00,1781568000000,73.99,74.42,72.77,73.74,347371.226,72.42369273433738,71.80552503828191,,0.7181587166396923,0.334108016607897,,73.74,
2026-06-16 04:00:00,1781582400000,73.75,74.54,73.19,74.46,270329.098,74.46,74.46,,0.0,0.0,,74.46,
2026-06-16 08:00:00,1781596800000,74.45,75.65,74.35,74.66,346883.973,74.47904761904762,74.46784313725489,,0.0159544159544111,0.0127635327635289,,74.66,
2026-06-16 12:00:00,1781611200000,74.67,75.53,72.29,73.29,683409.892,74.36580498866213,74.42165321030372,,-0.0810152514995934,-0.0673649077523805,,73.29,
2026-06-16 16:00:00,1781625600000,73.29,74.34,73.01,73.84,359839.781,74.31572832307526,74.39884328048788,,-0.1121907430775195,-0.0788323194642452,,73.84,
2026-06-16 20:00:00,1781640000000,73.85,74.26,73.42,73.52,178071.625,74.23994467325858,74.36437883811581,,-0.1608645243072004,-0.1020048805551409,,73.52,
2026-06-17 00:00:00,1781654400000,73.53,74.47,73.17,73.68,260727.943,74.18661660913871,74.33754045230735,,-0.1844025064751093,-0.1004342901784399,,73.68,
2026-06-17 04:00:00,1781668800000,73.68,74.11,72.99,73.26,245082.087,73.26,73.26,,0.0,0.0,,73.26,
2026-06-17 08:00:00,1781683200000,73.27,73.3,71.71,72.04,332561.502,73.14380952380954,73.2121568627451,,-0.0973219373219365,-0.0778575498575492,,72.04,
2026-06-17 12:00:00,1781697600000,72.04,73.87,71.59,73.81,434016.636,73.20725623582767,73.23560169165705,,-0.0312656553112447,-0.0094410142774859,,73.81,
2026-06-17 16:00:00,1781712000000,73.8,74.69,71.43,71.66,883283.168,73.05989849908218,73.17381339002344,,-0.1506658257551549,-0.1030729477771169,,71.66,
2026-06-17 20:00:00,1781726400000,71.66,72.25,70.83,72.05,287568.055,72.96371768964579,73.12974227668919,,-0.2113848672624385,-0.1310335914275204,,72.05,
2026-06-18 00:00:00,1781740800000,72.05,72.68,71.54,71.65,204887.852,72.83860171920334,73.07171316779942,,-0.2884566534318225,-0.1664843020775234,,71.65,
2026-06-18 04:00:00,1781755200000,71.66,71.85,70.64,71.78,253836.086,71.78,71.78,,0.0,0.0,,71.78,
2026-06-18 08:00:00,1781769600000,71.77,72.16,70.72,70.94,280585.067,71.69999999999999,71.74705882352941,,-0.067008547008541,-0.0536068376068328,,70.94,
2026-06-18 12:00:00,1781784000000,70.94,71.8,68.35,68.44,772732.264,71.38952380952381,71.61737024221453,,-0.3181746901404949,-0.2438183845910294,,68.44,
2026-06-18 16:00:00,1781798400000,68.43,69.53,68.23,69.37,521751.574,71.19718820861678,71.52923807585319,,-0.4371433243306057,-0.2902296150249122,,69.37,
2026-06-18 20:00:00,1781812800000,69.38,69.96,69.26,69.71,229919.486,71.05555123636756,71.45789540621189,,-0.4982481707834694,-0.2810675691822206,,69.71,
2026-06-19 00:00:00,1781827200000,69.72,70.09,68.64,69.05,315287.67,70.8645463567135,71.36346813538005,,-0.5930938690495964,-0.300730613958678,,69.05,
2026-06-19 04:00:00,1781841600000,69.06,69.27,67.98,68.38,437408.876,68.38,68.38,,0.0,0.0,,68.38,
2026-06-19 08:00:00,1781856000000,68.37,68.76,68.05,68.25,287751.014,68.36761904761904,68.37490196078431,,-0.0103703703703814,-0.0082962962963051,,68.25,
2026-06-19 12:00:00,1781870400000,68.25,69.58,67.92,69.33,412971.775,68.45927437641723,68.4123567858516,,0.0677767225915317,0.0558806373324864,,69.33,
2026-06-19 16:00:00,1781884800000,69.34,69.57,68.63,68.97,231026.583,68.50791491199654,68.43422514719076,,0.0995127444552252,0.0700933273569439,,68.97,
2026-06-19 20:00:00,1781899200000,68.97,69.87,68.72,69.74,200124.95,68.62525634894925,68.48543200416367,,0.1846676021039286,0.1241985480045178,,69.74,
2026-06-20 00:00:00,1781913600000,69.73,70.12,69.48,70.0,211959.032,68.75618431571598,68.5448268275298,,0.2700206375597105,0.1676412667682397,,70.0,
2026-06-20 04:00:00,1781928000000,70.0,72.46,69.89,71.6,457139.888,71.6,71.6,,0.0,0.0,,71.6,
2026-06-20 08:00:00,1781942400000,71.6,72.1,71.21,71.78,214467.355,71.61714285714285,71.6070588235294,,0.0143589743589842,0.0114871794871874,,71.78,
2026-06-20 12:00:00,1781956800000,71.78,72.62,70.47,72.02,663057.406,71.65551020408162,71.6232525951557,,0.044590547154641,0.0333750018262753,,72.02,
2026-06-20 16:00:00,1781971200000,72.03,72.05,71.09,71.86,304517.104,71.67498542274052,71.63253680711038,,0.0550045651893782,0.03503121588881,,71.86,
2026-06-20 20:00:00,1781985600000,71.86,74.3,71.7,73.22,416473.842,71.8221296681938,71.69479026565509,,0.1710268919665623,0.1208428341327952,,73.22,
2026-06-21 00:00:00,1782000000000,73.22,73.86,72.88,73.63,252246.07,71.99430779503248,71.77068084347253,,0.2926851036356908,0.194000836641539,,73.63,
2026-06-21 04:00:00,1782014400000,73.63,73.84,73.01,73.21,299426.248,73.21,73.21,,0.0,0.0,,73.21,
2026-06-21 08:00:00,1782028800000,73.21,74.4,72.75,73.21,402272.224,73.21,73.21,,0.0,0.0,,73.21,
2026-06-21 12:00:00,1782043200000,73.21,74.29,72.93,74.14,432843.773,73.29857142857144,73.24647058823528,,0.0741880341880261,0.0593504273504208,,74.14,
2026-06-21 16:00:00,1782057600000,74.14,74.68,73.8,74.42,322000.612,73.40537414965986,73.29249134948097,,0.1538032970511409,0.1111725521708285,,74.42,
2026-06-21 20:00:00,1782072000000,74.42,74.55,72.31,72.46,413896.691,73.31533851635892,73.25984462989348,,0.0580739070202298,0.0123545297119339,,72.46,
2026-06-22 00:00:00,1782086400000,72.47,74.99,72.46,73.52,472993.64,73.33483008622949,73.27004680127021,,0.066968841816319,0.0169995716064185,,73.52,
2026-06-22 04:00:00,1782100800000,73.53,74.48,73.36,74.1,293964.486,74.1,74.1,,0.0,0.0,,74.1,
2026-06-22 08:00:00,1782115200000,74.1,74.44,73.57,74.17,442592.469,74.10666666666667,74.10274509803921,,0.0055840455840439,0.0044672364672351,,74.17,
2026-06-22 12:00:00,1782129600000,74.18,75.0,72.98,73.14,718697.513,74.01460317460318,74.06499038831218,,-0.0722698679393829,-0.0587093416449533,,73.14,
2026-06-22 16:00:00,1782144000000,73.15,73.57,72.45,72.71,377129.477,73.8903552532124,74.01185351033915,,-0.1667449298971774,-0.1225475228821983,,72.71,
2026-06-22 20:00:00,1782158400000,72.71,72.97,71.37,71.95,261846.482,73.70555951481123,73.9309965099337,,-0.2994904065889301,-0.2042343996591607,,71.95,
2026-06-23 00:00:00,1782172800000,71.95,72.06,71.31,72.0,237636.993,73.5431252753054,73.85527115660298,,-0.3960916728677688,-0.2406685327503995,,72.0,
2026-06-23 04:00:00,1782187200000,71.99,72.03,69.68,70.01,507028.023,70.01,70.01,,0.0,0.0,,70.01,
2026-06-23 08:00:00,1782201600000,70.01,70.11,68.16,69.33,624206.995,69.9452380952381,69.98333333333333,,-0.0542450142450121,-0.0433960113960097,,69.33,
2026-06-23 12:00:00,1782216000000,69.33,69.68,68.4,68.92,431542.181,69.84759637188209,69.94163398692811,,-0.128833045186326,-0.0943872338698588,,68.92,
2026-06-23 16:00:00,1782230400000,68.93,69.41,68.64,68.84,227099.985,69.75163481265523,69.89843265410741,,-0.1921845446966159,-0.126190986704119,,68.84,
2026-06-23 20:00:00,1782244800000,68.84,69.84,68.83,69.71,175005.108,69.74766959240235,69.89104313826006,,-0.1702270637465943,-0.0833868046032779,,69.71,
2026-06-24 00:00:00,1782259200000,69.7,70.41,69.1,69.56,263739.255,69.72979629788784,69.87806105440673,,-0.1630498115635816,-0.0609676419362122,,69.56,
2026-06-24 04:00:00,1782273600000,69.57,70.22,69.0,69.38,251886.385,69.38,69.38,,0.0,0.0,,69.38,
2026-06-24 08:00:00,1782288000000,69.38,70.44,68.77,69.82,339937.013,69.42190476190476,69.39725490196078,,0.0350997150997187,0.028079772079775,,69.82,
2026-06-24 12:00:00,1782302400000,69.82,69.93,67.24,67.33,668268.346,69.22267573696145,69.31618608227605,,-0.1364329834985085,-0.1147623412147618,,67.33,
2026-06-24 16:00:00,1782316800000,67.32,68.03,64.71,66.13,1338113.18,68.92813519058417,69.19123760846131,,-0.3649964028162173,-0.2746606084259765,,66.13,
2026-06-24 20:00:00,1782331200000,66.13,68.55,65.98,68.11,506723.35,68.85021755338568,69.1488361336197,,-0.3819620857253483,-0.2333010330680859,,68.11,
2026-06-25 00:00:00,1782345600000,68.12,68.32,67.4,67.7,233177.391,68.7406730244918,69.0920190303405,,-0.4236079958595695,-0.2199575545618457,,67.7,
2026-06-25 04:00:00,1782360000000,67.7,69.66,67.5,69.45,499488.658,69.45,69.45,,0.0,0.0,,69.45,
2026-06-25 08:00:00,1782374400000,69.44,69.45,68.0,68.18,329991.596,69.32904761904763,69.40019607843138,,-0.1013105413105392,-0.0810484330484314,,68.18,
2026-06-25 12:00:00,1782388800000,68.18,68.92,64.04,66.32,1569669.256,69.04247165532881,69.27940407535563,,-0.3279064293309375,-0.2461154568550637,,66.32,
2026-06-25 16:00:00,1782403200000,66.32,67.35,65.65,66.2,676745.947,68.77176006910702,69.15864313122404,,-0.5112746443972611,-0.3435869375371098,,66.2,
2026-06-25 20:00:00,1782417600000,66.19,68.81,66.08,67.72,407828.433,68.67159244347778,69.10222575352898,,-0.5278591474333041,-0.2881371524585222,,67.72,
2026-06-26 00:00:00,1782432000000,67.72,68.5,65.91,68.21,684689.26,68.62763125838465,69.06723650829255,,-0.4957488959950638,-0.2048215208162255,,68.21,
2026-06-26 04:00:00,1782446400000,68.22,70.99,67.96,70.77,887746.047,70.77,70.77,,0.0,0.0,,70.77,
2026-06-26 08:00:00,1782460800000,70.78,70.88,68.39,68.61,503215.77,70.56428571428572,70.68529411764706,,-0.1723076923076973,-0.1378461538461579,,68.61,
2026-06-26 12:00:00,1782475200000,68.61,72.24,68.19,72.07,1040581.28,70.70768707482993,70.73959630911189,,-0.0293315801008162,0.0041039666885785,,72.07,
2026-06-26 16:00:00,1782489600000,72.06,73.93,72.01,73.01,812035.98,70.92695497246518,70.82863174797025,,0.1580067594356506,0.1531538449800364,,73.01,
2026-06-26 20:00:00,1782504000000,73.01,73.68,71.41,71.9,494600.379,71.0196259274685,70.8706461892263,,0.2144341564008414,0.1676649935561817,,71.9,
2026-06-27 00:00:00,1782518400000,71.9,72.5,71.36,72.27,368000.362,71.13870917247151,70.92552280925665,,0.2857156308732698,0.191157174422888,,72.27,
2026-06-27 04:00:00,1782532800000,72.26,72.59,71.51,72.31,317095.803,72.31,72.31,,0.0,0.0,,72.31,
2026-06-27 08:00:00,1782547200000,72.31,72.33,71.53,71.81,184926.87,72.26238095238095,72.29039215686275,,-0.0398860398860421,-0.0319088319088336,,71.81,
2026-06-27 12:00:00,1782561600000,71.81,73.19,71.64,72.84,358291.581,72.31739229024943,72.31194540561323,,0.0114839976948104,0.0155689645376151,,72.84,
2026-06-27 16:00:00,1782576000000,72.83,73.01,70.94,71.11,396679.167,72.20240254832092,72.26481029166762,,-0.0864053916386353,-0.0658563398366645,,71.11,
2026-06-27 20:00:00,1782590400000,71.11,71.63,70.25,70.5,296838.777,72.04026897229035,72.19560204493555,,-0.2107756494738168,-0.1521812781374768,,70.5,
2026-06-28 00:00:00,1782604800000,70.49,71.01,70.44,70.87,169734.883,71.92881478445317,72.14361765101651,,-0.2762990634532229,-0.1741637536935063,,70.87,
2026-06-28 04:00:00,1782619200000,70.86,71.09,70.14,71.08,245333.917,71.08,71.08,,0.0,0.0,,71.08,
2026-06-28 08:00:00,1782633600000,71.08,72.2,71.06,71.92,337814.196,71.16,71.1129411764706,,0.0670085470085553,0.0536068376068442,,71.92,
2026-06-28 12:00:00,1782648000000,71.92,72.41,71.33,72.09,246304.518,71.24857142857142,71.15125720876587,,0.1323057442715622,0.0951232278958809,,72.09,
2026-06-28 16:00:00,1782662400000,72.09,72.13,70.25,70.74,294133.919,71.20013605442176,71.13512947508879,,0.074264451594189,0.0296655481748061,,70.74,
2026-06-28 20:00:00,1782676800000,70.73,71.82,69.74,71.38,415953.485,71.21726595400065,71.14473224077157,,0.0789983168572803,0.0275195307503179,,71.38,
2026-06-29 00:00:00,1782691200000,71.39,73.33,70.35,72.68,553184.644,71.35657395838153,71.20493881956484,,0.1855106236376826,0.1072254700245762,,72.68,
2026-06-29 04:00:00,1782705600000,72.68,73.12,71.03,72.72,367744.393,72.72,72.72,,0.0,0.0,,72.72,
2026-06-29 08:00:00,1782720000000,72.72,73.68,72.25,72.52,443879.005,72.70095238095239,72.7121568627451,,-0.0159544159544253,-0.0127635327635402,,72.52,
2026-06-29 12:00:00,1782734400000,72.53,74.55,72.12,73.92,1366136.321,72.81705215419503,72.75952326028452,,0.0834084138927409,0.0692794376669007,,73.92,
2026-06-29 16:00:00,1782748800000,73.92,76.49,72.89,75.98,823136.545,73.11828528236693,72.88581646576357,,0.324636745950869,0.2484062157800231,,75.98,
2026-06-29 20:00:00,1782763200000,75.98,76.0,74.89,75.16,307641.192,73.31273430309389,72.97500013377285,,0.4445206329371416,0.2946320822130365,,75.16,
2026-06-30 00:00:00,1782777600000,75.17,75.24,74.04,74.19,326692.743,73.39628341708494,73.02264718735039,,0.4560020756421892,0.2448908199344673,,74.19,
2026-06-30 04:00:00,1782792000000,74.19,74.26,73.69,74.16,265517.961,74.16,74.16,,0.0,0.0,,74.16,
2026-06-30 08:00:00,1782806400000,74.16,75.8,73.3,73.4,452688.812,74.08761904761904,74.13019607843137,,-0.0606267806267766,-0.0485014245014212,,73.4,
2026-06-30 12:00:00,1782820800000,73.41,74.1,71.9,73.13,960183.473,73.99641723356008,74.09097270280661,,-0.1289739531334817,-0.0934788776065011,,73.13,
2026-06-30 16:00:00,1782835200000,73.14,73.97,72.73,73.75,406037.595,73.97294892560197,74.07760122426518,,-0.131593829563144,-0.0768790032289307,,73.75,
2026-06-30 20:00:00,1782849600000,73.74,73.94,73.19,73.67,257663.519,73.94409664697321,74.06161686252929,,-0.1385285609019177,-0.0670509876541635,,73.67,
2026-07-01 00:00:00,1782864000000,73.67,75.69,72.25,75.48,606723.588,74.09037315678529,74.11723973066539,,0.0020043824754196,0.0587855645785391,,75.48,
2026-07-01 04:00:00,1782878400000,75.48,75.87,73.96,74.87,462549.137,74.87,74.87,,0.0,0.0,,74.87,
2026-07-01 08:00:00,1782892800000,74.87,75.58,74.46,74.84,493452.245,74.86714285714287,74.86882352941177,,-0.0023931623931474,-0.0019145299145179,,74.84,
2026-07-01 12:00:00,1782907200000,74.84,77.8,74.27,77.43,1052393.689,75.11122448979593,74.96926182237601,,0.2023688119414828,0.1622779555360898,,77.43,
2026-07-01 16:00:00,1782921600000,77.43,78.25,76.8,77.0,503230.399,75.29110787172013,75.04889861365538,,0.3261866686202523,0.2288766497718875,,77.0,
2026-07-01 20:00:00,1782936000000,77.01,78.96,76.59,77.46,494976.238,75.4976690267944,75.14345160919831,,0.4561728905922848,0.287090297395136,,77.46,
2026-07-02 00:00:00,1782950400000,77.46,78.96,76.9,78.72,441268.976,75.80455769090922,75.2837084088376,,0.6533282167459618,0.3873964988390503,,78.72,
2026-07-02 04:00:00,1782964800000,78.71,78.72,77.59,77.99,293551.819,77.99,77.99,,0.0,0.0,,77.99,
2026-07-02 08:00:00,1782979200000,78.0,82.78,77.94,82.38,1360405.346,78.40809523809523,78.16215686274509,,0.3501994301994244,0.2801595441595396,,82.38,
2026-07-02 12:00:00,1782993600000,82.37,82.45,80.09,80.86,946198.276,78.64160997732426,78.26795463283352,,0.4993277651966963,0.3434303033254491,,80.86,
2026-07-02 16:00:00,1783008000000,80.87,81.32,80.15,80.83,460956.211,78.85002807472195,78.36842700017338,,0.6080826970014499,0.3617481881041621,,80.83,
2026-07-02 20:00:00,1783022400000,80.84,81.17,80.41,80.73,238123.182,79.02907301998653,78.46103770604894,,0.6783826270820725,0.3456384945478278,,80.73,
2026-07-03 00:00:00,1783036800000,80.72,81.69,80.34,80.73,263041.039,79.1910660657021,78.55001661953723,,0.7257300637311914,0.3143887449575573,,80.73,
2026-07-03 04:00:00,1783051200000,80.72,81.51,80.44,81.22,244578.799,81.22,81.22,,0.0,0.0,,81.22,
2026-07-03 08:00:00,1783065600000,81.23,81.88,80.67,81.58,349702.171,81.25428571428571,81.23411764705882,,0.02871794871794,0.022974358974352,,81.58,
2026-07-03 12:00:00,1783080000000,81.57,82.06,80.91,81.21,320516.253,81.25006802721089,81.23317185697809,,0.0213748265030346,0.0125049894075573,,81.21,
2026-07-03 16:00:00,1783094400000,81.21,83.22,81.08,82.48,343571.496,81.36720440557175,81.28206707827307,,0.1166886216166744,0.0862550276169577,,82.48,
2026-07-03 20:00:00,1783108800000,82.47,83.05,82.16,82.34,247807.625,81.45985160504111,81.323554643831,,0.1788667958895615,0.1187465615118758,,82.34,
2026-07-04 00:00:00,1783123200000,82.35,82.85,81.8,82.74,314311.283,81.58177049979909,81.37910152054351,,0.2574523535576105,0.1578656953439398,,82.74,
2026-07-04 04:00:00,1783137600000,82.74,83.98,82.26,82.72,540722.828,82.72,82.72,,0.0,0.0,,82.72,
2026-07-04 08:00:00,1783152000000,82.72,82.78,81.42,81.82,292710.024,82.63428571428571,82.68470588235294,,-0.0717948717948786,-0.0574358974359029,,81.82,
2026-07-04 12:00:00,1783166400000,81.82,82.42,81.36,82.23,254445.31,82.59578231292517,82.66687427912342,,-0.0945196873401954,-0.0641285703849757,,82.23,
2026-07-04 16:00:00,1783180800000,82.24,82.83,81.71,81.88,259801.408,82.52761256883706,82.63601646425585,,-0.1391671104900638,-0.0870207948278753,,81.88,
2026-07-04 20:00:00,1783195200000,81.88,82.29,81.45,81.8,191799.609,82.45831613370972,82.60323150487326,,-0.1789431017272562,-0.1014374288520542,,81.8,
2026-07-05 00:00:00,1783209600000,81.8,81.84,80.2,80.56,330266.643,82.27752412097546,82.52310477919195,,-0.3069847689161946,-0.183583276832794,,80.56,
2026-07-05 04:00:00,1783224000000,80.56,80.87,80.24,80.72,141408.02,80.72,80.72,,0.0,0.0,,80.72,
2026-07-05 08:00:00,1783238400000,80.72,80.87,79.68,80.57,244060.645,80.70571428571428,80.71411764705883,,-0.0119658119658083,-0.0095726495726466,,80.57,
2026-07-05 12:00:00,1783252800000,80.57,81.75,80.37,81.36,249011.175,80.76802721088434,80.739446366782,,0.0418155696788176,0.0353669856575834,,81.36,
2026-07-05 16:00:00,1783267200000,81.36,81.54,80.81,81.04,149854.907,80.79392938127631,80.75123278377094,,0.0579483835635841,0.0411998396338799,,81.04,
2026-07-05 20:00:00,1783281600000,81.04,82.43,80.79,81.59,290880.749,80.86974563067857,80.78412561577993,,0.1138023159968071,0.0776430176536823,,81.59,
2026-07-06 00:00:00,1783296000000,81.59,82.33,80.45,80.8,305151.36,80.86310318966156,80.7847481406513,,0.0932456839601911,0.0456691084936531,,80.8,
2026-07-06 04:00:00,1783310400000,80.8,81.02,80.15,80.82,223253.418,80.82,80.82,,0.0,0.0,,80.82,
2026-07-06 08:00:00,1783324800000,80.83,81.08,80.06,80.39,221770.807,80.77904761904762,80.80313725490196,,-0.0343019943019839,-0.0274415954415871,,80.39,
2026-07-06 12:00:00,1783339200000,80.39,81.54,79.23,81.5,724558.007,80.84770975056689,80.83046520569012,,0.0277611383024378,0.0276972297302677,,81.5,
2026-07-06 16:00:00,1783353600000,81.5,82.4,81.29,82.07,526008.258,80.96411834575099,80.87907441331012,,0.1215398189662835,0.0971807283152907,,82.07,
2026-07-06 20:00:00,1783368000000,82.08,83.74,81.68,81.94,392865.79,81.05705945567946,80.92067933827836,,0.1832577047403276,0.1271188912714678,,81.94,
2026-07-07 00:00:00,1783382400000,81.94,82.5,80.97,81.05,238050.811,81.05638712656713,80.92575073677725,,0.1585266157628382,0.0819102418351827,,81.05,
2026-07-07 04:00:00,1783396800000,81.05,81.76,80.46,81.5,270894.805,81.5,81.5,,0.0,0.0,,81.5,
2026-07-07 08:00:00,1783411200000,81.51,81.6,80.76,81.32,310571.446,81.48285714285714,81.4929411764706,,-0.01435897435897,-0.011487179487176,,81.32,
2026-07-07 12:00:00,1783425600000,81.32,82.36,80.51,82.11,490143.641,81.5425850340136,81.51713956170704,,0.0375746950105764,0.0323571919058963,,82.11,
2026-07-07 16:00:00,1783440000000,82.11,82.79,80.78,81.37,312428.022,81.52614836410754,81.51136938281657,,0.0188039266247841,0.0108691388160832,,81.37,
2026-07-07 20:00:00,1783454400000,81.38,81.49,80.34,80.58,236900.792,81.4360389960973,81.47484509329435,,-0.059136748624752,-0.0536572291467623,,80.58,
2026-07-08 00:00:00,1783468800000,80.58,80.78,78.22,78.73,472550.205,81.17832099646897,81.3672041092436,,-0.2671058047476151,-0.2093010282157003,,78.73,
2026-07-08 04:00:00,1783483200000,78.73,78.93,77.8,78.28,403840.132,78.28,78.28,,0.0,0.0,,78.28,
2026-07-08 08:00:00,1783497600000,78.29,78.43,76.9,77.56,421883.719,78.21142857142857,78.25176470588237,,-0.0574358974358943,-0.0459487179487155,,77.56,
2026-07-08 12:00:00,1783512000000,77.56,77.66,76.29,76.75,481741.484,78.07224489795918,78.19287197231836,,-0.1663963766527842,-0.1239273577324843,,76.75,
2026-07-08 16:00:00,1783526400000,76.76,77.68,76.76,77.42,242811.91,78.01012633624879,78.16256326752156,,-0.1964207250232448,-0.1231613648823558,,77.42,
2026-07-08 20:00:00,1783540800000,77.42,77.95,76.93,77.83,148575.91,77.99297144708224,78.14952157075601,,-0.184999109358813,-0.0893917993743392,,77.83,
2026-07-09 00:00:00,1783555200000,77.83,78.78,76.71,77.38,288234.275,77.93459321402679,78.11934425425576,,-0.2098397340165121,-0.0913859392256306,,77.38,
2026-07-09 04:00:00,1783569600000,77.39,78.83,77.22,78.21,285134.96,78.21,78.21,,0.0,0.0,,78.21,
2026-07-09 08:00:00,1783584000000,78.22,78.41,77.32,77.61,233675.069,78.15285714285714,78.1864705882353,,-0.0478632478632476,-0.0382905982905981,,77.61,
2026-07-09 12:00:00,1783598400000,77.61,78.49,77.35,77.63,359318.017,78.10306122448979,78.16464821222607,,-0.0832220517690558,-0.058919521757125,,77.63,
2026-07-09 16:00:00,1783612800000,77.63,78.43,77.26,78.15,185705.056,78.1075315840622,78.16407377253093,,-0.0684949374300885,-0.0353539259345261,,78.15,
2026-07-09 20:00:00,1783627200000,78.16,78.32,77.74,78.04,106370.457,78.10110000462771,78.15920813439246,,-0.06495095967243,-0.0254479585414941,,78.04,
2026-07-10 00:00:00,1783641600000,78.05,79.45,77.79,79.07,292909.143,78.19337619466317,78.1949254624555,,0.0207310851197206,0.0481872690005252,,79.07,
2026-07-10 04:00:00,1783656000000,79.07,79.37,78.75,78.87,218695.467,78.87,78.87,,0.0,0.0,,78.87,
2026-07-10 08:00:00,1783670400000,78.87,79.68,78.81,79.36,269721.393,78.91666666666667,78.88921568627451,,0.0390883190883215,0.0312706552706572,,79.36,
2026-07-10 12:00:00,1783684800000,79.37,79.56,77.07,78.14,648564.175,78.84269841269843,78.85983467896963,,-0.0280543177409242,-0.0286975852468708,,78.14,
2026-07-10 16:00:00,1783699200000,78.15,78.26,77.33,77.89,257166.899,78.75196523053667,78.82180194646102,,-0.1002822603536941,-0.0807404222877125,,77.89,
2026-07-10 20:00:00,1783713600000,77.9,78.25,77.71,78.13,166674.998,78.69273044667604,78.79467245836452,,-0.136582987353961,-0.0936329194303835,,78.13,
2026-07-11 00:00:00,1783728000000,78.14,78.14,77.47,77.79,188515.163,78.60675611842119,78.75527353842865,,-0.1905897337233568,-0.1181117326398235,,77.79,
2026-07-11 04:00:00,1783742400000,77.8,78.12,77.6,78.0,158123.53,78.0,78.0,,0.0,0.0,,78.0,
2026-07-11 08:00:00,1783756800000,77.99,78.34,77.75,78.13,143126.137,78.01238095238095,78.00509803921568,,0.0103703703703672,0.0082962962962938,,78.13,
2026-07-11 12:00:00,1783771200000,78.13,78.88,77.95,78.38,209188.358,78.04739229024943,78.0198000768935,,0.038320143505345,0.0289968555450172,,78.38,
2026-07-11 16:00:00,1783785600000,78.39,78.4,77.63,78.15,423253.248,78.05716445308283,78.02490595623101,,0.0414338387705726,0.0256884406481958,,78.15,
2026-07-11 20:00:00,1783800000000,78.15,78.32,76.77,76.79,219262.031,77.9364821242178,77.97647827167293,,-0.0650888653808436,-0.0646674108025763,,76.79,
2026-07-12 00:00:00,1783814400000,76.79,77.09,75.65,77.04,314558.349,77.8511028742923,77.9397536335681,,-0.1278620510791768,-0.1019524772007275,,77.04,
2026-07-12 04:00:00,1783828800000,77.05,77.08,75.85,76.51,161447.662,76.51,76.51,,0.0,0.0,,76.51,
2026-07-12 08:00:00,1783843200000,76.52,77.28,76.39,76.95,131018.541,76.55190476190477,76.52725490196079,,0.0350997150997187,0.028079772079775,,76.95,
2026-07-12 12:00:00,1783857600000,76.94,77.71,76.78,77.46,220558.289,76.63839002267574,76.56383314109958,,0.1028832558177157,0.0766906502382175,,77.46,
2026-07-12 16:00:00,1783872000000,77.47,77.78,77.23,77.68,115689.288,76.7375909728971,76.60760439046823,,0.1723674172826292,0.1169398493625049,,77.68,
2026-07-12 20:00:00,1783886400000,77.67,77.71,76.46,76.92,163742.831,76.75496326119261,76.61985519868516,,0.1642154934470738,0.0870303404215595,,76.92,
2026-07-13 00:00:00,1783900800000,76.92,78.2,75.43,75.86,410430.032,76.66972866488855,76.59005695559947,,0.071398852340053,-0.0046290405483689,,75.86,
2026-07-13 04:00:00,1783915200000,75.87,76.69,75.72,76.44,263894.537,76.44,76.44,,0.0,0.0,,76.44,
2026-07-13 08:00:00,1783929600000,76.45,76.9,76.1,76.34,164774.649,76.43047619047618,76.43607843137255,,-0.0079772079772055,-0.0063817663817644,,76.34,
2026-07-13 12:00:00,1783944000000,76.35,76.41,75.11,75.81,318781.651,76.37138321995464,76.41152633602461,,-0.0564154511732795,-0.0438560076622707,,75.81,
2026-07-13 16:00:00,1783958400000,75.82,76.04,74.52,75.2,242939.915,76.2598229132923,76.36401549931777,,-0.1423836992480005,-0.1038594045895933,,75.2,
2026-07-13 20:00:00,1783972800000,75.19,75.35,74.1,75.01,197827.578,76.14079215964541,76.3109168522857,,-0.2232718286598327,-0.1477980272011405,,75.01,
2026-07-14 00:00:00,1783987200000,75.02,75.56,74.56,75.15,183173.552,76.04643100158395,76.26539070121568,,-0.2729332197527725,-0.1579675346352642,,75.15,
2026-07-14 04:00:00,1784001600000,75.15,75.48,74.91,74.97,158889.644,74.97,74.97,,0.0,0.0,,74.97,
2026-07-14 08:00:00,1784016000000,74.98,75.62,74.85,75.4,187574.99,75.01095238095238,74.98686274509804,,0.0343019943019839,0.0274415954415871,,75.4,
2026-07-14 12:00:00,1784030400000,75.4,77.95,75.19,77.38,834207.528,75.23657596371882,75.08071126489811,,0.2187345881932714,0.1694993514662996,,77.38,
2026-07-14 16:00:00,1784044800000,77.39,77.65,76.81,77.17,218849.427,75.42071158622178,75.16264415647075,,0.3439882205788365,0.2358023870814918,,77.17,
2026-07-14 20:00:00,1784059200000,77.18,77.95,76.93,77.87,215284.461,75.65397714943876,75.26881497386405,,0.494041770503955,0.3086847496052882,,77.87,
2026-07-15 00:00:00,1784073600000,77.87,77.92,77.03,77.78,231548.016,75.85645551615887,75.36729281802624,,0.5987955002685936,0.3307507834959414,,77.78,
2026-07-15 04:00:00,1784088000000,77.78,78.7,77.4,77.42,353489.062,77.42,77.42,,0.0,0.0,,77.42,
2026-07-15 08:00:00,1784102400000,77.42,77.91,77.23,77.52,186955.663,77.42952380952381,77.42392156862746,,0.0079772079772055,0.0063817663817644,,77.52,
2026-07-15 12:00:00,1784116800000,77.53,79.04,77.26,78.07,577512.868,77.49052154195012,77.4492579777009,,0.0580108927687206,0.0451323609386236,,78.07,
2026-07-15 16:00:00,1784131200000,78.06,78.12,76.94,77.18,309252.556,77.46094806176438,77.43869884132047,,0.0255528293687063,0.0101394380308875,,77.18,
2026-07-15 20:00:00,1784145600000,77.18,77.74,77.1,77.29,130633.423,77.4446672939773,77.43286751420987,,0.008606451156524,-0.0054455521450358,,77.29,
2026-07-16 00:00:00,1784160000000,77.28,77.48,76.7,76.95,211643.587,77.39755612312231,77.41393153326047,,-0.031891212128329,-0.0367545723439111,,76.95,
2026-07-16 04:00:00,1784174400000,76.95,77.64,76.14,76.41,334544.982,76.41,76.41,,0.0,0.0,,76.41,
2026-07-16 08:00:00,1784188800000,76.42,76.48,75.64,76.28,294018.778,76.39761904761903,76.4049019607843,,-0.0103703703703672,-0.0082962962962938,,76.28,
2026-07-16 12:00:00,1784203200000,76.27,76.86,75.69,76.63,298443.711,76.41975056689341,76.41372933487119,,0.0095431043579168,0.0092937427455922,,76.63,
2026-07-16 16:00:00,1784217600000,76.63,76.63,75.39,75.81,233812.709,76.36167908433214,76.39005367468016,,-0.0403770291667342,-0.032501112623247,,75.81,
2026-07-16 20:00:00,1784232000000,75.8,76.08,75.01,75.32,152990.911,76.26247155249098,76.34809078547701,,-0.1181164268949857,-0.0881924082811988,,75.32,
2026-07-17 00:00:00,1784246400000,75.33,75.75,74.75,75.23,205404.177,76.16414092844421,76.30424408800734,,-0.1848567934695921,-0.1239462198846442,,75.23,
2026-07-17 04:00:00,1784260800000,75.23,75.34,74.29,74.61,236186.747,74.61,74.61,,0.0,0.0,,74.61,
2026-07-17 08:00:00,1784275200000,74.62,75.0,74.2,74.86,165863.432,74.63380952380952,74.61980392156863,,0.0199430199430139,0.0159544159544111,,74.86,
2026-07-17 12:00:00,1784289600000,74.86,74.88,73.39,74.77,451311.278,74.64678004535146,74.62569396386006,,0.0281611350557255,0.0193380248536982,,74.77,
2026-07-17 16:00:00,1784304000000,74.78,75.6,74.61,75.2,203989.075,74.6994676600799,74.64821576919888,,0.0685808989183272,0.0478062309730398,,75.2,
2026-07-17 20:00:00,1784318400000,75.2,75.24,74.84,75.04,98738.366,74.73189931150085,74.66357985668128,,0.0867037236093182,0.0527432445312247,,75.04,
2026-07-18 00:00:00,1784332800000,75.04,75.45,74.99,75.38,86539.935,74.79362318659601,74.6916747642624,,0.1270369483830649,0.0744611754439771,,75.38,
2026-07-18 04:00:00,1784347200000,75.37,75.39,74.87,74.97,85873.621,74.81042097834877,74.70258947938936,,0.1244827860447372,0.0575256104845195,,74.97,
2026-07-18 08:00:00,1784361600000,74.97,75.04,74.66,74.97,86294.314,74.97,74.97,,0.0,0.0,,74.97,
2026-07-18 12:00:00,1784376000000,74.96,75.19,74.5,74.97,120129.919,74.97,74.97,,0.0,0.0,,74.97,
2026-07-18 16:00:00,1784390400000,74.96,75.67,74.84,75.44,178522.655,75.0147619047619,74.98843137254902,,0.0374928774928662,0.0299943019942929,,75.44,
2026-07-18 20:00:00,1784404800000,75.45,75.64,75.34,75.52,93651.251,75.0628798185941,75.00927720107651,,0.0728221361839587,0.0522588485483083,,75.52,
2026-07-19 00:00:00,1784419200000,75.53,76.57,75.45,75.96,264337.593,75.14831983587085,75.04656044809313,,0.1347715880224598,0.0913666403094475,,75.96,
2026-07-19 04:00:00,1784433600000,75.95,76.34,75.74,76.14,203583.085,75.24276556578792,75.08944043052085,,0.1961305991435296,0.1221805211444138,,76.14,
2026-07-19 08:00:00,1784448000000,76.14,76.53,75.9,76.06,171968.314,76.06,76.06,,0.0,0.0,,76.06,
2026-07-19 12:00:00,1784462400000,76.07,76.7,75.76,76.21,184797.024,76.07428571428572,76.06588235294117,,0.0119658119658225,0.009572649572658,,76.21,
2026-07-19 16:00:00,1784476800000,76.22,76.29,75.37,75.88,177260.797,76.05578231292517,76.05859284890425,,-0.0051204129836577,-0.0060108603014577,,75.88,
2026-07-19 20:00:00,1784491200000,75.89,76.57,75.63,76.38,174963.633,76.08666018788468,76.07119705090801,,0.0214373357081711,0.0164375107122968,,76.38,
2026-07-20 00:00:00,1784505600000,76.38,77.4,76.13,76.76,330911.62,76.15078778903852,76.09820893126457,,0.0723137788631902,0.0538511630938527,,76.76,
2026-07-20 04:00:00,1784520000000,76.76,76.95,75.5,76.22,254086.942,76.1573794281777,76.10298505160713,,0.0682732282996028,0.0398484900242122,,76.22,
2026-07-20 08:00:00,1784534400000,76.22,77.24,75.9,77.14,282705.061,77.14,77.14,,0.0,0.0,,77.14,
2026-07-20 12:00:00,1784548800000,77.14,77.92,75.79,77.76,464867.53,77.19904761904762,77.1643137254902,,0.0494586894586888,0.039566951566951,,77.76,
2026-07-20 16:00:00,1784563200000,77.77,78.38,77.29,77.63,389522.402,77.24009070294784,77.18257593233373,,0.0772743727729334,0.0539061079049565,,77.63,
2026-07-20 20:00:00,1784577600000,77.64,78.05,77.43,77.85,145107.296,77.29817730266709,77.20874942518338,,0.1157365249676019,0.0738946080797,,77.85,
2026-07-21 00:00:00,1784592000000,77.85,78.55,77.66,78.19,159781.914,77.38311279765118,77.24722983988208,,0.1716742621575235,0.1038658762156973,,78.19,
2026-07-21 04:00:00,1784606400000,78.2,78.88,78.02,78.56,253842.251,78.56,78.56,,0.0,0.0,,78.56,
2026-07-21 08:00:00,1784620800000,78.57,78.75,78.07,78.36,238084.955,78.54095238095239,78.55215686274511,,-0.0159544159544253,-0.0127635327635402,,78.36,
2026-07-21 12:00:00,1784635200000,78.36,78.64,77.79,78.14,325328.807,78.50276643990931,78.53599384851981,,-0.0458223553380321,-0.0341051777177176,,78.14,
2026-07-21 16:00:00,1784649600000,78.15,78.25,77.42,77.87,186159.382,78.44250296944176,78.5098764426955,,-0.0902394320022494,-0.062817803505548,,77.87,
2026-07-21 20:00:00,1784664000000,77.86,78.2,77.8,78.12,120364.011,78.4117884009235,78.49458717043294,,-0.1040677464029613,-0.0613168943250078,,78.12,
2026-07-22 00:00:00,1784678400000,78.13,78.59,77.81,77.87,155254.548,78.36018950559746,78.47009355590615,,-0.1336589585812646,-0.0727264852026489,,77.87,
2026-07-22 04:00:00,1784692800000,77.87,78.23,77.0,77.1,293299.815,77.1,77.1,,0.0,0.0,,77.1,
2026-07-22 08:00:00,1784707200000,77.11,77.82,77.06,77.56,204123.121,77.14380952380952,77.11803921568628,,0.0366951566951598,0.0293561253561279,,77.56,
2026-07-22 12:00:00,1784721600000,77.56,78.85,77.02,78.47,373563.485,77.2701133786848,77.17105728565937,,0.1376193375053844,0.104224244933082,,78.47,
2026-07-22 16:00:00,1784736000000,78.46,78.81,77.31,77.66,247410.145,77.30724543785767,77.19023150975117,,0.1505072929834057,0.0936897603288825,,77.66,
2026-07-22 20:00:00,1784750400000,77.66,78.12,77.5,77.97,151001.059,77.37036491996648,77.22081066623153,,0.1836188559022673,0.1014410585981953,,77.97,
2026-07-23 00:00:00,1784764800000,77.97,78.54,77.4,77.6,200606.537,77.39223492758872,77.23568083618323,,0.1779527715121815,0.0766199793664876,,77.6,
2026-07-23 04:00:00,1784779200000,77.6,77.83,77.04,77.16,203939.912,77.16,77.16,,0.0,0.0,,77.16,
2026-07-23 08:00:00,1784793600000,77.16,77.87,77.11,77.67,139398.154,77.20857142857142,77.18,,0.0406837606837626,0.0325470085470101,,77.67,
2026-07-23 12:00:00,1784808000000,77.67,77.74,75.86,76.39,441755.037,77.13061224489795,77.14901960784314,,-0.0300133927484296,-0.0305201159081457,,76.39,
2026-07-23 16:00:00,1784822400000,76.39,76.39,75.43,75.75,199464.611,76.99912536443146,77.09415609381008,,-0.1361149985115588,-0.1092973773370199,,75.75,
2026-07-23 20:00:00,1784836800000,75.74,76.28,75.71,75.88,161487.675,76.89254199639036,77.04654212934695,,-0.2073214987702982,-0.1444031020766075,,75.88,
2026-07-24 00:00:00,1784851200000,75.88,76.13,75.3,75.83,169973.304,76.79134752054367,76.99883459486276,,-0.2647360331750548,-0.1614541091850912,,75.83,
2026-07-24 04:00:00,1784865600000,75.84,76.45,75.59,76.07,155993.698,76.07,76.07,,0.0,0.0,,76.07,
2026-07-24 08:00:00,1784880000000,76.08,76.11,74.97,75.2,261023.445,75.98714285714286,76.03588235294117,,-0.0694017094017027,-0.0555213675213622,,75.2,
2026-07-24 12:00:00,1784894400000,75.2,75.3,73.61,74.04,471980.863,75.8017006802721,75.95761245674741,,-0.2155209779141387,-0.1613125088270385,,74.04,
2026-07-24 16:00:00,1784908800000,74.04,74.22,73.71,73.97,209972.858,75.62725299643667,75.87966687020831,,-0.3331298523564925,-0.2231371066155138,,73.97,
2026-07-24 20:00:00,1784923200000,73.97,74.03,73.44,73.96,181144.097,75.46846699677604,75.80438581647466,,-0.4222749266078125,-0.249825744693467,,73.96,
2026-07-25 00:00:00,1784937600000,73.97,74.33,73.94,74.14,113011.05,75.34194633041643,75.73911578445605,,-0.4729467092650452,-0.2403980218805598,,74.14,
2026-07-25 04:00:00,1784952000000,74.14,74.36,73.77,73.79,174535.996,73.79,73.79,,0.0,0.0,,73.79,
2026-07-25 08:00:00,1784966400000,73.79,74.05,73.56,73.92,94222.342,73.80238095238097,73.7950980392157,,0.0103703703703672,0.0082962962962938,,73.92,
2026-07-25 12:00:00,1784980800000,73.92,74.31,73.78,74.18,119199.112,73.83834467120184,73.81019223375627,,0.0391178643030514,0.0296350321831823,,74.18,
2026-07-25 16:00:00,1784995200000,74.18,74.73,74.09,74.57,125033.216,73.90802613108738,73.83998861674621,,0.0923061531186419,0.0662586567990183,,74.57,
2026-07-25 20:00:00,1785009600000,74.57,74.6,74.28,74.52,100814.033,73.9663093566981,73.866655729815,,0.128937363408724,0.0823118936712803,,74.52,
2026-07-26 00:00:00,1785024000000,74.53,75.05,74.47,75.03,124674.047,74.06761322748876,73.91227707374381,,0.1968514186113878,0.1201807590991553,,75.03,
2026-07-26 04:00:00,1785038400000,75.04,75.23,74.74,74.87,108603.18,74.87,74.87,,0.0,0.0,,74.87,
2026-07-26 08:00:00,1785052800000,74.88,75.28,74.85,74.95,102674.998,74.87761904761905,74.87313725490196,,0.0063817663817786,0.0051054131054229,,74.95,
2026-07-26 12:00:00,1785067200000,74.95,75.5,74.75,75.49,135666.822,74.9359410430839,74.89732795078815,,0.0543859221921962,0.0424876551326724,,75.49,
2026-07-26 16:00:00,1785081600000,75.48,75.99,75.25,75.34,126014.578,74.97442284850449,74.91468763899255,,0.0794104212209561,0.0540097233291457,,75.34,
2026-07-26 20:00:00,1785096000000,75.34,77.1,75.31,76.76,294779.748,75.14447781531359,74.9870528296203,,0.211387901414767,0.1487897628183654,,76.76,
2026-07-27 00:00:00,1785110400000,76.77,76.8,75.98,76.4,211946.545,75.2640513567123,75.04246252257637,,0.2836621334593303,0.1768511958903429,,76.4,
2026-07-27 04:00:00,1785124800000,76.41,76.99,76.26,76.47,213868.705,76.47,76.47,,0.0,0.0,,76.47,
2026-07-27 08:00:00,1785139200000,76.48,76.69,76.13,76.5,145547.576,76.47285714285715,76.47117647058823,,0.0023931623931616,0.0019145299145293,,76.5,
2026-07-27 12:00:00,1785153600000,76.51,77.5,75.03,75.28,530172.899,76.35925170068028,76.42446366782006,,-0.0930810626537095,-0.0748477561058734,,75.28,
2026-07-27 16:00:00,1785168000000,75.29,76.25,75.15,75.98,187039.846,76.32313249109167,76.40703372006242,,-0.1109815972328363,-0.0741986325480002,,75.98,
2026-07-27 20:00:00,1785182400000,75.98,76.14,73.74,74.2,319698.36,76.12092939670198,76.32048337809918,,-0.2657357870343446,-0.1831622578796068,,74.2,
2026-07-28 00:00:00,1785196800000,74.21,74.29,72.86,73.28,373967.797,75.85036469225417,76.20124873582078,,-0.4573439324682056,-0.2998163226507742,,73.28,
2026-07-28 04:00:00,1785211200000,73.28,73.55,73.0,73.3,196017.302,73.3,73.3,,0.0,0.0,,73.3,
2026-07-28 08:00:00,1785225600000,73.29,73.51,72.89,73.2,252219.256,73.2904761904762,73.29607843137255,,-0.0079772079772055,-0.0063817663817644,,73.2,
2026-07-28 12:00:00,1785240000000,73.2,74.59,72.36,74.35,453954.36,73.39138321995466,73.3374086889658,,0.0776016428438026,0.063357667551395,,74.35,
2026-07-28 16:00:00,1785254400000,74.35,74.58,73.56,74.33,183408.086,73.4807752942447,73.37633383841812,,0.1421708092381237,0.1023414671565728,,74.33,
2026-07-28 20:00:00,1785268800000,74.32,74.4,73.17,73.83,237658.647,73.51403479003092,73.39412466828408,,0.1512529674189977,0.0891389002699575,,73.83,
2026-07-29 00:00:00,1785283200000,73.83,74.2,73.01,73.09,234682.1,73.47365052431368,73.3821982107043,,0.0976135988436794,0.0283996253557113,,73.09,
2026-07-29 04:00:00,1785297600000,73.09,74.28,72.73,74.26,240130.006,74.26,74.26,,0.0,0.0,,74.26,
2026-07-29 08:00:00,1785312000000,74.25,74.33,73.72,73.96,155735.178,74.23142857142858,74.24823529411766,,-0.0239316239316167,-0.0191452991452933,,73.96,
2026-07-29 12:00:00,1785326400000,73.96,73.96,72.98,73.12,229129.952,74.12557823129254,74.20399077277972,,-0.1094172936907824,-0.0837047751235672,,73.12,
2026-07-29 16:00:00,1785340800000,73.13,74.53,72.73,72.76,452121.11,73.99552316164564,74.14736368365111,,-0.2038642737734335,-0.1425214041649746,,72.76,
2026-07-29 20:00:00,1785355200000,72.76,73.8,72.32,73.68,285855.529,73.965473336727,74.12903569605695,,-0.2021476425131396,-0.1126438183237446,,73.68,
2026-07-30 00:00:00,1785369600000,73.69,74.2,73.14,73.71,177817.052,73.941142542753,74.11260292366256,,-0.1961058642606161,-0.0852816320569769,,73.71,
2026-07-30 04:00:00,1785384000000,73.71,73.86,73.39,73.41,147980.823,73.41,73.41,,0.0,0.0,,73.41,
2026-07-30 08:00:00,1785398400000,73.42,74.33,73.3,74.23,220405.327,73.48809523809524,73.4421568627451,,0.0654131054130999,0.0523304843304799,,74.23,
2026-07-30 12:00:00,1785412800000,74.22,74.9,74.08,74.65,272984.878,73.59875283446712,73.4895232602845,,0.1494215144357582,0.1090711146825106,,74.65,
2026-07-30 16:00:00,1785427200000,74.65,74.98,74.42,74.78,194168.542,73.71125256451786,73.54013019125374,,0.2239076296023938,0.1468457838793169,,74.78,
2026-07-30 20:00:00,1785441600000,74.78,74.99,74.4,74.51,205506.829,73.78732374884949,73.57816430140065,,0.2581755816035667,0.1448909887043918,,74.51,
2026-07-31 00:00:00,1785456000000,74.52,75.29,73.88,74.14,257940.687,73.82091196324478,73.60019707389475,,0.252565850760007,0.1114250062886657,,74.14,
2026-07-31 04:00:00,1785470400000,74.14,74.54,73.51,73.68,272039.255,73.68,73.68,,0.0,0.0,,73.68,
2026-07-31 08:00:00,1785484800000,73.68,73.8,73.29,73.57,190748.042,73.66952380952381,73.67568627450981,,-0.0087749287749261,-0.0070199430199409,,73.57,
2026-07-31 12:00:00,1785499200000,73.57,73.82,72.8,73.1,331813.625,73.61528344671201,73.65311034217609,,-0.0530427512763651,-0.0410302124171039,,73.1,
2026-07-31 16:00:00,1785513600000,73.11,73.48,72.92,73.08,145739.221,73.56430407083467,73.63063542679663,,-0.0887164839908649,-0.0613631561052829,,73.08,
2026-07-31 20:00:00,1785528000000,73.08,73.23,72.56,72.87,139717.221,73.49817987361232,73.6008065865301,,-0.1324071123684262,-0.0840430275862754,,72.87,
2026-08-01 00:00:00,1785542400000,72.87,73.16,72.86,73.03,222168.526,73.45359131422067,73.57842201450931,,-0.1523652159421118,-0.0832009049279688,,73.03,
2026-08-01 04:00:00,1785556800000,73.03,73.21,72.86,72.98,117672.48,72.98,72.98,,0.0,0.0,,72.98,
2026-08-01 08:00:00,1785571200000,72.98,73.08,72.67,72.89,87113.151,72.97142857142858,72.9764705882353,,-0.007179487179485,-0.005743589743588,,72.89,
2026-08-01 12:00:00,1785585600000,72.89,73.05,72.72,72.8,105829.94,72.95510204081633,72.96955017301039,,-0.0199021111841659,-0.0147729709986151,,72.8,
2026-08-01 16:00:00,1785600000000,72.79,72.94,70.58,71.27,450690.27,72.79461613216715,72.90290114661784,,-0.1516944563595217,-0.1172522529391767,,71.27,
2026-08-01 20:00:00,1785614400000,71.26,72.09,71.19,71.95,128044.728,72.71417650053219,72.86553247420146,,-0.1989768412534971,-0.1316277102665217,,71.95,
2026-08-02 00:00:00,1785628800000,71.95,73.4,71.93,73.2,190695.517,72.76044540524342,72.8786488477622,,-0.1340388027373364,-0.0533517374002888,,73.2,
2026-08-02 04:00:00,1785643200000,73.2,73.66,73.2,73.46,170920.624,73.46,73.46,,0.0,0.0,,73.46,
2026-08-02 08:00:00,1785657600000,73.46,73.53,72.94,72.99,129983.852,73.41523809523808,73.44156862745098,,-0.0374928774928804,-0.0299943019943043,,72.99,
2026-08-02 12:00:00,1785672000000,72.99,73.23,72.69,73.03,102998.865,73.37854875283446,73.42542868127643,,-0.0632494866113262,-0.0446007288902001,,73.03,
2026-08-02 16:00:00,1785686400000,73.03,73.84,72.92,73.72,105374.355,73.41106791923119,73.43698049769696,,-0.0276656392071288,-0.0072135051888021,,73.72,
2026-08-02 20:00:00,1785700800000,73.72,74.33,73.46,73.63,145373.725,73.43191859359013,73.44454988994414,,-0.0066507657228385,0.0110410946363905,,73.63,
2026-08-03 00:00:00,1785715200000,73.64,73.67,72.69,72.9,114830.894,73.38125967991488,73.42319499229927,,-0.0483439472867388,-0.0245216695420078,,72.9,
2026-08-03 04:00:00,1785729600000,72.9,73.08,72.43,72.52,171414.259,72.52,72.52,,0.0,0.0,,72.52,
2026-08-03 08:00:00,1785744000000,72.52,72.81,71.98,72.45,188160.713,72.51333333333334,72.51725490196078,,-0.0055840455840296,-0.0044672364672237,,72.45,
2026-08-03 12:00:00,1785758400000,72.45,73.83,72.32,73.62,366976.618,72.61873015873016,72.56049980776625,,0.0834379591074849,0.0676438145794327,,73.62,
2026-08-03 16:00:00,1785772800000,73.62,74.28,73.23,74.02,243849.038,72.75218442932729,72.61773510942248,,0.1841425159557417,0.1346786971421515,,74.02,
2026-08-03 20:00:00,1785787200000,74.03,74.14,73.37,73.56,142610.807,72.82911924558184,72.65468667375886,,0.2242484506265327,0.139827705450354,,73.56,
2026-08-04 00:00:00,1785801600000,73.56,74.13,73.04,73.7,184566.685,72.91206026981214,72.6956793532193,,0.2642830324839735,0.1438898298462358,,73.7,
2026-08-04 04:00:00,1785816000000,73.7,74.1,73.2,73.68,172462.6,73.68,73.68,,0.0,0.0,,73.68,
2026-08-04 08:00:00,1785830400000,73.68,73.98,73.1,73.95,224891.299,73.7057142857143,73.69058823529413,,0.0215384615384692,0.0172307692307754,,73.95,
2026-08-04 12:00:00,1785844800000,73.95,74.2,73.33,73.99,226558.764,73.73278911564627,73.70232987312573,,0.0413587552049108,0.0296408503177735,,73.99,
2026-08-04 16:00:00,1785859200000,73.99,74.39,73.61,74.19,203462.771,73.77633300939424,73.72145419182668,,0.0723705664227338,0.0485221292284773,,74.19,
2026-08-04 20:00:00,1785873600000,74.19,74.45,73.74,73.75,186626.824,73.77382510373764,73.72257363528446,,0.0607431186142122,0.0295157451359645,,73.75,
2026-08-05 00:00:00,1785888000000,73.76,74.49,73.39,73.78,272372.856,73.77441318909597,73.72482564958703,,0.0533342279538118,0.0176854835804512,,73.78,
2026-08-05 04:00:00,1785902400000,73.79,74.3,73.62,73.98,258911.524,73.98,73.98,,0.0,0.0,,73.98,
2026-08-05 08:00:00,1785916800000,73.98,74.22,73.73,73.77,178314.657,73.96000000000001,73.97176470588235,,-0.0167521367521317,-0.0134017094017053,,73.77,
2026-08-05 12:00:00,1785931200000,73.77,74.38,73.27,73.96,426422.448,73.96000000000001,73.97130334486737,,-0.0145294275208698,-0.0089432001363547,,73.96,
2026-08-05 16:00:00,1785945600000,73.96,74.83,73.94,74.46,240554.263,74.00761904761904,73.99046791957845,,0.0272636287431708,0.0262798849021487,,74.46,
2026-08-05 20:00:00,1785960000000,74.47,74.59,73.85,74.04,173252.889,74.0107029478458,73.99241035410479,,0.0261925061153505,0.0201670098194626,,74.04,
2026-08-06 00:00:00,1785974400000,74.04,74.26,73.38,73.5,214437.897,73.96206457186048,73.97310014413989,,-0.0180221056997709,-0.0192380815965269,,73.5,
2026-08-06 04:00:00,1785988800000,73.49,74.35,73.4,73.87,226048.381,73.87,73.87,,0.0,0.0,,73.87,
2026-08-06 08:00:00,1786003200000,73.87,74.12,73.17,73.46,269108.377,73.83095238095238,73.85392156862746,,-0.0327065527065428,-0.0261652421652343,,73.46,
2026-08-06 12:00:00,1786017600000,73.46,73.63,72.85,73.3,239840.194,73.78038548752833,73.83219915417148,,-0.070722153229255,-0.0513446741503571,,73.3,
2026-08-06 16:00:00,1786032000000,73.31,73.55,72.55,72.8,151281.187,73.68701544109707,73.79172075596868,,-0.1395865450549962,-0.0961672527808787,,72.8,
2026-08-06 20:00:00,1786046400000,72.81,73.0,72.34,72.7,175488.887,73.5930139705164,73.74890817730324,,-0.199926606513273,-0.1252058513913243,,72.7,
2026-08-07 00:00:00,1786060800000,72.7,72.93,72.49,72.62,165732.589,73.50034597332436,73.70463726838938,,-0.251304983934844,-0.1412673830503163,,72.62,
2026-08-07 04:00:00,1786075200000,72.63,73.07,72.43,72.93,155650.489,72.93,72.93,,0.0,0.0,,72.93,
2026-08-07 08:00:00,1786089600000,72.92,73.78,72.91,73.62,299243.189,72.99571428571429,72.95705882352942,,0.0550427350427327,0.0440341880341861,,73.62,
2026-08-07 12:00:00,1786104000000,73.63,74.35,73.58,73.88,470932.325,73.07993197278911,72.99325259515571,,0.1182808581099124,0.0858178488810926,,73.88,
2026-08-07 16:00:00,1786118400000,73.89,74.13,73.17,74.02,302269.831,73.1694622610949,73.03351719926725,,0.1776465572866641,0.1161468384462755,,74.02,
2026-08-07 20:00:00,1786132800000,74.02,74.1,73.58,73.66,158848.464,73.21618014099063,73.05808515223717,,0.1934157340514843,0.1055328121688766,,73.66,
2026-08-08 00:00:00,1786147200000,73.67,74.99,73.57,74.83,233808.69,73.36987727042009,73.12757200901218,,0.2968996675959943,0.1672133965707092,,74.83,
2026-08-08 04:00:00,1786161600000,74.84,75.14,74.49,74.82,206240.337,74.82,74.82,,0.0,0.0,,74.82,
2026-08-08 08:00:00,1786176000000,74.83,75.71,74.7,75.6,217992.36,74.89428571428572,74.85058823529411,,0.0622222222222319,0.0497777777777855,,75.6,
2026-08-08 12:00:00,1786190400000,75.61,76.81,75.35,76.4,432143.959,75.03768707482993,74.91134948096885,,0.1740804051915319,0.1293087685976684,,76.4,
2026-08-08 16:00:00,1786204800000,76.4,76.5,75.97,76.16,172911.595,75.14457402008422,74.96031616798967,,0.2405894613048929,0.1566542597688235,,76.16,
2026-08-08 20:00:00,1786219200000,76.15,76.36,75.78,76.01,120315.546,75.22699554198097,75.00148023983323,,0.2779901239429421,0.1552439379254981,,76.01,
2026-08-09 00:00:00,1786233600000,76.02,76.1,75.73,75.99,96300.93,75.29966263322088,75.04024572062409,,0.3025292171899139,0.1438264249379759,,75.99,
2026-08-09 04:00:00,1786248000000,75.98000000,76.5,75.88,76.36,121241.594,76.36,76.36,,0.0,0.0,,76.36,
2026-08-09 08:00:00,1786262400000,76.36000000,76.65,76.1,76.5,145863.701,76.37333333333333,76.36549019607844,,0.011168091168087813,0.00893447293447025,,76.5,
2026-08-09 12:00:00,1786276800000,76.50000000,77.47,76.3,77.43,271679.982,76.47396825396827,76.40723567858517,,0.09397878263975201,0.07339613152490757,,77.43,
2026-08-09 16:00:00,1786291200000,77.42000000,77.57,77.07,77.23,163399.878,76.54597127739986,76.43950094609164,,0.14183355478833448,0.09700072293879203,,77.23,
2026-08-09 20:00:00,1786305600000,77.22000000,77.84,76.21,76.27,182281.589,76.51968829859987,76.43285385016648,,0.10112907650258762,0.04503699572243612,,76.27,
2026-08-10 00:00:00,1786320000000,76.26000000,77.17,76.21,76.64,181144.86,76.53114655587608,76.44097722859132,,0.09760130489405583,0.033207379291123454,,76.64,
2026-08-10 04:00:00,1786334400000,76.64000000,77.11,76.43,76.98,121409.549,76.5738945029355,76.4621153764897,,0.12084762280881023,0.04516295776470228,,76.98,
2026-08-10 08:00:00,1786348800000,76.99000000,77.16,76.53,77.05,213161.007,76.6192378836083,76.48516967545089,,0.14326741464734027,0.05406619968258586,,77.05,
2026-08-10 12:00:00,1786363200000,77.05000000,77.13,75.83,75.96,383730.371,76.55645332326466,76.46457478621753,,0.07224853458183134,-0.013562144306338467,,75.96,
2026-08-10 16:00:00,1786377600000,75.96000000,76.28,75.58,76.19,242434.759,76.52155300676327,76.45380714754232,,0.03413119510506135,-0.04134358702648677,,76.19,
2026-08-10 20:00:00,1786392000000,76.19000000,76.49,75.98,75.99,136357.809,76.47092891088106,76.43561863195244,,-0.012076192748295966,-0.07004077990387528,,75.99600000000001,
2026-08-11 00:00:00,1786406400000,76.00000000,76.25,75.71,76.08,108810.089,76.43369758603524,76.42167280324843,,-0.04096145453941347,-0.07914083335599423,,75.99600000000001,
2026-08-11 04:00:00,1786420800000,76.08000000,76.23,75.42,75.69,180473.79,76.36286924450808,76.39297975214065,,-0.09423667156049476,-0.10593284030166042,,75.99449999999999,
2026-08-11 08:00:00,1786435200000,75.70000000,76.37,75.63,76.24,251813.223,76.35116741169777,76.38698054617434,48.920863309352484,-0.09102794789826874,-0.08217929331154752,,75.99449999999999,
2026-08-11 12:00:00,1786449600000,76.24000000,76.26,74.63,74.93,360778.461,76.21581813439323,76.32984405416751,39.592430858806495,-0.1919780595828655,-0.14650352399691544,,76.2425,
2026-08-11 16:00:00,1786464000000,74.93000000,75.71,74.79,75.67,167654.351,76.16383545492721,76.30396781674918,44.444444444444464,-0.20985090424078123,-0.13150109492386491,,76.2425,
2026-08-11 20:00:00,1786478400000,75.67000000,76.67,75.66,76.3,246264.768,76.17680350683891,76.30381221609235,42.11994421199436,-0.17120597165947515,-0.07428492987404706,,76.2425,
2026-08-12 00:00:00,1786492800000,76.30000000,76.6,76.24,76.42,115888.231,76.19996507761616,76.30836859977501,44.28772919605076,-0.1294048880512264,-0.025987077012638637,,76.2425,
2026-08-12 04:00:00,1786507200000,76.42000000,76.58,75.94,76.27,126748.547,76.20663507022415,76.30686394880344,50.0,-0.1071458637079985,-0.00298244213552859,,76.2425,
2026-08-12 08:00:00,1786521600000,76.26000000,76.9,76.14,76.84,236267.343,76.26695553972661,76.3277712449288,51.54320987654323,-0.04301533621733711,0.048918468284106245,1.1940522061980825,76.2425,
2026-08-12 12:00:00,1786536000000,76.83000000,77.33,75.38,75.75,449281.094,76.21772167880026,76.30511354904924,41.49377593360993,-0.07923198463672065,0.010161455891778165,2.0967776346798663,76.2425,
2026-08-12 16:00:00,1786550400000,75.75000000,76.1,75.57,75.77,114191.423,76.17508151891452,76.28412870398849,41.08635097493036,-0.10510848143667317,-0.012572032726539478,0.5368950029103634,76.2425,
2026-08-12 20:00:00,1786564800000,75.76000000,76.02,75.35,75.63,111772.576,76.12316899330362,76.25847659794972,47.35152487961478,-0.13535236375645354,-0.03425273203705588,0.5460493250352013,76.2425,
2026-08-13 00:00:00,1786579200000,75.64000000,76.33,75.48,76.26,167721.566,76.1362005177509,76.2585363392066,50.527903469079995,-0.10724882581602913,-0.004919355277305165,0.8185162426006647,76.2425,
2026-08-13 04:00:00,1786593600000,76.26000000,76.62,76.03,76.44,137269.923,76.16513380177462,76.26565256119851,53.40393343419064,-0.06964920120952911,0.026144215463355894,0.6773453683729828,76.2425,
2026-08-13 08:00:00,1786608000000,76.44000000,76.49,75.56,75.67,179581.628,76.1179782016056,76.24229363722995,47.18792866941017,-0.10082158419635334,-0.0040225340187746705,0.8864703438072926,76.2425,
2026-08-13 12:00:00,1786622400000,75.66000000,76.59,75.63,75.64,225699.556,76.07245646811936,76.21867427890722,49.639249639249655,-0.12648858985045308,-0.023751631738299528,1.0861643833165724,76.2425,
2026-08-13 16:00:00,1786636800000,75.64000000,76.28,75.1,76.2,245174.186,76.0846034711556,76.21794195424418,49.71181556195971,-0.1004842371310275,0.0018021767849008552,1.1708655140207864,76.2425,
2026-08-13 20:00:00,1786651200000,76.20000000,76.45,76.12,76.28,138061.698,76.10321266437887,76.22037560309735,61.821366024518326,-0.07258357061715515,0.023762274639018574,0.7004217001457657,76.2425,
2026-08-14 00:00:00,1786665600000,76.28000000,76.33,75.75,75.76,136908.858,76.07052574396184,76.20232165787785,50.81967213114757,-0.09137839234425371,0.003973962329536007,0.7136767311754633,76.2425,
2026-08-14 04:00:00,1786680000000,75.76000000,76.04,75.5,75.59,141642.341,76.02476138739405,76.17830904384343,42.94234592445337,-0.11862358438293086,-0.01861698376731291,0.7373357957443191,76.2425,
2026-08-14 08:00:00,1786694400000,75.60000000,75.88,75.36,75.54,161809.369,75.97859363621366,76.15327731663389,41.12903225806458,-0.14260630083052206,-0.03407976017192328,0.8308562115351958,76.2425,
2026-08-14 12:00:00,1786708800000,75.54000000,75.78,75.06,75.65,222404.303,75.94729900419331,76.1335409512757,43.699186991870015,-0.15099610658484153,-0.03397565274099419,1.1298352187409153,76.2425,
2026-08-14 16:00:00,1786723200000,75.65000000,75.71,74.69,75.02,266391.611,75.85898481331776,76.08987267867666,31.726907630522035,-0.20610497312642906,-0.07126761542606538,1.3483022309350121,76.2425,
2026-08-14 20:00:00,1786737600000,75.02000000,75.41,74.97,75.4,134708.424,75.81527197395417,76.06281884814031,45.90163934426237,-0.2166192705806509,-0.06542553030422976,0.7231809346458515,76.2425,
2026-08-15 00:00:00,1786752000000,75.40000000,75.71,75.29,75.42,105250.014,75.77762702405377,76.0376102658603,45.90163934426237,-0.22079293074473583,-0.05567935237465174,0.5746597744525003,76.2425,
2026-08-15 04:00:00,1786766400000,75.41000000,75.6,75.17,75.24,121913.651,75.72642445033436,76.006331431905,45.47563805104409,-0.23590570801580668,-0.05663370371657808,0.6890333825466806,76.2425,
2026-08-15 08:00:00,1786780800000,75.23000000,75.36,75.05,75.26,68077.769,75.68200307411203,75.97706353261461,36.48648648648655,-0.24346237729638176,-0.05135229839772251,0.3900325954871819,76.2425,
2026-08-15 12:00:00,1786795200000,75.25000000,75.59,75.21,75.53,143807.421,75.66752659086326,75.95953162937482,37.99472295514523,-0.22506988311680232,-0.02636784337451445,0.819897923335207,76.2425,
2026-08-15 16:00:00,1786809600000,75.52000000,75.69,75.41,75.57,77992.302,75.65823834411437,75.94425587920327,48.366013071895296,-0.20490402718560574,-0.0049615899546542885,0.465672985809947,76.2425,
2026-08-15 20:00:00,1786824000000,75.57000000,75.74,75.31,75.35,85072.665,75.62888231134157,75.92095172707765,45.538461538461455,-0.20431933633139465,-0.003501519280354526,0.5699149435526344,76.2425,
2026-08-16 00:00:00,1786838400000,75.35000000,75.66,75.27,75.58,88725.624,75.62422685311856,75.90758107111382,39.3835616438356,-0.18318524137346515,0.014106060542059984,0.5995003992392888,76.2425,
2026-08-16 04:00:00,1786852800000,75.59000000,75.62,75.28,75.47,62220.851,75.60953858139298,75.89042102910936,36.27118644067801,-0.17331453744490943,0.019181411576492557,0.42757098172198227,76.2425,
2026-08-16 08:00:00,1786867200000,75.47000000,75.49,75.17,75.29,77920.921,75.57910633554603,75.86687510639919,40.996168582375546,-0.17796495986620187,0.01162479132416011,0.5525066027596433,76.2425,
2026-08-16 12:00:00,1786881600000,75.29000000,75.64,75.2,75.58,79913.465,75.5791914464464,75.85562510222668,49.81684981684972,-0.15644645937157975,0.026514633455025804,0.578396410634898,76.2425,
2026-08-16 16:00:00,1786896000000,75.57000000,75.71,75.03,75.23,184751.415,75.54593511821341,75.8310907844923,44.88448844884485,-0.16572459762369363,0.013789196162329542,1.334693798396629,76.2425,
2026-08-16 20:00:00,1786910400000,75.22000000,75.33,74.1,74.61,187881.949,75.45679844028832,75.78320487137496,35.31073446327677,-0.22056388431553842,-0.0328400724236122,1.3761075577478785,76.23150000000001,
2026-08-17 00:00:00,1786924800000,74.62000000,75.6,74.43,75.51,220837.541,75.46186525549896,75.77249095485047,56.430446194225844,-0.18922071708760768,-0.0011975241565451433,1.6320302859596023,76.23150000000001,
2026-08-17 04:00:00,1786939200000,75.52000000,76.0,75.36,75.79,173433.698,75.49311618354669,75.77317758407202,55.25606469002697,-0.14017156080259952,0.03828130570277044,1.2651709753956621,76.23150000000001,
2026-08-17 08:00:00,1786953600000,75.79000000,75.95,75.17,75.71,273340.177,75.51377178511366,75.77070003175547,53.84615384615373,-0.10652710433085133,0.05754060973961492,1.8994517447756796,76.23150000000001,
2026-08-17 12:00:00,1786968000000,75.70000000,76.22,75.28,76.11,301349.332,75.57055542462665,75.7840059128631,60.90225563909778,-0.0470446714332553,0.09361843410976878,1.9839955481082159,76.23150000000001,
2026-08-17 16:00:00,1786982400000,76.11000000,76.17,75.7,75.81,168234.268,75.5933596699003,75.78502528882925,56.440281030444936,-0.023837128035623323,0.0934607820059206,1.105267418227276,76.23150000000001,
2026-08-17 20:00:00,1786996800000,75.81000000,76.12,75.63,76.02,132659.338,75.63399208229073,75.79423998338497,55.819477434679285,0.01136920514525741,0.10293369214944108,0.8980208268193608,76.23150000000001,
2026-08-18 00:00:00,1787011200000,76.02000000,76.09,75.2,75.5,223714.902,75.62123093159637,75.78270116050712,49.253731343283654,-0.002658530455420305,0.07112476523901069,1.5366059618990506,76.23150000000001,
2026-08-18 04:00:00,1787025600000,75.50000000,76.27,75.41,76.1,259724.996,75.66682798573004,75.79514425225194,57.396449704142015,0.034244622911074885,0.0864223348844047,1.7105050637011279,76.23150000000001,
2026-08-18 08:00:00,1787040000000,76.10000000,76.45,75.8,76.31,223294.897,75.72808246327956,75.81533467373227,57.227722772277275,0.07951923454677967,0.1053575572160876,1.415558146308043,76.23150000000001,
2026-08-18 12:00:00,1787054400000,76.32000000,77.33,76.05,77.19,405109.756,75.86731270487199,75.86924311789963,64.77663230240552,0.18428402446596692,0.16809787770821988,2.356616049109977,76.23150000000001,
2026-08-18 16:00:00,1787068800000,77.20000000,77.41,76.85,77.18,163134.935,75.99233054250323,75.92064534857023,66.7256637168142,0.2634668766879713,0.1978245839441794,0.9234609301898035,76.23150000000001,
2026-08-18 20:00:00,1787083200000,77.18000000,77.23,76.75,77.05,179883.466,76.09306096702673,75.96493376627336,63.38797814207648,0.3121318819708563,0.1971916713816515,1.0079773758648354,76.23150000000001,
2026-08-19 00:00:00,1787097600000,77.05000000,77.12,76.64,77.0,167299.05,76.17943611302418,76.00552459896852,67.05202312138721,0.34271407264010634,0.18221908964072123,0.9145764743159119,76.23150000000001,
2026-08-19 04:00:00,1787112000000,76.99000000,77.17,76.63,76.96,156340.863,76.2537755308314,76.04295500685211,75.48806941431657,0.3595780217668505,0.1592664310139723,0.838340179002132,76.23150000000001,
2026-08-19 08:00:00,1787126400000,76.96000000,77.65,76.92,77.55,227321.789,76.37722548027604,76.10205481050498,73.72093023255798,0.4157582893531355,0.17235735888020584,1.175285350188134,75.7125,
2026-08-19 12:00:00,1787140800000,77.54000000,83.0,77.43,81.83,1731782.27,76.89653733929737,76.32668011205381,86.3855421686746,0.796460683737223,0.4424478026114347,6.254259530030221,76.2345,
2026-08-19 16:00:00,1787155200000,81.83000000,82.5,81.01,82.36,588122.865,77.41686711650715,76.56328089197328,88.00000000000003,1.1279345176992734,0.6191373092587881,1.944808628393572,75.5785,
2026-08-19 20:00:00,1787169600000,82.37000000,87.21,82.28,85.38,1170643.439,78.17526072445885,76.90903458248413,90.7651715039578,1.6156939657584388,0.8855174058543627,3.2796364794188273,75.9565,
2026-08-20 00:00:00,1787184000000,85.39000000,85.79,84.01,84.48,590886.272,78.7757120840342,77.20593518709259,86.21553884711784,1.907634342833191,0.9419662263432919,1.5662998030166033,75.9565,
2026-08-20 04:00:00,1787198400000,84.48000000,86.2,84.42,86.18,410160.851,79.48088236174523,77.55785929740269,87.74145616641908,2.2502356713922325,1.0276540439218667,1.0561255178369542,75.47749999999999,
2026-08-20 08:00:00,1787212800000,86.17000000,88.1,86.04,87.21,929510.32,80.21698880348379,77.93637461907318,91.9112383679313,2.5751770465151935,1.082076335235862,2.193289474137568,75.555,
2026-08-20 12:00:00,1787227200000,87.22000000,87.48,86.16,87.37,851523.0,80.89822796505676,78.30632071244285,91.64818920916485,2.8131775307680584,1.0560614555909815,1.8604316760061577,75.56700000000001,
2026-08-20 16:00:00,1787241600000,87.37000000,87.93,86.68,87.31,605472.857,81.50887292076565,78.6594061747,91.10612855007476,2.962799818649728,0.9645469947781207,1.2765381414913888,75.56700000000001,
2026-08-20 20:00:00,1787256000000,87.32000000,87.99,87.19,87.66,301857.126,82.09469454735941,79.01237063843725,90.73929961089496,3.0741813852960576,0.8607428491395601,0.6363811432117803,75.58850000000001,
2026-08-21 00:00:00,1787270400000,87.65000000,90.2,87.57,89.1,1098603.368,82.76186649522994,79.40796394673383,91.7366946778711,3.2412845342606147,0.8222767984832937,2.1092415835231053,75.6965,
2026-08-21 04:00:00,1787284800000,89.11000000,91.33,88.88,90.41,890010.441,83.49026016235089,79.83941634097957,93.20827943078915,3.4397695138281676,0.8166094224406772,1.59294573859029,75.795,
2026-08-21 08:00:00,1787299200000,90.42000000,93.39,89.91,90.29,1534172.878,84.13785443260319,80.24924315113724,92.78815196394082,3.5465053865511464,0.7386762361309249,2.4576542123308442,75.795,
2026-08-21 12:00:00,1787313600000,90.30000000,92.16,89.78,91.37,881233.552,84.82663020092669,80.68535126285734,93.48219674109846,3.675868188410462,0.6944312303921918,1.3447414589373308,75.86699999999999,
2026-08-21 16:00:00,1787328000000,91.37000000,92.06,90.75,90.96,528578.137,85.41076065798129,81.08827866431392,90.90909090909093,3.7026240224778633,0.5769496515676744,0.7882374591848561,75.86699999999999,
2026-08-21 20:00:00,1787342400000,90.96000000,94.99,90.59,93.72,908070.732,86.20211678579258,81.58364028532121,89.97982515131139,3.9015623651520173,0.6207103953934623,1.30520488716619,76.0435,
2026-08-22 00:00:00,1787356800000,93.72000000,97.59,92.86,96.79,1139992.44,87.21048661571709,82.1799681172694,91.4417001723148,4.25786377476679,0.7816094440065875,1.5310681456629827,76.2735,
2026-08-22 04:00:00,1787371200000,96.80000000,102.74,87.72,94.46,3371889.568,87.90091646183927,82.66153799502354,77.15311004784687,4.302625690849396,0.6610970880713554,3.729250225770999,76.2735,
2026-08-22 08:00:00,1787385600000,94.46000000,95.01,91.34,93.3,1139977.837,88.41511489404506,83.07873258345398,75.9717314487632,4.1961271841807815,0.4436788651221919,1.1964408349091131,76.2735,
2026-08-22 12:00:00,1787400000000,93.29000000,94.35,92.82,93.07,572311.838,88.85843728508839,83.470546991946,72.21147646679555,4.046521491671967,0.23525853809070174,0.5878268946182288,76.2735,
2026-08-22 16:00:00,1787414400000,93.08000000,94.8,93.07,94.49,457431.326,89.39477659127044,83.90268240402655,72.89308176100624,3.996471202764255,0.14816659934639098,0.4643446960738441,76.2735,
2026-08-22 20:00:00,1787428800000,94.49000000,94.78,92.58,93.82,413014.457,89.81622643972088,84.29159681955491,69.65265082266905,3.858266888631263,0.007969828170719229,0.44933258784826846,94.0175,
2026-08-23 00:00:00,1787443200000,93.83000000,97.21,93.43,93.7,1077881.531,90.18610963593794,84.66055380702335,69.39890710382512,3.696445652331832,-0.12308112650296987,1.1422337242823197,94.0175,
2026-08-23 04:00:00,1787457600000,93.71000000,94.1,91.58,92.49,791554.197,90.4055277658486,84.96759091263027,63.93537218695901,3.4310136791362,-0.31081047975888154,0.8560057491115461,94.0175,
2026-08-23 08:00:00,1787472000000,92.48000000,94.82,92.31,94.63,452735.529,90.8078584548154,85.34650891605654,65.3355518580144,3.354666535702165,-0.3097260985543331,0.49328391079263745,94.0175,
2026-08-23 12:00:00,1787486400000,94.62000000,95.9,93.4,95.36,807624.312,91.24139574483299,85.73919484091707,64.1833810888252,3.3148541978469694,-0.27963074912762353,0.86130766138471,94.0175,
2026-08-23 16:00:00,1787500800000,95.37000000,95.72,94.82,95.07,254390.994,91.60602472151555,86.10510876872425,63.56413166855838,3.2227521759051996,-0.2973862168555148,0.2814320223138003,94.0175,
2026-08-23 20:00:00,1787515200000,95.08000000,96.25,94.76,95.43,398670.243,91.97021284327597,86.4707907777939,62.011834319526585,3.142583900299485,-0.3020435939689836,0.4523796153320935,94.0175,
2026-08-24 00:00:00,1787529600000,95.44000000,95.56,93.47,93.66,620790.883,92.13114495344017,86.75272055121374,57.3932092004381,2.902764494622076,-0.433490399717114,0.703812963161162,94.0175,
2026-08-24 04:00:00,1787544000000,93.66000000,95.45,93.47,94.11,604818.88,92.31960733882683,87.04124131391124,51.222570532915356,2.7176892965030675,-0.4948524782688981,0.6741275085317864,94.0175,
2026-08-24 08:00:00,1787558400000,94.11000000,96.33,93.26,95.84,617441.94,92.65488283036713,87.38629067415003,46.748802190280635,2.6797222404667735,-0.4262556274441538,0.707159567236094,94.0175,
2026-08-24 12:00:00,1787572800000,95.84000000,97.61,94.18,96.45,1249515.486,93.01632256080835,87.74173025555592,57.71916214119474,2.66809879496293,-0.35030325835839804,1.402209294255902,94.0175,
2026-08-24 16:00:00,1787587200000,96.46000000,97.58,94.81,96.54,861925.813,93.3519108883504,88.08676044161255,63.705583756345156,2.6357659097965183,-0.3061089148198479,1.00517010741067,94.0175,
2026-08-24 20:00:00,1787601600000,96.54000000,98.99,95.75,98.97,651301.099,93.88696699422178,88.51355414978461,71.04136947218255,2.774242812759624,-0.13410560948539363,0.7698632205874946,75.207,
2026-08-25 00:00:00,1787616000000,98.98000000,102.77,98.56,101.61,1818155.873,94.62249394715303,89.02714026155776,73.3595800524934,3.061719100690709,0.12269654275655295,1.9969316833845472,94.185,
2026-08-25 04:00:00,1787630400000,101.61000000,103.08,99.54,100.23,835950.282,95.15654214266226,89.46646809443786,70.09404388714734,3.1419729547599076,0.16236031746060098,0.9217985554739271,94.185,
2026-08-25 08:00:00,1787644800000,100.24000000,101.13,98.49,98.6,666853.652,95.48449051002777,89.8246458162246,64.03207331042375,3.039015456326837,0.047522255222024246,0.7550325548361371,94.185,
2026-08-25 12:00:00,1787659200000,98.61000000,98.82,96.21,98.38,812096.492,95.76025331859655,90.16014990186285,67.88099574984817,2.9061682372544624,-0.06825997108028048,1.075308119690579,94.185,
2026-08-25 16:00:00,1787673600000,98.38000000,98.83,97.45,97.94,402077.71,95.96784824063498,90.46524206257412,61.205145565335116,2.733867216758952,-0.19244879326063247,0.5597417875100815,94.185,
2026-08-25 20:00:00,1787688000000,97.95000000,98.05,95.32,96.6,437798.421,96.02805317009832,90.70582080521827,54.03120936280881,2.4608237708806087,-0.3723937913111808,0.615229799361175,94.185,
2026-08-26 00:00:00,1787702400000,96.60000000,97.56,96.17,97.06,314644.958,96.12633382056515,90.95500430305285,56.398713826366574,2.255552424156761,-0.4621321104280227,0.44664566228065794,94.185,
2026-08-26 04:00:00,1787716800000,97.06000000,97.33,96.25,96.95,282231.163,96.20477821860656,91.19010217352135,54.96732026143789,2.0602480650522637,-0.5259491756260162,0.4043872661581505,94.185,
2026-08-26 08:00:00,1787731200000,96.95000000,97.88,95.78,97.03,336125.511,96.28337076921547,91.41911777455974,62.380602498163114,1.8901349852404508,-0.5568498043502634,0.5086374413661864,94.185,
2026-08-26 12:00:00,1787745600000,97.04000000,97.57,94.95,95.94,584364.24,96.25066879119495,91.59640727359661,56.42105263157894,1.6483639399720431,-0.6388966796949371,0.8983644789690963,94.185,
2026-08-26 16:00:00,1787760000000,95.93000000,97.25,95.47,96.8,336136.459,96.30298604917638,91.80046973345557,53.587443946188316,1.5087613952179169,-0.6227993795592508,0.5214282020102677,94.185,
2026-08-26 20:00:00,1787774400000,96.79000000,102.46,96.3,102.07,783420.844,96.85222547306435,92.20319641057496,65.57649667405761,1.8025911804365506,-0.2631756754724939,1.217559159530498,75.283,
2026-08-27 00:00:00,1787788800000,102.08000000,102.14,100.52,101.08,531703.02,97.25487066610584,92.5513063552583,61.98521647307284,1.9332829930102804,-0.10598709031901166,0.8089184405866681,75.283,
2026-08-27 04:00:00,1787803200000,101.09000000,102.29,100.7,101.8,574513.118,97.68774012647671,92.91400022367955,58.21242019733023,2.0710810456761806,0.02544876987751099,0.8625114900984436,75.283,
2026-08-27 08:00:00,1787817600000,101.81000000,105.79,101.73,103.95,1223700.094,98.28414582871703,93.3467845286333,56.98924731182796,2.32695039126142,0.2250544923701998,1.7575868754312165,94.4145,
2026-08-27 12:00:00,1787832000000,103.95000000,108.0,103.93,107.2,1259978.497,99.13327479741065,93.8900478804516,68.72649113379902,2.7601591333437483,0.5266105875620224,1.7283733094081999,75.408,
2026-08-27 16:00:00,1787846400000,107.20000000,109.92,106.69,109.39,993598.86,100.11010576908582,94.49788914004175,78.14293166405844,3.2428137417177254,0.8074121567487995,1.328687851218396,75.462,
2026-08-27 20:00:00,1787860800000,109.39000000,110.6,108.21,109.14,582498.001,100.97009569583955,95.07208956592247,78.02083333333334,3.5640637768629517,0.9029297535152208,0.815305451757218,75.462,
2026-08-28 00:00:00,1787875200000,109.15000000,110.0,105.86,106.85,679372.72,101.53008658195006,95.53396840647453,71.16389548693584,3.592461225744671,0.7450617619175519,0.9632037825992068,75.462,
2026-08-28 04:00:00,1787889600000,106.84000000,107.85,106.26,106.35,372100.067,101.98912595509768,95.95812650818141,74.12172191984166,3.5338841703016186,0.5491877651795996,0.5382099604035908,75.462,
2026-08-28 08:00:00,1787904000000,106.35000000,107.05,104.53,105.84,556423.189,102.355875864136,96.34565095884096,71.66831194471868,3.407034520933962,0.33787049264955415,0.8856302149738167,75.462,
2026-08-28 12:00:00,1787918400000,105.84000000,107.94,103.63,105.24,1418037.377,102.6305543532659,96.69444896045505,69.97590361445782,3.2209610404216136,0.1214376097097647,2.1570923261607122,75.462,
2026-08-28 16:00:00,1787932800000,105.25000000,105.72,102.28,103.41,1166099.094,102.70478727200248,96.95780390318231,64.17777777777778,2.8924879597874735,-0.16562837673950037,1.7089557322808147,75.462,
2026-08-28 20:00:00,1787947200000,103.40000000,104.39,102.82,104.15,270025.994,102.8424265794308,97.23985080893986,68.53273137697518,2.661205768865713,-0.3175284541290089,0.41210087511286897,75.462,
2026-08-29 00:00:00,1787961600000,104.14000000,104.59,103.66,103.87,242729.585,102.9402907147231,97.49985665956967,66.38850254983774,2.4273384595239946,-0.44111661077658226,0.3750022205011246,75.462,
2026-08-29 04:00:00,1787976000000,103.88000000,104.2,103.32,103.74,190715.913,103.0164535037971,97.74456816311596,55.08216676810712,2.2060767389910296,-0.5299026650476377,0.30037742091450254,75.462,
2026-08-29 08:00:00,1787990400000,103.73000000,103.73,103.03,103.5,167180.503,103.06250555105451,97.97027137240553,57.71683673469387,1.9884377643399347,-0.5980333117589862,0.2664028562024599,75.462,
2026-08-29 12:00:00,1788004800000,103.51000000,105.51,103.38,105.03,324607.15,103.2498859747636,98.24712347544846,59.79381443298969,1.9173139207889136,-0.5353257242480063,0.5155223343100459,75.462,
2026-08-29 16:00:00,1788019200000,105.03000000,105.88,104.37,105.35,351632.618,103.44989683430992,98.52566765288185,54.77489768076395,1.8652674459749932,-0.46989775924954147,0.5577558159162304,75.462,
2026-08-29 20:00:00,1788033600000,105.36000000,105.78,104.76,105.61,161626.729,103.65562094532802,98.8034846076708,43.18766066838046,1.823974425012807,-0.40895262416938216,0.2652640815818322,75.462,
2026-08-30 00:00:00,1788048000000,105.61000000,105.71,104.96,105.07,174362.605,103.79032371243963,99.04923030933077,28.443113772455106,1.727759386651968,-0.4041341300241772,0.29001643055755155,75.462,
2026-08-30 04:00:00,1788062400000,105.07000000,105.44,104.68,104.85,114643.704,103.89124526363585,99.27671147367074,28.528528528528554,1.6151378108803556,-0.413404564636632,0.20191662355650908,75.462,
2026-08-30 08:00:00,1788076800000,104.84000000,105.32,104.47,105.12,180811.244,104.00826952424195,99.50586004333071,39.146800501882154,1.5300338662059545,-0.39880680744882646,0.32860859358235944,75.462,
2026-08-30 12:00:00,1788091200000,105.11000000,107.48,105.08,106.29,487166.686,104.22557718859986,99.77190474751383,49.65277777777784,1.5392540364330642,-0.3116693097773735,0.8924664736776844,75.462,
2026-08-30 16:00:00,1788105600000,106.29000000,107.15,105.26,105.82,443810.607,104.37742698016177,100.00908495349368,49.8837209302325,1.49144358249211,-0.28758381097466246,0.8755887730016152,75.462,
2026-08-30 20:00:00,1788120000000,105.82000000,106.03,100.31,101.75,668691.647,104.12719583919399,100.07735613178805,35.54266777133394,1.1123163768974251,-0.5333688132554779,1.4009684474904966,75.462,
2026-08-31 00:00:00,1788134400000,101.75000000,102.62,101.12,101.94,371679.369,103.91889147355647,100.150400989365,42.95302013422822,0.8177601175067508,-0.6623400581169219,0.832968226889167,75.462,
2026-08-31 04:00:00,1788148800000,101.95000000,103.18,100.9,102.98,431439.659,103.82947323797966,100.26136565644872,44.54799627213421,0.6606261807475988,-0.6555791959008592,0.983544887104407,75.462,
2026-08-31 08:00:00,1788163200000,102.99000000,104.17,102.46,103.4,346033.946,103.78857102483873,100.38444935619583,47.83808647654095,0.5634913165545612,-0.6021712480751173,0.8200033670727327,75.462,
2026-08-31 12:00:00,1788177600000,103.40000000,103.93,102.18,102.88,422918.844,103.70204045104457,100.4823140873254,46.18117229129664,0.43948546778160846,-0.5809416774784562,0.9962005695167166,75.462,
2026-08-31 16:00:00,1788192000000,102.88000000,105.0,102.45,103.61,388402.914,103.69327469380222,100.60496843684206,50.46808510638298,0.395555125093054,-0.4998976161336085,0.9333673576345389,75.462,
2026-08-31 20:00:00,1788206400000,103.60000000,104.29,102.88,103.06,201397.327,103.63296281820202,100.70124418441688,40.854224698235875,0.31275437084880764,-0.466158696302284,0.5668393000167994,75.462,
2026-09-01 00:00:00,1788220800000,103.06000000,104.2,102.74,103.66,249231.479,103.63553778789706,100.81727382424367,42.35294117647063,0.2921810805338225,-0.3893855892938154,0.8053873286396726,75.462,
2026-09-01 04:00:00,1788235200000,103.66000000,104.38,102.8,103.15,343077.011,103.58929609381164,100.90875328211648,39.11504424778766,0.232048946178395,-0.3596141789193943,1.0957146933372444,75.462,
2026-09-01 08:00:00,1788249600000,103.15000000,103.22,101.8,102.29,464616.872,103.46555360868672,100.9629198200727,38.037865748709194,0.1136884540631371,-0.3823797368277218,1.4331077007812607,75.462,
2026-09-01 12:00:00,1788264000000,102.28000000,102.59,101.01,102.05,476786.287,103.33073897928799,101.00555041536397,37.972508591065335,0.0005149807071518353,-0.3964425681469657,1.4085023134594328,75.462,
2026-09-01 16:00:00,1788278400000,102.05000000,102.07,98.33,100.08,655444.077,103.02114479078438,100.96925432064381,31.109445277361317,-0.24531056087610636,-0.5138144877841792,1.8060338726167204,75.462,
2026-09-01 20:00:00,1788292800000,100.09000000,100.35,98.94,100.0,303518.615,102.73341671547158,100.93124434728523,24.32653061224491,-0.441495124100868,-0.5679992408071526,0.8387629100355355,75.462,
2026-09-02 00:00:00,1788307200000,100.01000000,100.71,98.52,100.29,375856.525,102.50071036161714,100.9060975101368,27.09196354598184,-0.5670357918798032,-0.5548319268688703,1.0352012372933446,75.462,
2026-09-02 04:00:00,1788321600000,100.30000000,100.43,99.68,99.85,192855.29,102.24826175574884,100.864681921504,38.74407582938389,-0.6940316336794865,-0.5454622149348428,0.5288963146850362,75.462,
2026-09-02 08:00:00,1788336000000,99.85000000,100.02,97.38,98.12,424241.272,101.85509396948706,100.75704733634699,30.861723446893862,-0.9236263059307532,-0.6200455097488876,1.124917023979074,75.462,
2026-09-02 12:00:00,1788350400000,98.11000000,99.8,97.65,99.33,406002.855,101.61460882953591,100.70108469570593,32.01970443349752,-0.9964582992224251,-0.5543020024324475,1.0365171320015782,75.462,
2026-09-02 16:00:00,1788364800000,99.33000000,99.81,98.21,99.43,312416.984,101.40655084577058,100.6512382370508,29.806714140386603,-1.0341875441179127,-0.47362499786234813,0.7844166019313557,75.462,
2026-09-02 20:00:00,1788379200000,99.43000000,100.53,99.21,100.43,224921.249,101.31354600331625,100.6425622277547,38.11833171677988,-0.9721898010119077,-0.32930180380507446,0.5839575207616663,75.462,
2026-09-03 00:00:00,1788393600000,100.44000000,101.34,99.23,100.51,395785.729,101.23701781252423,100.63736370901921,33.954451345755714,-0.9061552182250097,-0.21061377681454108,1.0340151291777482,75.462,
2026-09-03 04:00:00,1788408000000,100.52000000,101.39,99.72,100.41,340798.476,101.15825421133144,100.6284474851361,35.61346362649293,-0.8520693745233245,-0.12522234649028463,0.9301998621130849,75.462,
2026-09-03 08:00:00,1788422400000,100.41000000,101.13,99.93,100.81,271246.777,101.12508714358559,100.63556719160135,34.18423973362937,-0.7680754015430864,-0.03298269880803717,0.7506491495878175,75.462,
2026-09-03 12:00:00,1788436800000,100.80000000,105.66,100.63,105.17,989808.866,101.51031693943457,100.81338808604836,57.853810264385665,-0.34570889391990534,0.3115070470521152,2.542743530533306,75.462,
2026-09-03 16:00:00,1788451200000,105.17000000,105.91,103.85,105.28,490528.352,101.86933437377414,100.98854933757588,62.34516928158541,-0.0020803321761633242,0.5241084870366858,1.2371684033350054,75.462,
2026-09-03 20:00:00,1788465600000,105.29000000,105.72,103.66,103.94,367504.86,102.06654062389089,101.1042925008082,57.153671461014376,0.16027344505526742,0.5491698114144933,0.9334118367770523,75.462,
2026-09-04 00:00:00,1788480000000,103.95000000,104.33,103.24,103.72,319086.903,102.22401294542509,101.20686926548238,65.88132635253052,0.26809736231572856,0.5255949829399635,0.8176342340432482,75.462,
2026-09-04 04:00:00,1788494400000,103.72000000,104.37,103.34,103.6,291105.732,102.35505933157508,101.30071752958112,65.65217391304341,0.339946900199962,0.4779556166593576,0.7374587590310577,75.462,
2026-09-04 08:00:00,1788508800000,103.61000000,104.79,103.21,104.09,412636.205,102.52029177618697,101.41010115587206,66.2393162393162,0.4314535535257846,0.45556981598814417,1.0241349461737859,75.462,
2026-09-04 12:00:00,1788523200000,104.09000000,104.45,100.21,101.46,901447.286,102.41931160702632,101.41205797328884,55.79553635709142,0.2884293810200944,0.25003651478596317,2.0923480775815877,75.462,
2026-09-04 16:00:00,1788537600000,101.45000000,102.09,101.08,101.69,192918.976,102.34985335873809,101.42295766061085,64.40677966101687,0.1914340392447258,0.12243293840847565,0.4623631544893939,75.462,
2026-09-04 20:00:00,1788552000000,101.70000000,101.98,101.47,101.93,129627.401,102.30986732457255,101.44284167392023,61.38353765323991,0.1324042525062623,0.05072252133600973,0.3241595739166935,75.462,
2026-09-05 00:00:00,1788566400000,101.93000000,102.2,101.7,101.89,168409.679,102.26987996032754,101.46037729455081,60.827464788732314,0.08145608053160913,-0.0001805205109147584,0.44845160817508367,75.462,
2026-09-05 04:00:00,1788580800000,101.89000000,102.62,101.6,102.23,193576.043,102.26608186886777,101.49055857711745,58.41121495327097,0.06773365427761746,-0.011122357411925146,0.5231236754749482,75.462,
2026-09-05 08:00:00,1788595200000,102.22000000,102.82,102.11,102.35,181302.715,102.27407407183276,101.52426216232854,58.56610800744869,0.06578322169369244,-0.01045823199668014,0.5031838425341802,75.462,
2026-09-05 12:00:00,1788609600000,102.34000000,103.43,102.29,102.95,408571.746,102.33844796975345,101.58017345008037,61.29893238434161,0.11136868651604459,0.02810178626053761,1.1009839752495505,75.462,
2026-09-05 16:00:00,1788624000000,102.95000000,104.37,102.79,103.41,419130.907,102.44050054406264,101.65193135399878,61.504424778761,0.18250979215730467,0.07939431352143815,1.130216102183571,75.462,
2026-09-05 20:00:00,1788638400000,103.40000000,103.99,102.94,103.18,196784.414,102.51092906367573,101.71185561462627,36.12273361227346,0.21781966361801608,0.09176334798571964,0.546046284723008,75.462,
2026-09-06 00:00:00,1788652800000,103.18000000,107.07,103.17,105.95,491902.664,102.83845962903996,101.87805735522917,53.407934893184134,0.4639704784249261,0.2703313302341037,1.3317891954328167,75.462,
2026-09-06 04:00:00,1788667200000,105.95000000,106.83,104.69,105.23,439377.383,103.0662253786552,102.00950608639666,57.003257328990244,0.5941003706135461,0.320368977938179,1.156020334299366,75.462,
2026-09-06 08:00:00,1788681600000,105.24000000,107.3,105.0,106.47,561695.03,103.39039439021185,102.18442741634189,63.44086021505374,0.7882009941731098,0.4115756811981941,1.44627716136227,75.462,
2026-09-06 12:00:00,1788696000000,106.46000000,107.36,104.93,105.76,626241.306,103.61607111495358,102.32464594903436,59.981515711645145,0.874653608139468,0.39842263613164175,1.5553180932325978,75.462,
2026-09-06 16:00:00,1788710400000,105.75000000,106.59,105.36,105.48,281303.905,103.79358815162468,102.44838532358204,56.550424128180964,0.9100833927781906,0.3470819366162914,0.697768293496734,75.462,
2026-09-06 20:00:00,1788724800000,105.49000000,106.77,104.97,106.55,291730.632,104.05610356575566,102.60923295795138,78.12154696132603,1.0128265756971047,0.35986009562816434,0.7922207755509609,75.462,
2026-09-07 00:00:00,1788739200000,106.55000000,107.06,104.93,104.95,461704.71,104.14123655949322,102.70102774391407,65.64299424184267,0.9541458605971229,0.24094350442254597,1.2587269040692877,75.462,
2026-09-07 04:00:00,1788753600000,104.95000000,105.83,103.8,104.48,469977.727,104.1734997443034,102.7707913617998,61.971830985915524,0.8598046067655503,0.1172818004727787,1.2636304238079437,75.462,
2026-09-07 08:00:00,1788768000000,104.48000000,105.18,104.41,104.92,311000.467,104.2445950067507,102.85507405349392,63.71040723981906,0.8111918910084484,0.05493526777254143,0.8370978319967438,75.462,
2026-09-07 12:00:00,1788782400000,104.93000000,105.93,102.96,103.26,486694.676,104.15082405372682,102.87095350237651,54.1632983023444,0.6314390009878252,-0.09985409779846532,1.2764031321365208,103.3035,
2026-09-07 16:00:00,1788796800000,103.27000000,104.43,103.21,104.35,221729.451,104.16979319146714,102.92895532581272,57.496251874063,0.5703626455473056,-0.12874436259118793,0.5964375523942455,103.3035,
2026-09-07 20:00:00,1788811200000,104.36000000,104.41,103.18,103.8,245214.806,104.13457479227979,102.96311394048675,53.19789315274641,0.47213629703355764,-0.1815765688839488,0.7234654588829738,103.3035,
2026-09-08 00:00:00,1788825600000,103.81000000,104.53,102.74,103.36,347207.03,104.06080576444363,102.97867809968335,49.81160512434063,0.35469814595261084,-0.23921177597191656,1.001580501839746,103.3035,
2026-09-08 04:00:00,1788840000000,103.36000000,103.51,102.44,102.95,360113.577,103.95501473925852,102.97755346832322,49.14498141263939,0.2259395017045307,-0.29437633617599746,1.0053886734173934,103.3035,
2026-09-08 08:00:00,1788854400000,102.95000000,104.09,102.49,102.87,299435.945,103.85168000218628,102.97333568525173,35.68773234200738,0.11610364650496763,-0.3233697531004484,0.8209690453117161,103.3035,
2026-09-08 12:00:00,1788868800000,102.88000000,104.39,101.72,104.31,421421.641,103.89532952578759,103.02575389367323,45.99303135888499,0.14359859019188548,-0.23669984753082446,1.1204236866603383,103.3035,
2026-09-08 16:00:00,1788883200000,104.30000000,104.83,102.89,103.24,353700.416,103.83291718999828,103.03415570176448,35.720601237842544,0.07814763621222198,-0.24172064120839037,0.919306682125341,103.3035,
2026-09-08 20:00:00,1788897600000,103.24000000,103.8,102.82,103.37,174506.371,103.78882983856988,103.04732606640115,38.86300093196642,0.03634819778127962,-0.22681606371146618,0.46779075221735267,103.3035,
2026-09-09 00:00:00,1788912000000,103.37000000,104.02,102.92,103.3,224724.882,103.74227461584894,103.05723484811091,39.63878326996193,-0.002398920052428366,-0.21245054523613935,0.6185258420066654,103.3035,
2026-09-09 04:00:00,1788926400000,103.31000000,105.2,103.3,104.58,329647.277,103.82205798576808,103.11695112857714,40.82013047530289,0.0693792516738796,-0.11253789880786513,0.8910192723754723,103.3035,
2026-09-09 08:00:00,1788940800000,104.58000000,105.05,103.3,104.25,311787.158,103.86281436807589,103.16138441765256,46.30021141649047,0.09850027793609684,-0.06673349803651832,0.8637703250145478,103.3035,
2026-09-09 12:00:00,1788955200000,104.25000000,104.83,102.07,103.08,564169.718,103.78826061873532,103.15819287186227,43.110236220472416,0.02686005317931972,-0.11069897823463637,1.5364085004973902,103.3035,
2026-09-09 16:00:00,1788969600000,103.08000000,103.83,102.16,102.35,266830.069,103.651283416951,103.12649903375002,37.703349282296614,-0.08780804374612217,-0.1802936601280626,0.7570568955293322,103.3035,
2026-09-09 20:00:00,1788984000000,102.34000000,102.68,100.33,101.57,455280.582,103.45306594866996,103.06545985595591,41.17032392894456,-0.23886928157951104,-0.2650839183691612,1.3238400657159788,103.3035,
2026-09-10 00:00:00,1788998400000,101.57000000,102.07,100.5,101.83,293067.2,103.29848823927281,103.01701044984,35.583524027460015,-0.3337592054480609,-0.28797907379016885,0.8507099208661458,103.3035,
2026-09-10 04:00:00,1789012800000,101.83000000,102.19,100.83,101.31,226036.317,103.10910840696111,102.95006886357176,35.706084959816366,-0.4457811206675899,-0.32000079120775826,0.662450280507161,103.3035,
2026-09-10 08:00:00,1789027200000,101.30000000,101.54,100.81,101.01,316489.448,102.90919332058387,102.87398773166699,36.28938156359399,-0.5523990756610431,-0.34129499696096915,0.9477101391661898,103.3035,
2026-09-10 12:00:00,1789041600000,101.00000000,101.49,98.5,99.74,727520.16,102.60736538529017,102.75108625199377,32.97985153764584,-0.7309470566312939,-0.415874382344976,2.097634438333464,103.3035,
2026-09-10 16:00:00,1789056000000,99.74000000,100.46,98.84,99.69,288044.965,102.32952106288157,102.63104365387636,33.08510638297875,-0.8664937989113355,-0.441136899700014,0.8332679396047874,103.3035,
2026-09-10 20:00:00,1789070400000,99.69000000,100.15,98.6,98.67,166750.743,101.98099524736904,102.47570860862632,18.596881959911016,-1.0441843371773274,-0.49506195037280465,0.5057897858240434,103.3035,
2026-09-11 00:00:00,1789084800000,98.67000000,99.53,98.6,99.31,271970.42,101.7266147476196,102.35156317299392,27.017543859649237,-1.120446903201369,-0.457059613117477,0.8187048374827914,103.3035,
2026-09-11 04:00:00,1789099200000,99.32000000,100.13,99.24,99.75,231183.161,101.5383657240368,102.24954108777847,29.571106094808144,-1.1323284360896935,-0.37515291680464113,0.6973969788939453,103.3035,
2026-09-11 08:00:00,1789113600000,99.75000000,100.29,98.6,99.49,271522.12,101.34328327412852,102.14132379021854,28.95027624309394,-1.149474042357312,-0.3138388184578077,0.828543621198673,103.3035,
2026-09-11 12:00:00,1789128000000,99.49000000,105.8,98.0,101.61,1589189.443,101.36868486706867,102.12048756315114,34.98483316481297,-0.9806909812580784,-0.11604460588685928,4.083599315479985,103.3035,
2026-09-11 16:00:00,1789142400000,101.60000000,102.48,100.38,102.02,506361.364,101.4307148797288,102.11654687440011,38.81644934804413,-0.8045710219209781,0.04806028276019281,1.2674554955997674,101.5645,
2026-09-11 20:00:00,1789156800000,102.02000000,103.1,101.54,102.46,378168.619,101.52874203404033,102.13001562442363,46.64502164502162,-0.622316683159184,0.1842516972175896,0.9517326732771381,103.3035,
2026-09-12 00:00:00,1789171200000,102.45000000,102.59,101.44,101.64,218995.875,101.5393380307984,102.11079932542663,46.19506966773851,-0.5378459997058087,0.214977904536772,0.5606476755276202,101.5645,
2026-09-12 04:00:00,1789185600000,101.65000000,101.94,101.41,101.66,161134.895,101.55082964691285,102.09312092050794,50.52508751458579,-0.4639405240690593,0.23110670413881718,0.4132260282827973,101.5645,
2026-09-12 08:00:00,1789200000000,101.66000000,102.26,101.56,102.13,185494.785,101.60598872815925,102.09456715891939,51.70842824601365,-0.3632574246491771,0.26543184284695953,0.4781012566408587,101.5645,
2026-09-12 12:00:00,1789214400000,102.14000000,102.42,101.77,102.06,227518.014,101.64922789690598,102.0932115840598,54.501800720288124,-0.28581901428147205,0.2742962025717317,0.5942345848128098,101.5645,
2026-09-12 16:00:00,1789228800000,102.06000000,102.16,101.23,101.27,157728.263,101.61311095434351,102.06092877684178,51.47392290249428,-0.2849106413235063,0.220163660423758,0.4204149650925108,101.5645,
2026-09-12 20:00:00,1789243200000,101.28000000,101.9,101.25,101.76,147780.062,101.62710038726318,102.04912764833817,62.562189054726446,-0.24186378910488315,0.21056841011390492,0.4170415556161061,101.5645,
2026-09-13 00:00:00,1789257600000,101.77000000,102.34,101.55,101.63,192757.024,101.62737654085717,102.03269126997198,61.94581280788175,-0.21575171071019383,0.18934439080687543,0.5497139705018348,101.5645,
2026-09-13 04:00:00,1789272000000,101.63000000,101.93,100.67,100.72,174766.093,101.5409597274422,101.98121318095347,62.796504369538056,-0.2654274132703591,0.1117349505973681,0.519173082464278,101.5645,
2026-09-13 08:00:00,1789286400000,100.72000000,100.87,99.42,99.83,288401.116,101.37801118197152,101.89685187973963,53.14769975786922,-0.3723194604240945,0.0038743227549062342,0.857339883983013,101.5645,
2026-09-13 12:00:00,1789300800000,99.83000000,100.89,99.43,100.26,205789.585,101.27153392654566,101.83266160994593,53.090909090909115,-0.41752183969926193,-0.033062445216208936,0.6136043394714754,101.5645,
2026-09-13 16:00:00,1789315200000,100.26000000,101.33,100.25,100.97,191698.295,101.24281640973177,101.79883174288922,58.5057471264368,-0.39154054893535317,-0.005664923561840118,0.5824239623616412,101.5645,
2026-09-13 20:00:00,1789329600000,100.97000000,101.62,99.19,99.3,328590.291,101.0577862754716,101.70083834120729,35.999999999999986,-0.4999422094601016,-0.0912532672692708,1.062737775389887,101.5645,
2026-09-14 00:00:00,1789344000000,99.31000000,101.34,99.0,100.98,291019.681,101.05037805876002,101.67257017096387,44.53781512605047,-0.4451578442363626,-0.02917512163642544,0.940773088930458,101.5645,
2026-09-14 04:00:00,1789358400000,100.99000000,102.0,100.88,101.61,238297.487,101.10367538649716,101.67011643876921,45.623069001029904,-0.3469061866481269,0.05526122876144823,0.7615325291635564,101.5645,
2026-09-14 08:00:00,1789372800000,101.61000000,102.34,101.24,101.38,330009.724,101.12999201635456,101.65873932352336,48.57456140350874,-0.2843226237325638,0.0942758333416091,1.044928807240647,101.5645,
2026-09-14 12:00:00,1789387200000,101.38000000,102.28,100.67,101.97,446756.051,101.20999277670175,101.67094562456167,51.59958720330238,-0.18498424681885695,0.1548913682042528,1.3679041698333059,101.5645,
2026-09-14 16:00:00,1789401600000,101.96000000,103.85,101.86,103.25,464992.739,101.40427917892063,101.73286932555925,55.33333333333335,-0.0029386894440932565,0.2695495404632132,1.38278562793191,101.5645,
2026-09-14 20:00:00,1789416000000,103.26000000,104.82,102.43,102.53,431602.814,101.51149068569009,101.7641293520079,52.107623318385635,0.08228718815088598,0.28382033444655397,1.5503356720028592,101.5645,
2026-09-15 00:00:00,1789430400000,102.54000000,102.86,101.19,101.55,256317.012,101.5151582394339,101.7557321225174,51.23456790123458,0.06994521546147325,0.217182689405713,0.9639930945931083,101.5645,
2026-09-15 04:00:00,1789444800000,101.55000000,101.72,100.35,100.44,320631.858,101.41276221663068,101.70413478437946,44.48160535117055,-0.029068526280497053,0.09453515813099415,1.2190672609579867,101.5645,
2026-09-15 08:00:00,1789459200000,100.44000000,101.11,100.08,100.86,311157.2,101.36011819599919,101.67103145950183,46.857142857142875,-0.07280785640564602,0.040636662404676144,1.1626735703284292,101.5645,
2026-09-15 12:00:00,1789473600000,100.86000000,101.39,98.02,99.36,684635.059,101.16963074876118,101.58040277481548,44.70404984423677,-0.22590496284094286,-0.08996835522449653,2.33029844289918,101.5645,
2026-09-15 16:00:00,1789488000000,99.37000000,100.71,95.82,97.9,842099.316,100.85823734411727,101.43607325423449,42.803877703206595,-0.45974565918950816,-0.25904724125844947,2.5781650796442923,101.5645,
2026-09-15 20:00:00,1789502400000,97.90000000,98.09,96.31,96.88,408665.857,100.47935759705848,101.25740371485274,37.9285714285714,-0.7190824365658557,-0.4147072149078376,1.2174095633515016,101.5645,
2026-09-16 00:00:00,1789516800000,96.88000000,97.6,96.38,97.25,308760.739,100.17179973067196,101.10025062799578,36.38360175695464,-0.8845561802474293,-0.46414476687152895,0.8995570949499133,101.5645,
2026-09-16 04:00:00,1789531200000,97.26000000,97.73,96.87,96.98,265163.918,99.8678188039413,100.93867217199595,40.538336052202325,-1.0256589004509493,-0.48419798966003913,0.7595521909555246,101.5645,
2026-09-16 08:00:00,1789545600000,96.97000000,98.32,96.41,98.02,312145.763,99.6918360607088,100.82421443976081,37.26333907056796,-1.0415580812320684,-0.40007773635292654,0.879098040456153,101.5645,
2026-09-16 12:00:00,1789560000000,98.02000000,98.12,96.65,97.1,390487.478,99.44499453111749,100.67816681467215,31.066330814441656,-1.1155354099781505,-0.37924405207920686,1.067310733246071,101.5645,
2026-09-16 16:00:00,1789574400000,97.11000000,98.94,96.09,98.08,761166.866,99.31499505196345,100.57627791997913,36.966824644549796,-1.0826055631555391,-0.2770513642052763,1.9542183944027016,101.5645,
2026-09-16 20:00:00,1789588800000,98.08000000,98.9,97.38,98.66,304548.63,99.25261457082408,100.50112976625446,36.91699604743083,-0.9982006340135428,-0.15411714805062382,0.772109027125373,101.5645,
2026-09-17 00:00:00,1789603200000,98.66000000,100.04,98.47,99.95,307210.37,99.31903223074559,100.47951683424449,36.966824644549796,-0.8177899273180884,0.021034846915864436,0.7676172788561365,101.5645,
2026-09-17 04:00:00,1789617600000,99.96000000,100.36,99.11,100.03,285458.564,99.38674344686507,100.46188872309766,39.600665557404334,-0.6607411978294238,0.14246686112362328,0.7171310280116736,101.5645,
2026-09-17 08:00:00,1789632000000,100.03000000,100.89,99.53,100.13,314006.604,99.45752978525887,100.44887347905461,43.62657091561938,-0.5221902992519176,0.22481420776090366,0.7865784533459387,101.5645,
2026-09-17 12:00:00,1789646400000,100.13000000,101.8,99.66,101.29,580804.54,99.63205075809135,100.48185883281718,53.79803395889191,-0.31515252630086366,0.3454815845695661,1.395054567477544,101.5645,
2026-09-17 16:00:00,1789660800000,101.28000000,102.05,100.69,100.96,352620.037,99.7585221144636,100.50060946682434,50.450450450450425,-0.17567674947252954,0.3879658891183203,0.8446766402150322,101.5645,
2026-09-17 20:00:00,1789675200000,100.97000000,101.76,100.77,101.64,299051.991,99.9377104845147,100.5452914485175,61.08949416342409,-0.01015382746203386,0.4427910489030528,0.7292592661236085,101.5645,
2026-09-18 00:00:00,1789689600000,101.63000000,102.03,100.9,102.01,150903.394,100.13507139075139,100.60273099955603,72.36126224156682,0.14916075619245817,0.4816845060460359,0.38264235816162057,101.5645,
